age,p1_wealth,p2_wealth,p3_wealth,p4_wealth,p5_wealth,p6_wealth,p7_wealth,p8_wealth,p9_wealth,p10_wealth,p11_wealth,p12_wealth,p13_wealth,p14_wealth,p15_wealth,p16_wealth,p17_wealth,p18_wealth,p19_wealth,p20_wealth,p21_wealth,p22_wealth,p23_wealth,p24_wealth,p25_wealth,p26_wealth,p27_wealth,p28_wealth,p29_wealth,p30_wealth,p31_wealth,p32_wealth,p33_wealth,p34_wealth,p35_wealth,p36_wealth,p37_wealth,p38_wealth,p39_wealth,p40_wealth,p41_wealth,p42_wealth,p43_wealth,p44_wealth,p45_wealth,p46_wealth,p47_wealth,p48_wealth,p49_wealth,p50_wealth,p51_wealth,p52_wealth,p53_wealth,p54_wealth,p55_wealth,p56_wealth,p57_wealth,p58_wealth,p59_wealth,p60_wealth,p61_wealth,p62_wealth,p63_wealth,p64_wealth,p65_wealth,p66_wealth,p67_wealth,p68_wealth,p69_wealth,p70_wealth,p71_wealth,p72_wealth,p73_wealth,p74_wealth,p75_wealth,p76_wealth,p77_wealth,p78_wealth,p79_wealth,p80_wealth,p81_wealth,p82_wealth,p83_wealth,p84_wealth,p85_wealth,p86_wealth,p87_wealth,p88_wealth,p89_wealth,p90_wealth,p91_wealth,p92_wealth,p93_wealth,p94_wealth,p95_wealth,p96_wealth,p97_wealth,p98_wealth,p99_wealth,num_obs
18.00000,0.00000,0.00000,0.00000,0.00000,0.00000,0.00000,0.00000,0.00000,0.00000,0.00000,0.00000,0.00000,0.00000,0.00000,0.00000,800.00000,800.00000,800.00000,800.00000,800.00000,800.00000,800.00000,800.00000,800.00000,800.00000,1200.00000,1200.00000,1200.00000,1200.00000,1200.00000,1200.00000,1200.00000,1200.00000,1200.00000,6751.68329,6751.68329,6751.68329,6751.68329,6751.68329,6751.68329,6966.02244,6966.02244,6966.02244,7132.13529,7132.13529,7132.13529,7132.13529,7132.13529,7132.13529,7132.13529,7132.13529,7132.13529,7137.49377,7137.49377,7287.53117,7287.53117,7287.53117,7823.37905,7823.37905,7823.37905,10716.95761,10716.95761,10716.95761,10716.95761,10716.95761,10716.95761,10716.95761,10716.95761,10716.95761,10824.12718,10824.12718,10824.12718,17347.19138,17347.19138,17347.19138,19612.03242,19612.03242,20683.72818,20683.72818,20683.72818,20683.72818,20683.72818,20683.72818,20683.72818,20683.72818,20683.72818,24039.05291,24039.05291,24039.05291,27777.96212,27777.96212,27777.96212,27777.96212,29709.17048,29709.17048,29709.17048,37759.61463,37759.61463,37759.61463,40.00000
19.00000,-24799.00000,-21799.00000,-20799.00000,-8144.88778,-8144.88778,-6687.38155,-6590.92893,-3010.00000,-3010.00000,-2925.72943,-2100.00000,-2100.00000,-2100.00000,-2100.00000,-535.84788,-535.84788,-535.84788,-11.22796,0.00000,89.82364,213.33116,404.20640,428.67830,428.67830,428.67830,1414.63840,1425.35536,1553.95885,1553.95885,1553.95885,1768.29800,1768.29800,2271.99501,2271.99501,2271.99501,2850.00000,3054.33292,3161.50249,3161.50249,3600.00000,4350.00000,4410.00000,4435.04246,4440.00000,4450.00000,4491.18223,4491.18223,4491.18223,4491.18223,4491.18223,4491.18223,4547.32201,4547.32201,4810.00000,4810.00000,4810.00000,6287.65513,6287.65513,6287.65513,6287.65513,8432.19464,8432.19464,8432.19464,8432.19464,8443.42260,9030.00000,9566.21816,9645.26185,9645.26185,9645.26185,10000.00000,10000.00000,10000.00000,10001.00000,10110.00000,10800.00000,11001.00000,13140.00000,14140.00000,14150.00000,14775.98955,15258.79164,16055.97649,16055.97649,16055.97649,16055.97649,16055.97649,19491.73089,19940.84912,20469.38903,21541.08479,23309.23579,43400.00000,44400.00000,44400.00000,44400.00000,46400.00000,56585.53616,56585.53616,150.00000
20.00000,-60497.22569,-40000.00000,-23500.00000,-23500.00000,-20900.00000,-14933.18093,-14820.90137,-10213.26060,-8400.00000,-6320.00000,-4822.63092,-4265.34913,-4265.34913,-3480.66623,-3000.00000,-2797.12594,-2797.12594,-2580.00000,-2570.00000,-2270.00000,-514.41397,-100.00000,-100.00000,0.00000,0.00000,0.00000,0.00000,0.00000,0.00000,0.00000,0.00000,0.00000,0.00000,88.70085,112.27956,112.27956,112.27956,321.50873,353.65960,857.35661,1073.83915,1300.00000,1400.00000,1583.14174,1661.73743,1714.71322,1900.00000,1900.00000,2239.84414,3065.04988,3200.00000,3311.53990,3400.00000,3500.00000,5755.00623,6287.65513,6287.65513,6399.93468,6399.93468,6810.00000,8020.00000,8180.00000,8982.36447,8982.36447,9094.64402,10260.00000,10360.00000,10600.00000,10600.00000,11183.04376,11295.32332,11362.69105,12860.34913,14500.00000,15500.00000,15700.00000,15753.92768,17291.05160,17291.05160,19000.00000,19508.00000,19513.00000,20210.32005,20434.87916,20800.00000,25827.86783,25827.86783,27017.45012,27017.45012,34200.00000,35151.62095,36544.82544,51603.68387,51772.10320,52614.19987,76013.25931,127328.17332,566640.00000,2263871.55860,345.00000
21.00000,-69590.86871,-43725.18703,-36010.00000,-22452.02618,-19472.71197,-14340.00000,-10663.37282,-9591.67706,-9364.11496,-9100.00000,-9050.00000,-8734.32045,-7668.69366,-7578.87002,-7556.41411,-7126.77681,-6001.49626,-5025.18142,-3236.52120,-3215.08728,-3000.00000,-2432.74938,-2245.59112,-2245.59112,-2200.00000,-2100.00000,-1300.00000,-1122.79556,-1000.00000,-499.00000,-321.50873,0.00000,0.00000,0.00000,1.07170,145.96342,200.00000,500.00000,535.84788,898.23645,898.23645,1000.00000,1232.45012,1350.00000,1714.71322,1796.47289,1890.00000,2144.46322,2460.00000,2900.00000,3215.08728,3665.19950,3911.68953,4051.00998,4300.00000,4378.90268,4603.46179,4715.74135,5230.00000,5480.00000,5519.23317,5613.97779,6186.60353,6420.00000,6590.92893,6880.00000,7887.68080,8700.00000,9501.00000,9768.32136,10073.94015,10234.69451,10778.83736,11627.89900,12699.59476,13117.55611,14890.00000,15120.00000,17940.00000,20771.71783,27081.82887,27429.89549,30650.49875,31500.00000,31950.00000,32950.00000,33234.74853,35368.06009,38045.19950,39000.00000,41229.05291,42351.84847,50750.35924,59171.32593,61086.65835,91360.00000,122548.41022,222860.00000,509109.07107,530.00000
22.00000,-106115.40823,-103454.38276,-41000.00000,-28828.61596,-28003.41022,-27185.00000,-24819.40212,-20210.32005,-19399.00000,-19087.52449,-18540.33666,-17291.05160,-16168.25604,-13878.46010,-12431.67082,-11587.25016,-11300.00000,-9740.00000,-9200.00000,-9109.41397,-8900.00000,-8600.00000,-7837.11300,-6858.85287,-6161.17893,-5164.85957,-4801.19701,-4500.00000,-4345.21881,-3985.92423,-2919.26845,-2860.00000,-1729.10516,-1425.35536,-898.23645,-892.62247,-800.00000,-700.00000,-165.00000,0.00000,0.00000,1.00000,11.22796,107.16958,336.83867,336.83867,449.11822,449.11822,650.00000,857.35661,1010.51600,1286.03491,1714.71322,2000.00000,2245.59112,2620.00000,2851.90072,3149.44154,3350.00000,4501.12219,4726.96930,5144.13965,5154.85661,5800.00000,6226.55237,6850.00000,8048.43516,8308.68713,8420.96669,9580.00000,10397.08687,10722.31608,11365.33354,12519.17048,13096.12219,13922.66492,14467.89277,14930.00000,15494.57871,15606.85826,16500.00000,16617.37427,18860.00000,19290.52369,26256.54613,27407.43958,28300.00000,30000.00000,30315.48008,31947.25062,36609.12718,38002.33167,42700.00000,54511.72436,69392.30050,75600.00000,83985.10777,184331.67082,225056.10973,600.00000
23.00000,-62179.78803,-60786.58354,-54900.00000,-48226.30923,-40735.02286,-37254.35663,-26100.00000,-26003.94513,-25100.00000,-21282.80611,-18550.00000,-16040.00000,-14400.00000,-13930.97319,-10341.86409,-9992.88047,-9966.77057,-8308.68713,-6826.59700,-5304.89401,-4179.61347,-2400.00000,-2245.59112,-1821.88279,-880.00000,-700.00000,-214.33915,-107.16958,0.00000,0.00000,0.00000,0.00000,107.16958,200.00000,450.00000,785.95689,1010.51600,1896.90150,2679.23940,2806.98890,3032.67080,3369.50947,3369.50947,3643.76559,4042.06401,4115.31172,4154.34357,4400.00000,4491.18223,4550.00000,5063.80797,5350.12084,5550.00000,5600.00000,6215.83541,6650.00000,6900.00000,7310.00000,7501.87032,8500.00000,9323.75312,9900.00000,10100.00000,10650.00000,10984.88155,11167.06983,11788.65337,11957.77270,12002.99252,12050.00000,12777.41346,12912.14892,13000.00000,13507.23057,14140.00000,14510.00000,15920.00000,16101.00000,16718.45387,17382.90524,20180.00000,23466.42717,24134.58853,26834.81385,27800.41803,31310.00000,32000.00000,35687.46883,39650.00000,40081.42145,41796.13466,47300.00000,57038.01437,58273.08948,77520.00000,100050.00000,153824.11430,193700.00000,388350.00000,715.00000
24.00000,-42200.00000,-38750.00000,-28462.86741,-28350.58785,-28050.00000,-25250.00000,-24990.00000,-18974.12214,-18500.00000,-16830.70542,-15132.34414,-13150.00000,-11665.84585,-10200.00000,-8645.52580,-8280.00000,-7859.56891,-6624.49379,-6175.37557,-5150.00000,-3022.18204,-1480.00000,-964.52618,-641.94576,-107.16958,0.00000,0.00000,108.24127,505.25800,696.13325,700.00000,1100.00000,1200.00000,1300.00000,1571.91378,1919.98040,2279.27498,2582.42978,2936.44638,3705.22534,4000.00000,4468.97132,4800.00000,5036.97007,5358.47880,5520.00000,5600.00000,6162.25062,6399.93468,7073.61202,7544.73815,8000.00000,8140.26780,8200.00000,8400.00000,8533.24624,8800.00000,9000.00000,9320.00000,9602.39401,10609.78803,11170.00000,11710.75767,12260.00000,12680.00000,13460.49875,14280.00000,14467.89277,14700.00000,15100.00000,15882.53117,16600.00000,17093.54738,18701.09102,20008.55985,23845.23067,24027.82495,25200.00000,25521.14304,26161.13651,28620.00000,32793.89027,34294.26434,39063.31047,40980.00000,45214.84414,51655.73566,56027.49837,57871.57107,61350.00000,62158.35411,63873.06733,69613.32462,70623.84063,76980.00000,86455.25800,93451.87032,102015.00000,105712.06983,740.00000
25.00000,-134712.15711,-116624.77466,-96178.66754,-86000.00000,-67600.00000,-32847.47506,-31213.71653,-25250.00000,-22900.00000,-22697.31221,-19772.78678,-18301.56760,-17468.64090,-16224.39582,-12228.04863,-10700.00000,-8465.87851,-6070.00000,-6063.09602,-5580.00000,-4820.00000,-3600.00000,-2604.22070,-1993.35411,-1560.00000,-1392.13279,-797.18485,0.00000,0.00000,0.00000,0.00000,50.00000,56.13978,500.00000,673.67734,820.00000,1100.33965,1908.75245,1930.12406,2030.00000,2357.87067,2503.83410,2863.12867,3514.35010,3760.00000,4042.06401,4340.36783,4592.23383,4800.00000,5208.44140,5572.81796,6250.00000,6290.00000,6399.93468,7341.11596,7600.00000,8001.00000,8263.77531,8700.00000,9431.48269,10138.84389,11070.00000,11640.00000,12519.17048,12687.58981,13147.93599,14350.00623,16055.97649,16700.00000,17147.13217,18025.92269,18754.67581,20000.00000,21960.00000,24027.82495,24420.80340,25600.00000,27499.71322,29670.00000,33212.29262,35044.45137,37500.00000,39500.00000,43744.11496,45922.16334,48700.00000,52405.92269,60207.86783,63600.00000,71409.79752,74500.00000,76197.56858,92417.30242,124518.02743,150802.67146,181159.45137,294172.43632,330750.00000,495040.56172,955.00000
26.00000,-116545.05617,-50000.00000,-45171.97631,-33651.24688,-32295.00000,-28406.72763,-26999.00000,-23533.79491,-21500.00000,-19320.00000,-17800.00000,-17334.84063,-14521.47756,-11380.00000,-9560.00000,-6644.51372,-4286.78304,-3268.67207,-2900.00000,-1700.00000,-1167.70738,-410.00000,0.00000,0.00000,428.67830,500.00000,900.00000,1212.61920,2300.00000,3031.54801,3322.25686,3705.22534,4042.06401,4286.78304,5445.55846,6000.00000,6108.66584,6209.05944,6457.19726,6602.03788,6714.31744,7030.00000,7500.00000,7578.87002,8561.77743,9430.92269,10120.00000,10408.31483,10700.00000,12485.25561,13800.00000,14885.85411,15410.98504,15700.00000,15890.00000,16289.77556,17627.89027,23577.30673,27060.31796,29630.00000,32852.99804,37000.00000,39634.68321,40349.34539,41094.31744,42000.00000,43789.02678,44800.00000,49000.00000,51873.15480,55621.00998,61622.50623,64050.00000,65683.54017,67570.41771,70960.67929,81556.04738,89110.00000,92518.35402,95493.76225,101982.56858,106216.45983,111950.00000,127580.00000,136868.77858,139856.29676,149662.31297,153486.15284,161200.00000,175000.00000,214296.76029,231057.60599,235600.00000,282147.29589,294958.39321,322130.04572,351884.12802,473000.00000,789010.00000,935.00000
27.00000,-69380.00000,-57250.00000,-52209.99347,-40503.66958,-35143.50098,-31357.81796,-20640.00000,-14360.72319,-10781.25935,-10072.86845,-7971.84847,-7747.28935,-6849.05291,-6000.00000,-3858.10474,-3097.20075,-2679.23940,-2470.15023,-1290.00000,-392.97845,0.00000,0.00000,0.00000,10.71696,75.01870,1000.00000,1200.00000,1852.61267,2000.00000,2486.33416,3343.69077,3592.94579,4090.00000,4468.72632,4608.29177,5358.47880,5793.62508,6108.66584,6287.65513,6384.21555,7129.75180,7432.90660,7769.79426,8487.83042,8800.00000,9240.00000,9543.76225,9830.00000,10100.00000,11000.00000,12272.15545,13096.12219,13289.02743,14400.00000,15003.74065,15991.00000,16707.19791,17829.99347,18500.00000,18800.00000,21500.00000,23040.00000,24263.19202,25431.34040,26578.05486,28292.76808,30436.15960,33919.17082,35800.00000,42700.00000,45011.22195,48654.98753,51591.43392,54699.35162,57978.74065,61770.00000,69124.37656,77000.00000,79100.00000,81776.81671,86000.00000,87521.91378,89823.64468,96111.29980,96452.61845,120082.98498,121530.29925,139675.76747,141921.35859,145750.62344,168200.00000,182100.00000,195600.00000,229664.40150,252491.52120,289679.36409,298046.08099,383500.00000,432429.23940,1055.00000
28.00000,-119850.00000,-98300.00000,-55556.70823,-47820.00000,-37799.00000,-25000.00000,-21400.00000,-19719.20200,-16886.84520,-16055.97649,-14896.57107,-12560.27431,-11200.00000,-9767.19856,-7840.00000,-6912.43766,-5900.00000,-4286.78304,-1347.35467,-1178.86534,-561.39778,-140.00000,0.00000,0.00000,0.00000,0.00000,330.00000,857.35661,1286.03491,1908.75245,2540.00000,3500.00000,4165.57152,4603.46179,4650.00000,5144.13965,5572.81796,6100.00000,6290.85411,7185.89157,7533.95820,7800.00000,7983.07642,8533.24624,8690.00000,9570.24314,10020.35536,11231.37157,12300.00000,13855.29719,14682.23192,15539.58853,16448.95493,17672.80209,18081.00000,18700.00000,20131.72436,23466.42717,24589.22273,25910.00000,26600.00000,28640.00000,28855.84585,31304.23317,31887.39386,33447.62469,34615.77307,37389.09210,38399.60810,40827.32170,42104.83344,48676.42145,50787.66209,56692.70574,65116.23441,66626.68844,72232.29426,77248.33442,80612.95511,83452.94888,85435.58603,87128.86534,88550.00000,95410.00000,98270.00000,106441.01894,123300.00000,143928.74065,148209.01372,150300.00000,157271.35287,196770.00000,202529.86283,214500.00000,274321.41084,283463.52868,303825.74813,440252.61845,937702.71065,1095.00000
29.00000,-95200.00000,-78769.63840,-61529.19660,-56542.66833,-44806.52805,-38473.87781,-33600.00000,-30700.00000,-25999.00000,-20255.04988,-17066.49249,-14671.51496,-11650.00000,-10750.00000,-8980.81047,-8047.36347,-5100.00000,-3550.00000,-3480.66623,-2500.00000,-2190.00000,-898.23645,-224.55911,0.00000,0.00000,33.68387,350.00000,1071.69576,1301.00000,2143.39152,2357.73067,3011.46509,3368.38668,3858.10474,4715.46135,4940.30046,5465.64838,5787.15711,6076.51496,6119.23579,6430.00000,7298.17113,7430.00000,7635.00980,8200.00000,9002.24439,9913.18579,10395.44888,10902.34487,11340.23514,12923.37688,13889.17706,17403.33116,20098.04050,21905.74135,22366.08752,23300.00000,27050.00000,29210.00000,31360.00000,32594.75506,34200.00000,36600.00000,38500.00000,40756.58978,42441.67211,46200.00000,51446.49249,54030.00000,55771.04738,63662.50816,65458.98106,67704.57218,78707.96865,81941.85786,87400.00000,91395.55846,98356.89092,98700.00000,106216.45983,112970.00000,123058.39321,140070.63591,147518.92145,158450.21820,166622.86088,199633.05029,207829.45787,239900.00000,263600.00000,285077.79229,351771.84847,360080.53560,389160.94056,407237.94905,421385.17309,561800.00000,594400.00000,688385.95689,1035.00000
30.00000,-52995.35536,-51045.00000,-50076.68191,-34503.50751,-24989.00000,-15500.00000,-13065.00000,-10554.27825,-8522.01829,-6961.33246,-5400.00000,-4940.30046,-4230.00000,-2806.77120,-964.52618,-309.00000,0.00000,0.00000,140.00000,392.97845,680.00000,1470.86218,1717.87720,2245.59112,2464.90025,3300.00000,3322.25686,3700.00000,4300.00000,4800.00000,5391.00000,5838.53690,6430.00000,7073.19202,7662.62469,8500.00000,9913.18579,10341.86409,10980.94056,11230.00000,11885.10599,12474.53865,13248.98759,14457.17581,15045.46048,16075.43641,18032.09667,18256.65578,18970.00000,19312.08361,19900.00000,20140.00000,20800.00000,22250.00000,24520.39900,26074.35786,27171.65251,28900.00000,30450.21555,31500.00000,34100.00000,36544.82544,39000.00000,41399.60723,44911.82234,46200.00000,50541.17207,54763.65337,57082.92619,59328.51731,64301.74564,65960.00000,69338.71571,71730.00000,74957.83148,76304.73815,81160.00000,86000.00000,88400.00000,90451.12219,94107.10973,99255.12737,106633.72818,111718.15807,119386.90773,125174.06484,128200.00000,149400.00000,153261.59373,176278.90268,178524.49379,191500.00000,204236.51208,243422.07707,350199.93468,362500.00000,466184.71587,831800.63357,2678653.36381,1190.00000
31.00000,-219590.46135,-100700.00000,-95450.00000,-59479.11471,-42621.34040,-34638.24298,-29080.40496,-24515.00000,-16875.61724,-13995.27494,-11724.35162,-8300.00000,-6500.00000,-5434.33050,-4311.53494,-3322.25686,-2324.18681,-1336.12671,-696.13325,-43.78903,0.00000,31.00000,684.90529,1120.00000,1587.18142,2143.39152,3000.74813,3493.72818,4064.51992,4811.91397,5277.13912,5700.00000,6451.60848,7160.00000,8715.02993,9105.87198,9992.88047,10778.83736,11216.72763,11564.79425,11900.00000,12406.89092,13000.00000,13610.53616,14450.00000,15035.89152,15494.57871,16300.49252,17811.58354,18500.00000,20790.89776,21220.83605,22840.00000,24809.75686,26578.05486,27400.00000,28450.00000,31269.85630,32224.23253,33972.75561,34918.94187,39074.02743,43750.00000,52450.00000,55634.51992,57860.00000,60900.00000,63520.00000,67050.00000,70603.31671,73947.00748,82949.25187,88700.84912,94630.73566,98810.34913,119997.77431,125281.23441,130100.00000,141142.33167,151859.28928,154159.83018,163433.60349,168230.00000,183184.09536,214824.47420,252180.72943,266852.24439,271139.02743,288286.15960,316628.34749,355477.07381,376585.63031,420104.73815,446575.62344,466892.07707,593767.97518,666400.00000,837680.27431,1222050.68583,1375.00000
32.00000,-169756.60848,-82284.80050,-74250.00000,-54380.00000,-50904.47693,-45332.73067,-39727.76185,-24000.00000,-16718.45387,-14001.26061,-10891.11692,-5551.38404,-4822.63092,-3257.95511,-1907.61845,-375.09352,0.00000,0.00000,0.00000,90.00000,250.00000,540.00000,1071.69576,1500.00000,2000.00000,2089.80673,2722.77923,3368.38668,3550.00000,3830.00000,4266.62312,5170.93204,6108.66584,7287.53117,8466.39651,8596.07170,9100.00000,9291.60224,9780.00000,10690.00000,11467.14464,12646.00998,14800.00000,16000.00000,17066.49249,17400.00000,20210.32005,22175.21228,23000.00000,25570.00000,27360.00000,28800.00000,31000.00000,32815.32419,34391.22796,38570.33042,40540.00000,42117.64339,44046.69576,47583.29177,51300.00000,54264.70934,56478.36658,57442.89277,59395.88504,62483.57283,68052.63880,71267.76808,80570.08728,82952.13586,88330.00000,91629.98753,93304.31091,96450.00000,101400.00000,107919.76309,112000.00000,125079.42521,129009.20967,135515.92893,138216.13325,144603.90898,151800.00000,173668.29800,189393.15480,202024.60483,207850.00000,214296.28429,219618.81123,226300.00000,249855.14963,299146.42064,310699.98694,388100.00000,494587.59352,631347.94252,867320.00000,1247453.86534,1843068.90921,1315.00000
33.00000,-77140.00000,-59586.76029,-51034.15212,-44600.00000,-35741.05362,-31572.15711,-26385.69562,-20919.50125,-18433.16708,-16700.00000,-15421.70200,-13074.68828,-7185.89157,-5052.58001,-3000.00000,-1240.00000,-640.00000,0.00000,64.30175,256.00000,449.11822,810.00000,1684.19334,2800.00000,4100.00000,4810.00000,5780.00000,6215.83541,6966.02244,7522.73024,7800.00000,8350.00000,8656.75376,8847.62900,9319.20314,10000.00000,10400.00000,10834.97714,12538.84040,13556.95137,13932.04489,15003.74065,16289.77556,16825.62344,17902.00000,18964.01698,20094.29551,21900.00000,22343.63161,22900.00000,23275.55193,23851.00000,28303.48504,30200.00000,35933.95885,38538.17955,47718.81123,55900.00000,62390.00000,63790.00000,68912.18080,75600.00000,77965.86658,84771.06466,90385.04246,102989.96259,105100.00000,108300.00000,111920.00000,118422.38155,126202.22077,129600.00000,135569.51372,138890.00000,147200.00000,152180.79800,160500.00000,166959.69954,171685.66085,178636.77335,189282.90524,207481.39125,213260.00000,224000.00000,241288.76551,243703.61596,270369.17048,280698.88961,300909.20967,312698.56303,349500.00000,378382.10320,388900.00000,415557.86414,494872.14239,502439.78445,554099.60810,853390.00000,1262022.20771,1180.00000
34.00000,-69395.00000,-49100.00000,-36010.00000,-30200.00000,-27100.00000,-20100.00000,-14575.06234,-12126.19203,-10031.07232,-8319.91509,-7635.00980,-6860.28086,-5900.00000,-3107.91771,-2036.22195,-428.67830,0.00000,0.00000,112.27956,600.00000,1200.00000,1655.00000,3267.33508,4000.00000,5052.58001,5613.97779,6399.93468,6736.77335,7000.00000,7298.17113,7919.83167,8580.00000,9020.00000,9430.92269,10277.56234,11681.48379,12320.00000,13824.87531,15270.01960,15614.60723,16504.11471,17372.18828,18144.37622,18754.67581,22827.11970,24420.80340,25801.84193,28190.95698,30168.23566,33000.00000,34267.72044,34829.11822,36700.00000,40645.19922,41375.01633,42500.00000,43600.00000,46900.00000,48280.20901,54442.14464,66991.70200,68827.36773,72050.00000,74272.92619,77922.01176,81054.61137,82420.00000,87440.00000,90879.80050,95780.00000,99850.96571,102735.79360,109607.30242,115957.48130,132365.14339,143360.00000,153542.29262,157110.59850,162450.00000,173674.01698,179000.00000,189438.06662,204900.00000,206900.00000,234664.27172,242972.95885,272008.45199,278453.29850,287350.00000,320437.03242,360732.79302,396300.00000,407673.06733,484374.00392,619446.30960,669747.55062,785810.19950,1284300.00000,2084555.42394,1300.00000
35.00000,-89449.00000,-50798.37905,-39963.53491,-33480.00000,-31829.36409,-29225.14339,-26161.13651,-19312.08361,-14253.55362,-11171.81581,-6287.65513,-4940.30046,-3000.74813,-1071.69576,0.00000,0.00000,910.58720,1457.50623,2638.56956,3500.00000,4098.20379,4828.02090,5052.58001,5951.93926,6912.43766,8359.22693,9206.92358,9600.00000,10700.00000,10924.80078,12092.50816,13473.54670,13700.00000,15014.45761,17543.65960,18526.12671,19826.37157,21288.20379,22400.00000,23362.96758,24800.00000,27137.96865,28700.00000,30700.00000,32336.51208,33796.14631,35801.00000,37060.00000,38792.58654,39870.47028,41730.00000,42546.32170,44443.22319,45922.33834,46034.61790,53900.00000,60000.00000,64140.99127,70200.00000,75340.21197,79550.00000,82200.00000,84771.13466,85400.95297,89801.18877,97009.53625,104383.16708,112335.14963,116632.64963,130564.69451,133028.81777,137510.00000,142353.34788,157303.65774,166600.00000,173359.63423,185500.00000,192200.00000,195029.58850,200306.72763,227029.26192,234102.87394,254360.00000,267225.34291,273737.55715,277835.76094,288000.00000,304000.00000,321119.52972,369000.00000,389650.00000,430200.00000,442606.00914,452791.45885,571000.00000,718786.34663,951238.22880,1322472.56858,1553000.00000,1260.00000
36.00000,-93600.00000,-83913.77805,-56692.70574,-39400.00000,-26722.53429,-23100.00000,-19419.12718,-17000.00000,-10940.00000,-8200.00000,-6665.94763,-5647.66166,-3817.50490,-2650.00000,-1863.84063,-1695.42129,-325.61071,0.00000,0.00000,64.30175,400.00000,670.00000,1072.76746,1610.00000,2357.73067,2986.63619,3705.22534,4168.89651,5052.58001,6006.95624,6512.21424,6849.05291,7900.00000,8398.51078,8725.24428,10300.00000,11100.00000,11901.63292,13181.85786,13720.00000,15045.46048,16460.18289,16890.00000,18861.84539,20620.00000,21112.40648,24310.00000,27328.24190,28000.00000,30427.75963,31213.71653,36100.00000,38581.04738,47150.00000,48785.46702,51200.00000,56005.04246,61622.50623,66916.68329,74632.22077,77023.77531,79700.00000,83872.82822,88027.17178,93480.00000,103900.00000,112453.03616,120105.44089,125602.74314,131277.25669,135611.24755,143607.23192,154806.45262,159900.00000,173800.00000,177031.17570,182509.78803,193300.00000,208300.00000,210400.00000,221976.68191,231200.00000,250508.88404,279126.97583,296300.00000,309723.15480,348200.00000,357273.54670,371310.00000,382563.23566,428009.66688,433735.92423,461468.97453,579160.40496,656229.09210,676000.00000,808637.36120,996368.77858,1186940.86871,1360.00000
37.00000,-81556.04738,-65000.00000,-33040.38030,-18629.00000,-16480.00000,-9689.00000,-5600.00000,-3600.00000,-898.23645,0.00000,0.00000,0.00000,100.00000,322.58042,858.42830,1605.59765,1796.47289,2600.00000,4211.76434,4300.00000,4980.00000,5400.00000,6063.09602,7287.53117,8000.00000,8370.00000,8700.00000,9111.55736,10502.61845,11306.55127,12137.41999,13074.68828,14230.00000,16301.00000,16841.93338,17291.05160,18312.79556,19199.80405,21333.11561,21950.65317,25341.49575,26722.53429,28309.91521,30427.75963,31030.00000,32260.00000,35469.11169,37610.00000,39224.06484,43087.52805,45450.61721,48212.84128,53691.95761,58220.00000,60123.20387,62988.83083,65694.95012,72875.31172,78600.00000,80448.30176,83540.00000,89240.10599,96246.03527,101596.75810,105205.94383,123700.00000,134079.85661,147465.33666,161200.00000,170833.34422,179300.00000,186796.57107,192000.00000,205658.41646,215689.02678,221733.85287,237022.14239,248100.00000,262136.78304,277779.62116,287000.00000,308400.00000,334797.75561,350761.33246,399267.22338,428300.00000,470924.55112,496949.31417,538380.47028,564850.00000,573973.08948,594744.80732,597214.95754,651000.00000,757718.58263,851700.00000,939667.60287,1230022.53429,2258200.00000,1255.00000
38.00000,-55170.89776,-50638.07969,-36100.00000,-31293.51621,-23825.72175,-15164.49501,-11587.25016,-9644.19015,-5701.42145,-2245.59112,-1300.00000,0.00000,0.00000,112.27956,214.33915,1200.00000,2000.00000,2755.00000,3400.00000,3700.00000,4020.00000,4210.48334,5000.00000,5251.30923,6200.00000,7073.19202,7900.00000,9377.33791,9992.88047,11559.00000,12420.00000,13503.36658,14820.90137,15754.99938,16611.28429,18325.99751,21000.00000,22344.85661,23650.00000,26256.54613,27435.41147,28370.00000,30001.00000,33008.22943,36603.13521,38581.04738,39970.00000,41383.53180,42707.07606,45125.15349,47261.78304,49726.68329,53584.78803,56577.66819,57823.97126,63700.00000,66445.13716,70320.68583,72232.29426,73861.27182,75543.83416,78427.26976,84827.20444,86623.67734,91700.00000,97510.00000,107008.82170,115423.38341,117365.81973,126202.22077,128870.00000,132837.94252,144166.94971,151001.93267,158314.17374,171563.16133,188573.51404,208476.97631,219161.78304,222425.80013,241774.56359,252292.16199,270067.33167,299538.96509,316410.00000,343687.72044,352287.83042,475940.08728,496000.00000,513229.84977,520800.00000,592900.00000,793030.50294,882550.99282,1014000.00000,1177686.47132,1258766.10059,1751901.05985,2651836.14090,1385.00000
39.00000,-85627.41958,-61787.43958,-36277.52449,-31089.89401,-22770.00000,-15360.00000,-7460.00000,-4828.02090,-3350.00000,-2245.59112,-1122.79556,0.00000,0.00000,100.00000,224.55911,336.83867,610.00000,1286.03491,2178.22338,3000.74813,4000.00000,4897.64963,6645.58541,7223.22943,9725.00000,10800.00000,12058.82430,13600.00000,14210.68579,14950.00000,16089.66035,16720.00000,17790.14963,20308.63466,22291.27182,24435.73504,25806.43392,30136.08479,34101.35910,36000.00000,37838.21032,39297.84455,42117.64339,45064.80673,51610.00000,53300.00000,54610.00000,58300.00000,60140.00000,66123.62843,71319.97387,77815.82918,80900.00000,85951.07170,87810.00000,92145.47319,94300.00000,96571.64598,99260.00000,101000.00000,106044.29551,112616.39451,114090.00000,117893.53364,121101.62095,128672.37100,147759.89549,156461.56107,161761.75810,169654.79738,174200.00000,187529.31417,192262.21945,202440.03919,224559.11169,244635.99127,255502.98628,277011.92020,283472.19464,293800.00000,305097.23710,325400.00000,329428.21685,344810.51600,366087.49184,395111.75702,417532.66833,445400.00000,482048.75312,602900.00000,641340.82299,683232.32528,804988.27564,835910.00000,937990.00000,1612244.59830,2013228.57609,2684604.18027,3933489.67995,1580.00000
40.00000,-68900.00000,-46875.97257,-30575.48005,-12002.99252,-9956.05362,-7610.00000,-4672.59352,-1286.03491,-300.00000,0.00000,0.00000,1.12280,85.73566,300.00000,1066.65578,1607.54364,3000.74813,3695.12018,4126.02868,6039.00561,7430.00000,8700.00000,10150.00000,11350.00000,12647.08167,15732.49377,17291.05160,19087.52449,21029.96081,23400.00000,26273.41607,27200.00000,31925.81671,32700.00000,37487.91771,40100.00000,41817.56858,44593.26060,46136.50249,47045.13390,48875.29066,54152.42978,55263.99739,58728.92768,60200.00000,68068.75623,71300.00000,74890.46375,80800.00000,83900.00000,87454.54605,93550.00000,103634.03005,108777.11970,115957.48130,124241.68953,128624.92519,138355.92269,144110.92893,148580.00000,155507.18485,158900.00000,161783.19202,169750.00000,178651.68329,183016.79882,184475.31025,199013.90274,202100.00000,210468.02743,222032.82169,239716.85173,256221.94644,267337.62247,284800.00000,291702.28609,320222.69327,325947.55062,352220.96669,369736.57740,399828.25436,430030.69889,464060.00000,490661.65905,506080.00000,574700.00000,610200.00000,644484.65056,669809.85037,702710.91022,798300.00000,871626.19203,949900.00000,1091800.00000,1238443.50098,1354141.17830,1794233.04239,2221226.45330,4033081.64598,1590.00000
41.00000,-150440.00000,-95999.02025,-59400.00000,-28300.00000,-21969.76309,-19397.69327,-11700.00000,-9980.00000,-7521.60745,-5265.91117,-4040.29302,-2000.00000,-303.15480,0.00000,0.00000,20.00000,225.05611,750.18703,1689.80732,3600.00000,4500.00000,4800.00000,5000.00000,5165.57357,5844.15088,6164.14762,6850.00000,7455.36251,8101.00000,8578.15807,10009.63840,11043.82481,12950.00000,14640.00000,15471.00000,16900.00000,19900.00000,21350.00000,25399.18953,27500.00000,31464.98753,34660.69889,38313.12344,43618.01746,50638.07969,55514.91209,63476.53990,66760.00000,68257.37469,72553.80299,74697.19451,80913.02993,89915.27431,93900.00000,102346.94514,107630.00000,110011.50882,120458.60349,124735.74127,138530.00000,142370.47681,145806.23122,155462.27302,159942.22730,165900.00000,188890.00000,197745.00000,224948.94015,241288.76551,242900.00000,254099.06484,262726.21571,270032.33181,285190.07185,291715.58603,313147.68125,315112.57348,326396.66884,331673.80797,348000.00000,365020.83605,369399.73873,377034.74853,402219.05291,413098.94187,427684.05617,494137.48130,523137.56858,593826.62095,634379.49053,699052.51470,823570.54213,1160700.00000,1496007.18811,2104000.00000,2147900.00000,2631720.50947,3296303.20052,3893470.69825,1570.00000
42.00000,-101811.09726,-57945.51808,-46082.91771,-34380.00000,-27885.52369,-23202.21322,-14034.94448,-12420.95387,-8420.96669,-6698.09850,-1380.00000,-954.37622,-117.88653,0.00000,0.00000,112.27956,940.00000,1460.00000,3100.00000,4672.59352,5513.87469,6087.23192,7073.61202,7679.92162,8320.00000,9300.00000,11467.14464,13473.54670,14832.26933,19320.00000,21445.39517,23300.00000,24400.00000,25510.00000,25935.03741,28142.73067,29754.08230,32852.99804,35500.00000,38366.70823,43805.00000,46539.87590,48440.64838,51500.00000,55700.00000,59205.00980,60855.51927,62000.00000,67600.00000,68378.24951,74483.92706,81309.55736,82627.74314,88925.40823,92910.00000,103409.47093,104644.54605,112279.55585,117350.68579,133426.12219,141742.48130,147759.89549,156068.58263,161794.83997,168974.27057,178758.85287,183464.79425,202480.00000,222269.70075,238481.77662,259350.37406,271144.38591,279620.00000,284749.56359,294684.18329,315600.00000,323365.12084,353018.15153,372317.82419,378630.11222,395241.39651,408200.00000,436207.19726,454945.53233,485732.58654,549897.81172,633532.94888,693247.66166,774335.95689,826534.72240,881394.51339,977168.97453,1011560.00000,1137300.00000,1174780.99282,1538000.00000,1905475.06234,3168900.00000,6202400.00000,1700.00000
43.00000,-72590.00000,-46908.12344,-33299.00000,-18970.00000,-13799.00000,-8573.56608,-7410.45069,-3030.42521,-1065.53298,0.00000,0.00000,0.00000,0.00000,11.22796,289.35786,1347.35467,1538.22992,2572.06983,3450.00000,4000.00000,5018.89615,6287.65513,7470.00000,8380.66085,9577.44611,10900.00000,11172.93860,14060.64838,20513.32855,22450.00000,27221.07232,31662.83475,33104.68204,35350.00000,36900.00000,40196.08099,48013.04177,51233.16133,52566.67706,56476.61659,58032.32544,58800.00000,60670.00000,62113.05029,63550.22861,67435.10124,69523.50098,71500.00000,74740.00000,78300.00000,83700.00000,88100.00000,96924.16459,105166.64598,109034.67668,115400.00000,121654.89876,127800.00000,130132.00523,133297.51870,137374.03658,143251.87133,146822.31920,149444.08883,163928.15153,169766.68844,173900.00000,179620.00000,183689.35336,190762.96538,196691.32593,207503.84716,220966.16590,225163.27930,239200.00000,254829.67995,273979.02120,304726.71457,309537.88653,342000.00000,356263.03070,371985.59850,384000.00000,403600.09144,420475.70869,443574.87531,467800.00000,511198.87781,586975.06205,609900.00000,643310.00000,753058.98106,900605.54540,1108682.01829,1181820.92097,1447395.75441,1918000.00000,3507051.92685,5777318.94015,1745.00000
44.00000,-80109.25810,-60000.00000,-52700.00000,-30028.91521,-26059.00000,-19338.75000,-10063.22319,-5518.16147,-2050.00000,-900.00000,-595.08165,0.00000,10.71696,770.00000,1768.29800,2464.90025,3200.00000,3697.35037,4300.00000,5400.00000,6328.36347,8200.00000,9109.41397,9440.00000,10716.95761,12575.31025,13396.19701,14248.27564,15753.92768,16673.51404,18615.35536,21142.24037,24970.51122,26470.88529,28100.00000,28328.13194,31400.00000,33571.58720,34357.54409,35480.33965,36378.57609,38077.35037,40100.00000,42104.83344,44092.18158,49190.83541,51000.00000,56813.45526,59000.00000,63437.94905,65427.02618,67034.56983,69388.76551,70871.24065,73379.00873,79269.36643,84438.90898,88650.67332,99667.70574,104521.03854,109697.12606,112900.00000,119601.24688,148096.73416,151859.28928,158089.61463,166160.00000,175222.25686,185735.59227,192671.71783,221415.28413,221752.12280,230400.00000,240059.85037,263958.00784,278450.00000,290965.39900,298798.35402,306612.15711,344192.97845,382356.79948,423866.55127,446000.00000,480900.00000,544500.00000,662449.37949,755192.29262,814700.00000,889300.00000,960200.00000,1085306.29676,1186400.00000,1319257.48130,1711028.15153,1848900.00000,2859400.00000,3805490.98628,5173075.43641,7282300.00000,1685.00000
45.00000,-88449.00000,-54890.00000,-25400.00000,-15000.00000,-9150.00000,-7320.00000,-4635.08416,-3399.00000,-1571.91378,-1100.00000,-803.77182,-224.55911,10.00000,898.23645,2250.56110,3107.91771,4158.17955,5145.21135,6537.34414,7630.47382,8787.90524,10500.00000,11900.00000,13400.00000,16096.87032,19280.00000,20350.00000,22900.00000,24777.60599,26497.97518,27971.25935,30225.65643,32628.43893,37723.69077,41111.00000,42353.41646,44137.09340,46068.30176,47900.00000,49650.01960,52309.47007,58540.00000,61955.85892,63224.61790,64785.30372,68050.00000,75233.04239,82300.91444,85062.99151,92808.85287,101018.04239,107788.37361,109900.00000,116278.99002,119500.00000,123888.02993,129782.35661,144143.07980,151577.40039,155844.02351,158931.71130,170185.28678,179243.08295,184385.48661,200104.62443,208278.57609,218090.00000,228039.77792,231857.28282,255631.58978,275646.30960,290051.00000,305958.42269,332200.00000,346050.00000,356936.70803,384835.23067,408800.00000,422462.46883,428683.34422,450802.41672,452000.00000,464073.86022,483850.00000,526100.00000,596720.19950,638275.59112,675329.08354,752273.02417,793928.73939,856693.01110,984500.00000,1173400.00000,1324937.46883,1386618.83083,1511844.21946,1685091.57413,2267000.00000,4792700.00000,1815.00000
46.00000,-56980.00000,-42545.25000,-30000.00000,-20276.48379,-11552.88030,-5790.00000,-2650.00000,-1018.11097,0.00000,0.00000,11.22796,535.84788,898.23645,2068.37282,3040.00000,4400.00000,5400.64664,7210.00000,8616.43392,9998.49445,11788.65337,12238.47159,12629.93454,13529.68648,15753.92768,16857.77431,19640.00000,22184.10224,23362.96758,26857.26976,30178.95262,31101.43697,33758.41646,36759.16459,39499.94775,41200.00000,45574.27172,50932.34102,51659.82364,55219.08556,57711.69170,60294.12149,67570.00000,69000.00000,71900.00000,78898.24190,90236.78304,98435.25561,106497.15872,113795.32985,117275.99608,126352.93017,128795.87851,137391.39651,145100.00000,150573.25436,157786.45983,161166.96696,165500.00000,171042.64339,172971.69576,182500.00000,183500.00000,196893.42913,212200.00000,219210.00000,236236.18550,246000.00000,264193.79491,271700.00000,278855.23691,280700.00000,303356.90398,311081.73743,322200.00000,351516.20948,376000.00000,379280.33965,392800.00000,434521.88112,461000.00000,466016.18454,476626.71457,494142.32528,543242.58105,569500.00000,619951.56760,647628.47812,667984.76159,710168.19073,744935.72319,862000.00000,1239346.48691,1368080.00000,1618300.00000,2096344.07731,2719410.84259,3968000.00000,6335935.33638,1610.00000
47.00000,-92570.00000,-62265.52369,-49762.29915,-31786.34226,-10009.63840,-1843.31671,-470.00000,0.00000,0.00000,0.00000,64.30175,321.50873,730.00000,1122.79556,1460.00000,2550.63591,3278.56303,3941.00000,5000.00000,6300.00000,8552.13217,9870.00000,10930.00000,12860.34913,14340.00000,17361.47132,19310.00000,21334.23841,24247.11658,29800.00000,30989.15741,36544.82544,40617.26933,44839.75062,46018.61596,50100.00000,55963.95262,59050.43641,60872.31920,64500.00000,66659.47631,71900.00000,74911.53367,82100.00000,91631.05923,94930.00000,100203.55362,109312.96758,114885.78554,126221.00000,128425.35598,132354.42643,137879.29458,144077.12606,146356.40105,150900.00000,166112.84289,175257.15872,178973.19202,188034.57218,193120.83605,200410.00000,207319.54489,218754.53865,229910.89152,239800.00000,244314.48254,256135.28678,262200.00000,266944.64402,278475.75441,295261.54801,300909.20967,309100.00000,334952.37100,356018.40337,364560.48988,375451.60679,390400.00000,404094.12149,432388.56956,454844.48073,489538.86349,554066.70823,576000.00000,619558.58916,686470.00000,762827.30242,781914.82691,842994.90529,985365.38210,1021580.00000,1413500.00000,1728431.48269,2005986.54474,2387063.35728,3025114.38929,4253346.13466,7636244.87263,1755.00000
48.00000,-64162.42519,-41900.00000,-26149.37656,-10824.12718,-2000.00000,-449.11822,0.00000,600.00000,1179.93703,1645.00000,2143.39152,2806.98890,3702.70885,4266.62312,4770.00000,5700.00000,7073.19202,8982.36447,10030.00000,11115.67603,12967.51870,15300.00000,16739.88778,18200.00000,21294.59476,22736.61006,25645.67955,27328.24190,29529.52319,36019.69451,37573.65337,40090.00000,43400.00000,44406.56434,47606.53168,48600.00000,56714.13965,63157.25016,67760.71195,73539.76309,76125.53886,80430.76683,82745.62968,86271.50873,97800.00000,103634.03005,107002.41672,114671.44638,121228.23645,131411.33416,135858.26257,144616.06793,156338.97756,166830.87905,176400.00000,198500.00000,209200.00000,230071.64589,247800.97975,260679.44481,270369.17048,288929.17706,300347.81189,310228.41280,319885.57740,341666.68844,349600.00000,364010.32005,372992.68452,383996.08099,429581.58067,447593.73441,461579.36409,492121.29327,522451.68329,537300.00000,560005.51274,581765.29066,602370.00000,630000.00000,651000.00000,667378.45199,687376.56368,745150.06234,783600.00000,814925.01633,831100.00000,923800.00000,962684.91182,1030100.00000,1099024.00249,1160521.48922,1410351.62095,1541200.00000,1826148.14214,2292200.00000,3542083.14827,6241556.10973,7946922.40366,1875.00000
49.00000,-84599.66334,-35257.71883,-14200.00000,-8757.80536,-5748.71326,-2425.23841,-1071.69576,0.00000,0.00000,0.00000,400.00000,1200.00000,2357.87067,2905.36721,3500.00000,4115.31172,5613.97779,6612.36284,8680.73566,9900.00000,11360.00000,18601.00000,21445.39517,23372.00000,25800.00000,30040.00000,33919.65382,36110.00000,38820.00000,41956.88903,48230.00000,54013.46633,58953.98379,64673.02417,66620.00000,68041.41084,73110.00000,83840.00000,86231.82169,89500.00000,97312.69105,101039.47631,108821.34553,112400.00000,114564.27681,119577.72698,123900.00000,130000.00000,143770.00000,152309.40150,158898.02743,164650.00000,173606.64925,177710.00000,184653.17955,193709.00873,204236.51208,210950.00000,223448.56608,236067.76617,239267.73351,267173.75312,283720.73566,285133.93207,290579.49053,298895.94763,322803.72306,346800.74813,362326.12671,389497.77923,403700.00000,418016.78641,426774.59177,435900.00000,455363.52868,474011.03491,509861.46310,544219.00718,564676.49626,604865.08728,627900.00000,660765.18615,693258.88961,721583.47257,765746.57087,796377.11970,896900.00000,932400.00000,982050.00000,1061996.91397,1149158.79817,1256500.00000,1330490.28086,1910000.00000,2258598.81546,2462503.99086,3319208.22992,4501511.95297,9303483.99739,1995.00000
50.00000,-73000.00000,-51600.00000,-38600.00000,-22195.00000,-12687.58981,-10778.83736,-5900.00000,-1290.09210,-954.37622,0.00000,1.07170,310.79177,1796.47289,3700.00000,4738.19726,6500.00000,8016.28429,8982.36447,9630.00000,11338.54115,12506.68953,15636.04115,19397.69327,20400.00000,23803.26584,28014.12718,31662.83475,33530.00000,36030.50947,39224.06484,45338.48465,50155.36160,54150.00000,56403.34788,59950.00000,62539.71261,67300.00000,68894.73547,74020.00000,80430.76683,87401.00000,101670.00000,107002.41672,114564.27681,122800.00000,125528.54344,133500.39190,141900.00000,144000.00000,155400.00000,179029.75180,181652.43142,189368.64090,205336.90773,215000.00000,218300.00000,221500.00000,230650.00000,239043.17440,252965.83932,257457.02155,259702.61267,268572.69758,288109.34030,310500.00000,326250.00000,346528.39321,357130.00000,370099.41397,390440.00000,400814.21446,418802.74331,426106.23441,430592.09667,461220.00000,477440.46135,496087.96758,526130.00000,579390.87905,636372.94264,661129.11471,689818.41022,710673.44873,741943.30503,763300.00000,809700.00000,854463.02993,920693.82793,977393.53364,1073400.00000,1252815.28413,1603900.00000,1970848.50374,2337368.45387,2867700.00000,3729028.60875,4069684.78119,5564458.72818,9052426.91052,2100.00000
51.00000,-47584.07577,-30000.00000,-13059.00000,-7930.00000,-2600.00000,-1300.00000,0.00000,11.22796,2036.22195,3450.00000,4533.27307,5200.00000,6537.34414,7905.00000,11500.00000,14500.00000,16450.52993,18647.50623,22820.00000,25935.03741,30736.23441,32418.79676,39770.00000,41903.30424,47157.41346,51600.00000,53166.82668,53584.78803,53906.29676,57442.22077,61354.58229,66552.30673,68159.85037,74385.20575,75564.14108,80000.00000,85557.02155,87150.00000,96300.00000,100041.08426,105101.20324,106600.00000,109135.72828,120008.49127,124316.70823,128614.20823,137252.07606,146165.52580,147304.58229,150001.00000,151537.78055,161794.83997,164600.00000,182200.00000,185910.00000,190440.33666,203247.10100,212817.34414,225250.00000,233522.50623,242748.39974,243175.06205,249919.45137,259564.71322,271342.64963,276658.26060,290000.87282,302716.91052,319828.31483,351715.70869,395348.56608,404430.96016,416675.31172,448800.00000,500126.82560,547636.53367,582723.85287,601640.00000,637444.63840,651580.71848,677900.00000,720100.00000,767700.00000,835023.05683,866144.51372,906657.41346,928551.92685,1005600.00000,1079000.00000,1192600.00000,1312548.00784,1439900.00000,1633532.80209,1999867.30895,2327723.19202,2565587.85108,3282604.11471,6115867.40692,7701152.15087,1930.00000
52.00000,-62799.00000,-27328.24190,-12860.34913,-7876.96384,-6680.00000,-80.00000,0.00000,100.00000,236.90986,1446.78928,1700.00000,3400.00000,5004.81920,5400.64664,6000.00000,7300.00000,7949.39255,8500.00000,9400.00000,10100.00000,10845.56110,11800.58132,13361.26715,16321.92643,19772.78678,21880.00000,27917.67456,30221.82045,30918.42269,36759.16459,39009.72569,43725.18703,47800.00000,55600.00000,60417.62900,63700.00000,68052.68080,77633.64090,79940.00000,82100.00000,87530.00000,97095.63591,105990.71072,110510.00000,116209.34030,118818.90898,123619.79099,129921.67706,143200.00000,148433.57283,156550.00000,170384.22600,174291.55454,187720.00000,200050.00000,211534.68321,225270.44888,232000.00000,240278.24951,250600.00000,281507.30242,306504.98753,315078.55362,341650.00000,347336.59601,355252.51470,363000.00000,383988.59102,418711.53367,436262.21424,453946.24428,469081.23441,515100.00000,542385.22444,556850.45722,587502.77596,625500.00000,683300.00000,706799.80405,723716.14713,746209.92815,812960.12410,850176.24688,887417.67456,918334.48726,938657.08687,1012400.00000,1210266.02244,1357088.34165,1487367.27629,1594147.44389,1762939.52618,2001338.17113,2269200.00000,2503721.81581,2875359.72569,4278973.87329,5274200.00000,10790851.27368,2105.00000
53.00000,-55888.93392,-35891.09102,-11284.95636,-3321.18516,-107.16958,0.00000,0.00000,40.00000,500.00000,2100.00000,2600.00000,3140.00000,4479.68828,6100.00000,7000.00000,9000.00000,10234.69451,12400.00000,14540.20248,15866.45574,18293.84663,20670.66623,24000.00000,29608.11888,30854.12095,36097.87720,40184.85304,45417.08034,49544.49501,57817.98628,59878.68713,61753.75572,63900.00000,68100.00000,74700.00000,78449.72567,80300.00000,92594.51372,97500.00000,100889.43890,105250.00000,109650.00000,118454.93142,122100.00000,129233.76878,139820.00000,149180.04988,157752.77596,161290.21197,167400.00000,173808.75245,196002.43766,200080.00000,207308.82793,218361.28021,222520.00000,230736.09726,241500.00000,255813.77805,272277.92293,279391.08479,293891.73743,296400.00000,312200.00000,352159.22693,362300.00000,372914.08883,382680.00000,391910.00000,395455.73566,415650.00000,420900.00000,443617.74314,489583.77531,527413.63466,562310.00000,613760.16209,649986.34879,665201.55860,729536.41411,792693.66427,839830.00000,872681.85786,964054.72240,1000300.00000,1067200.00000,1238130.11222,1306597.19138,1345974.85661,1594040.27431,1822841.96072,1917700.00000,1990500.00000,2516373.79676,2779700.00000,3117441.86806,3829137.06074,6165259.18354,9751734.81920,2105.00000
54.00000,-43000.00000,-10100.00000,-6390.00000,-1830.15676,-889.00000,0.00000,170.00000,1120.00000,2507.76808,3216.15898,3930.00000,5000.00000,6500.00000,7350.00000,10716.95761,12300.00000,13933.11658,14500.00000,16076.50810,17243.58479,20232.77596,22076.93267,26578.05486,31293.51621,33960.00000,38208.73285,43000.00000,48762.15711,55061.89419,57936.25082,64910.00000,70303.24190,73543.10908,80484.35162,84117.40025,86807.35661,90558.29177,93057.29589,105509.09863,106740.00000,113290.07185,117875.81671,124680.00000,130581.12345,137767.01502,140970.00000,149500.00000,156789.08978,167500.00000,185403.36658,186720.90137,193700.00000,206569.35786,217982.91771,230628.92768,237022.14239,247733.61202,257660.00000,265069.57544,274510.00000,288333.89941,306410.90790,325835.27106,360800.00000,367484.47631,378522.94264,400838.01437,433511.36512,443493.01764,459223.38341,500766.81907,526631.29676,541956.54613,548386.72070,572660.62968,598730.73155,620300.00000,627692.20698,650210.90790,675211.19701,683389.51666,701830.00000,735767.92946,792197.50623,889141.80274,978160.00000,1021754.73815,1101600.00000,1207586.78304,1266737.94905,1358910.22444,1555673.56608,1632100.00000,1856200.00000,2684276.37157,3096100.00000,4493727.49377,5346047.13217,8727472.31297,1870.00000
55.00000,-65520.00000,-36651.99501,-21380.00000,-9002.24439,-6530.00000,-4940.30046,-3367.26388,-1320.00000,-117.88653,0.00000,0.00000,500.00000,729.81711,3108.98940,3905.00000,5069.42195,5500.00000,6000.00000,7073.19202,9000.00000,11400.00000,13181.85786,15326.15937,18100.00000,20255.04988,22422.22730,23589.93468,28743.56630,32868.90898,33758.41646,38062.76943,39780.00000,44218.16708,49700.00000,51480.17636,57245.00000,63662.50816,64880.46135,71353.65774,75070.11104,79205.00000,81400.00000,87471.80798,93192.03135,100203.55362,103761.58354,121530.29925,137284.22693,148882.69105,157432.10723,186500.00000,211113.34788,216497.43958,225988.48504,244368.06733,255738.75935,263744.32668,271941.08426,277600.00000,284720.00000,286250.00000,312613.65337,329641.54801,347336.59601,359639.66334,367805.98504,378382.10320,392417.04768,407673.06733,423406.20509,431036.03491,442437.58981,462704.04964,492980.04988,536705.23691,576443.23971,602185.84788,634940.88831,668624.75506,691083.01122,716500.00000,731050.00000,749802.87394,858500.00000,912334.60100,1012859.66334,1084200.00000,1222376.29654,1294863.97779,1344000.00000,1497233.99626,1684000.00000,1872788.34165,2537900.00000,3176934.91272,3914963.55323,4672518.49751,6698400.00000,9954338.90274,2050.00000
56.00000,-29590.00000,-14146.38404,-7736.06140,-5519.23317,-4000.00000,-1607.54364,-107.16958,0.00000,134.73547,257.20698,932.37531,2515.06205,3107.91771,3800.00000,6001.49626,6644.51372,9250.00000,10797.33479,12592.42519,14562.65839,15943.69693,18638.40627,21455.34913,22377.31548,25506.35910,28100.00000,35000.00000,39310.00000,44676.03527,47379.66958,52883.67080,55903.99086,61304.63749,66694.05617,78394.54489,83800.00000,85894.98302,95600.00000,104100.00000,112279.55585,118511.07120,122441.24065,127906.88903,133051.27368,140800.00000,150144.57606,158943.19825,166863.02993,172485.00000,176600.00000,181470.00000,190521.00000,194468.19073,199655.50621,206987.36120,217204.80078,226200.00000,240900.00000,250484.46114,255200.00000,268110.00000,282100.00000,300396.32170,313000.00000,325711.76355,332347.48530,337624.62443,361504.41397,374020.00000,394662.63880,423105.48628,454849.11471,475307.78678,526050.00000,618716.49249,655151.20836,690541.72436,755706.26559,813800.00000,841281.17207,863991.18223,915000.00000,957500.00000,1040616.58354,1136381.38472,1197727.18204,1228056.17207,1258586.45330,1461150.00000,1755540.00000,2046027.96135,2220328.21685,2429000.00000,2915000.00000,3448716.95761,4539488.90274,5220230.04988,7500000.00000,12916077.30673,1980.00000
57.00000,-18582.26649,-9045.11222,-4008.38014,-1905.47506,-1200.00000,0.00000,0.00000,182.18828,1122.79556,1446.78928,3143.82756,3400.00000,5501.69824,13250.00000,16932.79302,19250.00000,20394.37032,23620.00000,29932.00000,35480.33965,40081.42145,44911.82234,47047.44389,50100.00000,51548.56608,63980.23691,69894.02351,76300.00000,84020.94763,86271.50873,92808.85287,97952.99252,107520.00000,109839.17020,112640.00000,117893.53364,122100.00000,127531.79551,136037.90986,143392.89277,149196.12531,153037.03462,163915.86658,171300.00000,175300.00000,181598.84663,184300.00000,192550.00000,197728.93953,203001.43697,206097.81172,209945.19950,219281.97257,236011.62639,248700.00000,253300.00000,277033.35411,283500.00000,295733.12214,306504.98753,318100.00000,329000.00000,339252.67799,350649.05291,364122.59961,378494.38276,389791.82357,409300.00000,417929.19576,429851.05160,446838.94840,498700.00000,521796.77988,544510.93403,573839.49501,608476.70200,636512.80209,661326.58393,683108.81777,695766.32170,778209.60157,800553.23318,892173.35075,916167.49184,968000.00000,1024570.00000,1090482.58728,1161300.00000,1255705.92269,1300646.37492,1407000.00000,1807925.40823,1974020.00000,2316899.06484,2977000.00000,3896500.00000,5313467.58105,7243041.86806,12928937.65586,1855.00000
58.00000,-76004.66334,-50413.52057,-25999.00000,-16214.75686,-12890.00000,-5679.98753,-3643.76559,-1950.48628,0.00000,32.15087,321.50873,2357.87067,2470.15023,3300.00000,5572.81796,6063.09602,6644.51372,7747.28935,8650.00000,12700.00000,16055.97649,17590.00000,17910.00000,19424.36316,20500.00000,21894.51339,24660.00000,31518.57232,34187.09476,39759.91272,44200.00000,53253.63404,58514.58853,68300.00000,69700.00000,72521.65212,74550.00000,84097.38733,89700.00000,92701.68329,101028.75935,107062.40648,109921.68517,117029.17706,125600.00000,143682.25062,159500.48005,166562.95511,173146.30307,183500.00000,201800.00000,209430.78554,214330.44415,226119.79752,247500.00000,253563.21696,268781.29676,288200.42394,303700.00000,316300.00000,326768.31417,357947.22404,385006.59700,413076.48596,426999.15088,454184.66334,469660.00000,534776.18454,591645.89157,619793.80923,654000.00000,665000.00000,701971.78315,749115.33666,760727.67472,778500.00000,846441.88766,866876.76682,873800.00000,895654.01698,938937.78576,994500.00000,1062372.00748,1127000.00000,1271004.57218,1345700.00000,1464182.89900,1590855.34291,1790971.19530,2166968.82793,2321379.81711,2867732.13586,3310060.00000,3830000.00000,3994700.00000,4517000.00000,5578176.43392,9432100.00000,13357380.18703,1905.00000
59.00000,-73078.93392,-32901.05985,-16075.43641,-6670.00000,-4600.00000,-670.00000,0.00000,0.00000,100.00000,525.13092,1000.00000,2143.39152,3200.00000,3750.93516,4547.32201,5637.11970,7705.49252,8330.00000,11445.71072,14725.09975,19200.00000,25501.00000,27864.08978,32954.64464,34144.21293,40319.58850,42500.00000,51400.00000,57228.55362,60150.00000,75565.26808,78390.00000,86792.09667,98500.00000,108030.00000,118297.74004,120501.47132,125800.00000,140800.00000,153295.36160,160800.00000,169654.40888,176720.00000,190600.00000,204018.72195,208200.00000,235416.54474,242310.41147,256100.00000,259243.20449,273560.00000,293751.80798,323028.28217,328642.25996,337316.24065,346820.32005,352333.24624,356599.86937,371128.24190,379089.46440,401000.00000,427070.76060,443253.36658,460970.00000,471270.97975,487407.23192,507000.00000,515378.49127,531531.41737,548910.00000,580066.04738,592969.26434,629364.05237,641088.40399,654613.20449,674912.41019,679852.71065,704104.11471,729704.83344,746971.94514,857142.12933,918255.89157,971375.34944,1027000.00000,1103050.00000,1139210.82952,1323651.43392,1446295.41476,1648718.19202,1744500.00000,2090985.59850,2444300.00000,2789024.16721,3493192.33167,4083100.00000,5118712.67146,6822415.21197,8377177.66166,13710456.56434,1840.00000
60.00000,-14285.70449,-4779.76309,-2000.00000,0.00000,100.00000,2050.00000,2518.48504,3368.38668,3750.93516,5980.00000,6730.24938,8700.00000,10950.00000,12000.00000,14501.00000,15050.00000,18058.07357,20362.21945,23600.00000,26685.22444,30050.00000,34469.82364,40938.77805,43800.00000,47080.00000,51500.00000,60730.00000,68600.00000,71971.19530,72981.71130,81300.00000,91300.00000,95488.09227,97200.00000,101163.87982,114135.59850,117700.00000,120621.92685,125602.74314,130532.54364,134015.55486,142580.00000,145000.00000,152500.00000,160054.50686,166500.00000,173400.37406,180977.26309,200194.44807,207158.79052,218300.00000,224252.33791,228807.04489,235899.34683,242524.75062,246810.00000,249169.26434,257850.00000,264000.00000,273288.43893,282618.87002,299570.00000,319603.75572,332118.51621,341600.00000,343687.72044,389200.00000,409173.44140,412817.20698,441900.00000,463692.10973,481701.00000,503836.32793,514746.19077,528836.70803,546599.33377,574300.00000,614220.99127,657172.24037,703889.77556,754720.00000,779220.11757,818300.00000,910587.19791,977000.00000,1106600.00000,1148788.27564,1319418.23566,1388167.51870,1517521.19701,1779551.88217,1843820.40524,2159950.00000,2336649.83671,2986299.34683,3797000.00000,5673654.37622,6542300.00000,10659100.00000,1660.00000
61.00000,-71321.35287,-38000.00000,-20420.00000,-2121.95761,150.00000,225.05611,707.36120,1900.00000,3424.52645,5940.00000,7180.36160,8100.00000,8895.07481,10260.00000,12111.23379,17640.11222,21905.74135,22770.29393,34870.00000,37400.00000,43115.34944,43115.34944,45001.00000,48300.00000,53863.42893,59822.05736,61783.26060,63800.00000,67409.66334,76411.90773,81180.95387,85600.00000,94763.94513,95886.74069,105030.00000,107491.08479,110491.83292,117668.97453,121262.37531,129907.44611,133400.00000,138400.00000,140124.22070,160335.20575,165859.35990,175099.96734,185148.98759,186833.18093,194550.00000,206600.00000,215127.62900,228900.00000,238559.47631,259000.00000,271357.23057,288460.00000,306700.00000,321344.08883,327938.90274,332654.36409,341281.51496,353659.60100,385810.47382,416640.00000,434409.60157,483817.05112,491100.00000,507400.00000,513985.28678,555700.00000,590141.34553,637000.00000,668063.35728,695571.84847,711403.26584,741250.00000,784834.09536,796055.61097,919729.30175,968000.00000,1060447.00000,1100100.00000,1135800.00000,1225419.07250,1441000.00000,1493100.00000,1529100.00000,1557816.95761,1804296.26559,2088512.01829,2300000.00000,2346477.86783,2531774.06484,2691902.35140,3243082.69105,3919117.89680,5480500.00000,6635384.91182,14165138.71571,1635.00000
62.00000,-20758.74688,-16250.00000,-1515.77400,1.00000,60.00000,2200.00000,2900.00000,3900.00000,5190.00000,7051.15611,9141.00000,10440.00000,14450.00000,16300.00000,18189.28805,20401.19530,22800.00000,24970.51122,30400.00000,41820.00000,54100.00000,60000.00000,63820.00000,72420.31352,76000.00000,82306.23441,85414.15212,91732.39713,98323.20705,99142.84781,107812.59352,115007.94905,119195.97649,127400.00000,134300.00000,148644.20200,166863.02993,174706.98890,178020.00000,182456.20324,184867.51870,188921.58067,192262.21945,206900.00000,210862.12867,220720.00000,227200.00000,235992.76496,241678.11097,252393.21359,253500.00000,260488.56956,270500.00000,277330.50294,284853.23318,285900.00000,295250.00000,308850.00000,315168.71326,340477.74314,356263.03070,365700.00000,374564.59830,404475.87198,409387.78055,468759.72569,478872.30568,498017.01995,544555.84585,579900.00000,614500.00000,629085.41147,659979.22926,680600.00000,700500.00000,762618.70324,793697.88030,850631.03788,858642.64339,902903.67830,992753.37688,1036789.41868,1102600.00000,1158503.11721,1385900.00000,1485400.00000,1740969.76309,1870109.10224,2009300.00000,2056476.99501,2116384.78803,2355625.08165,2552700.00000,3002570.01247,3881682.04489,4656233.18093,5618900.00000,8310405.00980,12056041.45885,1750.00000
63.00000,-56885.61097,-29653.82170,-17029.24564,-7230.00000,-2099.62769,0.00000,40.00000,1460.00000,1929.05237,2492.60614,3440.00000,4500.00000,5580.29393,7459.00249,14110.00000,15300.00000,16300.00000,23610.00000,30753.37035,33300.00000,35750.00000,39510.00000,43939.52618,47910.00000,50525.80013,57132.10100,59610.00000,61740.39277,63500.00000,69146.88217,74300.00000,78494.63749,82734.91272,99722.36222,112742.39401,115872.50163,122216.29654,128603.49127,138516.67706,168800.00000,175007.91771,184117.33167,195230.00000,200250.58785,212731.60848,219804.80050,226490.32005,244353.99739,255342.23192,263433.53491,269470.93403,276544.54605,292712.80209,295104.35663,318850.92269,336580.42456,356295.97257,368838.34095,377708.42587,404190.05611,434400.00000,446050.00000,466294.82544,505090.21197,521701.49626,565319.51372,579811.62639,629310.46758,659500.00000,688000.00000,703000.00000,709056.62312,725752.36908,756202.80862,776300.84912,818000.00000,868302.71718,910328.95493,965100.00000,1032410.51600,1108311.49575,1135146.30960,1191000.00000,1294437.31548,1315916.39451,1360732.10723,1537000.00000,1652000.00000,1840140.00000,2095593.89027,2325366.53304,2812129.67581,3575820.07481,4471290.00000,5690800.00000,7013879.29458,7986300.00000,10257000.00000,12952729.30175,1685.00000
64.00000,-56600.00000,-8520.00000,-2900.00000,-1970.00000,-500.00000,0.00000,235.78707,660.00000,900.00000,2470.15023,2800.00000,3700.00000,5838.53690,6505.19327,8241.34040,9900.00000,10931.29676,15400.00000,19183.35411,27639.03367,32300.00000,37509.35162,42800.00000,43250.00000,48392.48857,53574.07107,57228.55362,61033.07357,62528.48465,67648.43240,69100.00000,74482.85536,80616.72110,90236.78304,98457.94252,99217.59352,102208.07969,108855.02939,116883.01764,121890.68583,133211.78304,134398.62835,161183.04239,163703.59242,166180.00000,174482.42978,175910.00000,184224.50125,204200.00000,223448.56608,241400.00000,253241.70823,264237.30673,267709.60100,276926.18454,291084.74853,297500.00000,317100.00000,321830.23691,335900.00000,344361.39778,353568.32136,378630.11222,410200.00000,428458.78511,446254.11471,459784.78119,490350.00000,511734.72569,534675.24494,545229.52319,548373.35075,566200.00000,636801.62095,666492.95200,699613.91248,758300.00000,792626.18454,819960.00000,875331.41737,888757.29426,935050.00000,973830.00000,999034.78803,1065479.92519,1116500.00000,1359256.30307,1641900.00000,1944700.00000,2056584.16459,2243000.00000,2424677.00849,2847700.00000,2959702.18204,3797126.15937,4632542.19464,5740109.66334,8889172.43632,13108000.00000,1510.00000
65.00000,-56285.46135,-2896.81254,-570.00000,0.00000,0.00000,214.33915,1071.69576,2717.16525,5510.00000,5950.81646,8420.96669,10441.99869,12967.51870,16200.00000,19188.57609,24160.00000,27700.00000,33090.00000,43744.11496,48279.89401,58744.66362,63230.04988,64060.00000,67900.00000,70253.31809,72640.00000,75661.72070,81270.00000,81450.00000,87920.00000,96500.00000,104910.00000,110800.00000,118958.22943,124854.86610,133700.00000,141050.00000,148460.00000,150280.00000,153149.31417,161940.00000,166380.76683,177665.72319,200200.00000,210490.00000,240852.90524,248586.93664,255211.43044,272360.76060,278677.85761,300684.65056,305119.69301,309510.00000,315510.00000,318000.00000,319900.00000,321512.50816,333300.00000,341549.43890,366050.00000,381920.00000,385567.99477,414500.00000,441645.82294,458437.42652,468165.00000,498017.01995,524682.36447,559938.14500,638100.00000,711268.53037,728300.00000,732825.56110,743290.65970,749297.61594,761400.00000,766000.00000,791125.81047,831421.57107,869466.77057,961449.83671,1051100.00000,1122279.80050,1175679.22926,1243167.08229,1278864.14108,1329550.00000,1417317.64339,1715249.06484,1966280.00000,2060700.00000,2255000.00000,2619000.00000,3356300.00000,4393500.00000,5282924.25187,6900140.10451,10430500.00000,11374817.24363,1410.00000
66.00000,-25334.88778,-18529.61970,-1607.54364,-160.75436,1714.71322,3279.38903,5454.93142,9859.60100,15494.57871,18100.94140,22276.26388,29200.00000,35200.00000,41431.75810,44485.16003,49962.45636,52130.00000,57487.13259,63000.00000,69017.20698,74268.51621,78726.77057,84290.00000,86960.51600,95700.00000,97700.00000,101700.00000,107420.00000,110813.34165,116171.82045,122690.00000,125865.38210,128110.97322,137552.15087,142900.00000,149910.00000,150454.60483,152073.62843,160000.00000,164205.22444,172000.00000,173584.19334,185500.00000,205765.58603,218271.45656,222450.00000,244800.00000,252700.00000,273500.00000,281370.00000,287772.50163,296370.00000,302470.00000,320651.37157,328153.24190,331220.00000,337760.00000,347000.00000,376810.18942,386700.00000,394800.00000,396205.92269,402971.32593,422700.00000,444000.00000,459543.14214,495377.40039,545903.20052,574871.32593,604500.00000,627000.00000,640100.00000,695908.68713,704768.56608,742392.42325,762939.58197,769000.00000,794939.25539,810630.67332,828870.13717,860593.12968,941000.00000,1049252.44938,1116385.47382,1204759.63423,1261493.07980,1429500.00000,1497266.14713,1556500.00000,1797595.68909,2013621.55454,2150893.39152,2261287.79882,2512816.45983,3143600.00000,3693870.00000,5258051.60026,7882400.00000,12447087.00196,1375.00000
67.00000,-10160.00000,-3900.00000,-1599.00000,-64.30175,0.00000,1500.37406,4951.23441,6000.00000,7351.83292,8466.39651,11359.97506,18413.84716,19944.25810,31700.00000,33683.86675,40724.43890,41206.59700,46320.00000,50974.91835,55700.00000,64830.21555,70571.16584,79450.00000,82862.31221,88350.00000,94876.22469,98274.50125,108125.21228,113599.75062,119300.00000,121800.00000,136319.70075,141200.00000,149343.03723,158200.00000,160447.48530,163029.91509,166173.74265,166982.15545,180691.48922,186945.46048,199600.00000,204865.36160,210481.04738,229342.89277,252385.42332,255063.59102,263200.00000,287700.00000,308112.53117,316830.00000,351300.00000,367377.30673,382059.53865,408922.14239,416557.15219,438752.24439,450047.91771,469283.63161,495739.66646,522880.36160,577301.07232,627600.00000,632358.45852,695700.00000,720072.38155,751794.57606,777199.08556,781500.00000,828849.50125,877464.72894,892754.71945,922937.94905,995000.00000,1009966.08479,1070102.76290,1074500.00000,1133296.83292,1157217.08229,1192745.72175,1201020.72502,1284963.21696,1318100.00000,1399313.15461,1459297.38733,1736600.00000,2048760.78554,2059477.74314,2163065.64337,2466500.00000,2839213.12867,3052500.00000,3506200.00000,3906800.00000,4549800.00000,5644600.00000,6597771.26061,10345700.00000,15157000.00000,1220.00000
68.00000,-1684.00000,0.00000,32.15087,2133.31156,2310.00000,2829.27681,5058.40399,6500.00000,8584.28304,10110.00000,17575.81047,19794.88570,22280.00000,25700.00000,28380.00000,31550.72319,38130.00000,42030.00000,43939.52618,46993.85910,50413.52057,52400.00000,55621.00998,57550.06234,59843.49127,76600.00000,86200.00000,95325.34291,103500.00000,108991.45885,110516.76682,111437.45918,115020.00000,125002.59352,137402.11347,148545.85238,152080.00000,155610.22444,160447.48530,175070.00000,191522.74938,195478.70673,196040.10451,220090.38537,225738.04703,232000.00000,239600.00000,241402.16786,247454.55112,250776.80798,263208.47880,268200.00000,281855.98504,289260.00000,299003.11721,318200.00000,328922.95885,333000.00000,341210.00000,341870.94763,364852.41672,388824.10189,399313.84040,437605.52993,443253.36658,451398.25436,464000.00000,497995.58603,519450.93516,565533.85287,606197.32201,635850.00000,737455.28678,793000.00000,825500.00000,861500.00000,883830.97975,895317.17831,938591.14713,971500.00000,1115956.79551,1191398.36708,1214430.00000,1244057.47877,1318161.98563,1527001.95950,1872500.00000,2023300.00000,2080652.44938,2141065.94140,2819631.54613,2875200.00000,3333700.00000,3680972.95885,4292896.53821,4757000.00000,6101163.96509,8358876.09406,10427300.00000,1035.00000
69.00000,-760.90399,0.00000,0.00000,0.00000,1.07170,50.00000,1220.00000,1628.05356,1843.31671,5433.49751,5990.77930,7570.00000,8177.03865,9966.77057,14800.00000,19424.36316,21005.23691,22455.91117,37725.93076,37905.57805,46725.93516,50600.00000,50700.00000,67516.83292,70005.00000,72339.46384,77214.65056,82600.00000,82800.00000,97460.00000,102450.00000,104972.59975,106205.04988,115743.14214,117700.00000,124745.38653,137069.88778,144200.00000,145200.00000,147759.89549,150095.31025,155400.00000,158426.45330,167838.27307,173610.00000,180302.09476,193330.00000,202103.20052,212195.76060,218872.42519,234594.20200,238613.06110,241692.97191,247374.31744,253055.00000,271578.42269,291211.88903,304040.08728,324600.19595,336950.94709,340400.00000,359661.09726,367600.00000,375000.00000,397700.00000,401885.91022,441860.16209,473200.00000,494928.28217,538300.00000,582466.64589,632889.93142,660300.00000,717500.00000,742504.70281,753171.26061,781000.00000,858535.47382,1027369.16395,1122806.78641,1232771.63342,1298400.78380,1307618.93534,1347017.83148,1624100.00000,2081769.01496,2220300.00000,2421200.00000,2535000.00000,2733360.03741,3142143.37035,3514210.00000,3683000.00000,4043000.00000,5820000.00000,7088000.00000,8972000.00000,11704020.90137,13247874.31421,1085.00000
70.00000,-15831.41737,0.00000,0.00000,0.00000,0.00000,0.00000,20.00000,107.16958,1430.00000,3780.00000,4010.00000,4800.00000,7590.00000,13150.00000,13361.26715,17762.62573,20860.00000,34190.00000,39890.00000,47047.44389,51173.47257,52900.00000,56476.61659,59620.44415,67255.45395,71900.00000,78800.00000,84663.96509,88080.00000,94148.47257,96131.10973,99255.12737,108462.05095,113600.00000,116707.66833,122430.52369,127210.28678,133758.63488,136195.10124,141600.00000,141797.85108,141967.53741,147786.84539,158182.29426,168700.03266,170238.87157,175007.91771,179723.37905,187900.00000,202300.00000,204830.00000,211568.36708,212848.35402,220300.00000,234300.00000,244560.00000,257206.98254,281821.68517,281821.68517,289925.85411,299003.11721,325900.00000,330800.00000,332122.92619,334476.24688,342564.92489,353900.00000,410000.00000,448183.16708,454200.00000,498700.00000,502058.03396,529800.00000,550101.43392,572457.31548,579000.00000,583216.83292,599946.00374,666000.00000,737227.56368,768104.44154,838900.00000,916200.00000,1120457.91771,1160000.00000,1196000.00000,1284882.32528,1354355.51746,1596076.49626,1865300.00000,2019289.15212,2106096.50873,2528300.00000,2782100.00000,3345257.08687,4261907.38080,4844172.00748,7922000.00000,14572763.55323,1025.00000
71.00000,-11800.00000,-11518.75963,-10733.92554,-1050.00000,0.00000,0.00000,230.00000,803.77182,3580.00000,3697.35037,5700.00000,6590.92893,9825.00000,11400.00000,11770.00000,12100.00000,14259.50359,33550.00000,38259.53865,48020.00000,53863.42893,58385.36904,62662.05112,68427.77431,74268.51621,76799.21620,77950.00000,82381.25312,86710.00000,92780.00000,96335.85892,100669.84977,104168.82793,108241.27182,109420.13716,111820.73566,113189.02025,122160.15676,126850.00000,139002.09014,144088.35402,156555.00000,159265.00000,169563.70324,172100.00000,176510.00000,184224.50125,185789.17706,190000.00000,203204.23317,214160.00000,231507.71820,250315.97880,252500.00000,260625.69202,266102.54735,267225.34291,272746.57107,281700.00000,289679.36409,313596.79948,327400.00000,333700.00000,341700.00000,365019.57606,374236.15960,395100.00000,421605.11222,426774.59177,439349.90202,465491.05362,510200.00000,515149.83018,546993.51621,595979.88243,601818.41933,623512.59352,648640.11692,694351.68329,711740.10451,734120.00000,852855.48628,982852.18204,1020790.21197,1032073.67734,1244131.60848,1568800.00000,1624700.00000,1738873.48138,1771771.39125,1805567.53756,2146223.70999,2385900.00000,2386000.00000,4108500.00000,4657805.09471,6843663.48792,7433850.00000,10585604.24559,985.00000
72.00000,0.00000,0.00000,1.00000,30.00000,336.83867,1110.00000,2245.59112,7570.00000,25700.00000,29888.81777,30470.00000,32448.79164,32561.07120,36300.00000,37501.00000,42333.05424,47123.72959,51527.13217,72600.00000,84850.00000,100739.40150,103311.47132,107610.00000,115550.00000,133179.63217,135858.26257,138320.00000,145065.18615,149556.36839,151801.95950,152980.89484,158314.17374,158314.17374,166005.67332,169327.93017,173829.05237,176800.00000,187170.01960,188200.00000,194350.00000,205450.00000,221710.00000,247688.70020,252146.19856,267663.23318,268797.25669,272639.40150,280891.45885,314178.32918,332890.13716,341183.88635,349855.08105,352587.90524,361100.00000,377772.75561,384202.93017,394774.91835,399400.00000,405890.59438,441800.00000,445503.92768,447300.00000,448950.00000,479369.51372,487150.02494,494100.00000,499902.26649,509591.33416,557100.00000,574400.00000,589968.51621,593600.00000,615628.80470,622365.57805,624611.16917,680000.00000,747400.00000,769002.67799,816985.82918,853820.01247,930629.09863,945786.83867,973206.92020,1072600.00000,1221750.00000,1256071.39125,1328795.57357,1448664.51339,1553949.05291,1673774.43890,1812030.00000,2490200.00000,2743100.00000,3764284.38929,4489498.04050,5990338.86349,7241900.00000,10889994.12149,15379700.00000,870.00000
73.00000,-18870.00000,-10778.83736,-7843.74127,-4940.30046,-2990.00000,0.00000,240.00000,280.69889,540.00000,996.67706,4043.18681,4670.82952,4700.00000,5445.55846,9205.86658,9990.00000,13160.00000,14300.00000,15389.55112,15861.09726,17468.64090,18951.00000,20020.00000,25051.00000,28230.00000,30601.00000,32700.00000,36700.00000,52201.00000,53669.62769,63600.00000,71870.00000,79412.65586,85735.66085,87879.05237,97009.53625,100417.89277,105883.54115,107220.00000,111049.11471,129800.00000,129900.00000,145199.92162,159122.58654,164300.00000,173936.22195,183740.00000,191655.58785,193655.42394,204372.38155,214231.98254,216401.00000,218411.59601,218679.51995,229802.56695,233000.00000,259365.77400,272356.51862,273816.15284,280910.00000,292300.00000,294501.99501,313300.00000,334682.90007,349413.97779,351409.03990,352373.56608,363626.37157,366734.28928,387252.18811,416000.00000,450005.04988,452200.00000,467300.00000,477879.85661,532204.11471,578000.00000,629663.74918,694898.17113,695010.45069,722406.66231,733522.33834,774085.84788,891972.38155,1096559.10224,1115110.00000,1152437.36120,1180170.41150,1267816.08479,1578822.19451,1582519.54489,1671300.00000,1748000.00000,1941912.71820,2352300.00000,2694457.48130,4262000.00000,7328150.00000,10390911.49575,875.00000
74.00000,-8858.85696,-2346.64272,0.00000,643.01746,1425.35536,3225.80424,3858.10474,4383.23566,4715.74135,7150.00000,11006.31546,12271.98815,13585.82626,15831.41737,15831.41737,23421.51535,29383.55976,33510.00000,37590.00000,37950.48988,38045.19950,38045.19950,50000.00000,55395.95387,63258.30176,63426.72110,66357.21750,66357.21750,67255.45395,70700.00000,72700.00000,78800.00000,84700.00000,84800.00000,91737.15711,93944.85037,97424.97061,99900.00000,104383.16708,113806.55781,115198.82430,117672.19451,134713.01110,134713.01110,158500.00000,158500.00000,176615.74135,190605.77400,190605.77400,192100.00000,196601.50229,200192.76808,209430.00000,210400.00000,212600.00000,227521.00998,227950.00000,257000.00000,267800.00000,275600.00000,285700.00000,305594.04613,314167.61222,353659.60100,432100.00000,436930.36160,463937.09476,480399.00000,507447.94264,543574.80673,578239.71261,580485.30372,608723.19202,633784.40888,690386.40898,702982.29915,733297.77923,739380.00000,751200.00000,814000.00000,920000.00000,963775.99751,1018400.00000,1051400.00000,1081300.00000,1130424.68828,1232604.96408,1232604.96408,1319256.40960,1616900.00000,1857760.00000,1871600.00000,1875000.00000,2105600.00000,2837580.00000,3869153.49445,4422888.40399,6597359.10224,11839991.44350,685.00000
75.00000,-4950.00000,0.00000,0.00000,0.00000,0.00000,750.18703,1500.00000,5894.32668,7298.24813,8037.71820,28100.00000,28350.58785,29650.00000,30757.66833,34100.00000,34100.00000,37700.00000,46596.01568,54013.46633,64448.46506,65300.00000,72195.75441,73303.99002,75007.98628,75983.22943,85628.49127,87771.88279,89400.00000,98231.63342,112728.67407,113100.00000,113413.57936,116879.13965,125562.22730,147591.47616,147591.47616,170721.13466,174000.00000,181116.58354,187000.00000,187000.00000,189507.96135,197612.01829,205200.00000,206931.22142,206931.22142,216600.00000,218574.61137,223448.56608,227600.00000,227650.00000,232557.98005,257457.02155,257457.02155,257569.30111,271331.93267,290000.00000,292084.03658,295900.00000,301900.00000,305165.36783,312000.00000,312570.78554,319420.00000,326670.00000,331224.68975,331224.68975,336300.00000,350112.28803,364976.70823,366300.00000,370474.50748,380580.59850,465276.71446,505000.00000,517600.00000,537300.00000,579100.00000,580100.00000,600420.00000,625800.00000,688947.35467,715220.77074,751580.23691,883913.22943,1006536.65835,1069766.70823,1117778.67830,1156359.72569,1210158.85287,1295637.30673,1389150.00000,1984491.19077,2256700.00000,2497051.12219,2566598.36708,2568843.95820,4686739.90025,13385407.25016,685.00000
76.00000,-119060.00000,-101700.00000,-20660.00000,89.82364,560.00000,2032.25996,3215.08728,4378.90268,5097.49184,5501.69824,6580.21197,7750.00000,8200.00000,10026.56434,12000.00000,13035.65643,14671.51496,15415.98302,18218.82793,19344.10848,20147.88030,33234.74853,33234.74853,54700.00000,60800.00000,69017.20698,79510.00000,101401.00000,107812.59352,118829.62594,124316.70823,125495.57357,127600.00000,133000.00000,135970.54213,136000.00000,141900.00000,145671.49575,145671.49575,159100.00000,161570.28086,161570.28086,166100.00000,170721.13466,174086.25935,183015.67603,186330.00000,191940.71072,193666.14090,201403.78429,211016.89526,213588.96509,219281.97257,219500.00000,223009.17082,233766.03527,235742.15545,236737.59352,244095.75441,244657.15219,255063.59102,273440.00000,276390.33666,304524.61137,337584.16459,347500.00000,362018.82793,363090.52369,377920.00000,389834.61790,408500.00000,429400.00000,431300.00000,477974.06924,533750.00000,545385.97257,559971.82887,596339.17701,610800.00000,635973.86022,653000.00000,692000.00000,751258.72818,833900.00000,904000.00000,905085.49967,925600.00000,1010394.76309,1113384.72569,1155073.69077,1229236.57740,1417000.00000,1667344.26434,1947056.85786,1954451.55860,3064600.00000,4628439.65087,5283875.89811,10369207.85761,675.00000
77.00000,-1530.00000,32.15087,1821.88279,4018.85910,4181.75686,5030.00000,8490.00000,14100.00000,18400.00000,23513.00499,25230.00000,27756.92020,31640.00000,37164.53298,39466.26388,43221.49002,49290.72502,53370.44888,54062.60614,57094.15415,59800.62344,60967.79882,65748.53491,69928.14838,71200.00000,71803.61596,79291.82234,79303.05029,87000.00000,87771.88279,91780.00000,95059.41397,119577.72698,129100.00000,131300.00000,148270.00000,150251.74564,150650.00000,153070.71848,161718.89027,163000.00000,164000.00000,175115.08728,176936.97007,187484.40235,202014.65087,208817.51796,211670.62968,220045.47355,220447.81796,241400.00000,241900.00000,242300.00000,243140.00000,259700.00000,263004.85661,265340.00000,266809.37656,276589.45787,279351.53494,282495.36251,285291.12345,300235.56733,328474.75062,340667.40039,364683.99739,385381.79551,401993.07980,404565.14963,417400.00000,432200.00000,442400.00000,446897.13217,447770.86871,451891.52841,471012.73677,471125.01633,491200.00000,513117.57022,528836.70803,568400.00000,571166.10059,580216.08479,586043.14174,586400.00000,612924.23940,621100.00000,632514.83791,673080.00000,710695.04364,739697.71391,774943.20449,804920.00000,807800.00000,879219.20200,933018.32918,1321030.00000,3514911.49575,8424335.07511,625.00000
78.00000,-50.00000,-40.00000,1.00000,1.00000,50.00000,235.77307,785.95689,1393.20449,1393.20449,1628.05356,1918.33541,2151.00000,2245.59112,4750.00000,6000.00000,6800.00000,7073.19202,8027.98824,9109.41397,11789.35336,13610.53616,19397.69327,26385.69562,35700.00000,36100.00000,36600.00000,37938.02993,42920.00000,50144.04964,52600.00000,58946.76682,64210.00000,65051.93267,70978.41022,78150.00000,82000.00000,88900.00000,91479.95012,99850.00000,110303.43566,111000.00000,115412.15545,122601.99501,122816.33416,149600.00000,155600.00000,201800.00000,205820.00000,221400.00000,221400.00000,240200.00000,257750.00000,273068.07980,292300.00000,305000.00000,305900.00000,317300.00000,317400.00000,319600.00000,324830.00000,327450.00000,336838.66754,336838.66754,336838.66754,361764.72894,376300.00000,379900.00000,405834.45460,415925.12469,420920.00000,494030.04572,531200.00000,554281.04738,602267.53756,607000.00000,618705.00000,669274.00249,732504.05237,810737.84289,831632.21424,857815.80666,1020700.00000,1023400.00000,1072831.15611,1073953.95167,1099441.41084,1140605.79800,1193419.39909,1218400.00000,1367901.82887,1771400.00000,1938500.00000,2290964.02743,2385940.56172,3075338.15461,3152393.07980,3714207.70738,4941932.09476,7110000.00000,615.00000
79.00000,-125000.00000,-2200.00000,0.00000,0.00000,60.00000,260.00000,1077.05424,1320.00000,3643.76559,3643.76559,6400.00000,7930.54863,9345.18703,9757.09340,9869.37296,28000.00000,33544.07731,48841.60679,50050.00000,55578.38014,58320.00000,62662.05112,64300.00000,71971.19530,72083.47485,87106.47943,87982.25996,94973.67830,96706.38145,114400.00000,114400.00000,119000.00000,122200.00000,126000.00000,128000.00000,130019.72567,133704.76309,133854.80050,137767.01502,137767.01502,146983.07357,158987.85108,160110.64664,186150.00000,186150.00000,189191.05160,210188.45134,210188.45134,216699.54278,216699.54278,222762.63880,224295.20574,243085.23841,251816.35287,252888.04863,259200.00000,261600.93516,267923.94015,306300.00000,307300.00000,310100.00000,317082.62469,340200.00000,381000.00000,394051.81421,401918.06110,406000.00000,409708.09928,409708.09928,423105.48628,423212.65586,429535.66085,457689.10848,490536.58354,531561.09726,552000.00000,568700.00000,615800.00000,947689.84414,1011680.79800,1075950.39277,1170720.44888,1248000.00000,1260207.04489,1263000.00000,1274260.67929,1285544.77466,1374919.30111,1493318.09275,1619100.00000,1635600.00000,1640659.03990,1654730.40524,1676346.50873,1839308.56608,1841923.50374,2698000.00000,7900300.00000,13414000.00000,515.00000
80.00000,-44040.00000,-16841.93338,-16841.93338,0.00000,0.00000,0.00000,56.13978,56.13978,1714.71322,1789.73192,4500.00000,8926.22469,12687.58981,14114.23317,16396.94514,22827.11970,40982.03788,54195.65461,55740.00000,58800.00000,60100.00000,60930.00000,62517.25669,63651.28021,67000.00000,68000.00000,70174.63840,75788.70020,76237.81842,78371.12998,78371.12998,83785.17456,87016.65578,90000.00000,97717.21945,97795.49314,97795.49314,106182.77596,111942.71718,115528.80299,116770.73808,116883.01764,127000.00000,143789.42020,143843.00499,159900.00000,177000.00000,178008.66584,182000.00000,189000.00000,199442.58105,208000.00000,215625.18703,218052.51143,224841.77057,235502.00000,235989.17048,237166.27182,240702.00000,246402.00000,253751.79621,254874.59177,259691.38472,265223.26683,284740.95363,289968.72195,293537.46883,304147.25686,309756.83867,336900.00000,425800.00000,450133.65337,458257.10723,466830.67332,511306.04738,518506.98890,518506.98890,551666.10973,616010.72319,644201.00000,659853.79676,709784.10224,832086.02244,887008.49118,922837.21945,953230.51122,1032900.37406,1040270.08491,1066337.28180,1177579.30175,1287846.50555,1457400.00000,1770119.88778,1966500.00000,2222321.91397,2368447.63092,3688158.85042,4002750.00000,7284000.00000,500.00000
81.00000,-5240.00000,-3790.00000,0.00000,112.27956,120.00000,220.00000,538.94187,7008.89027,8610.00000,8680.00000,13181.85786,14300.00000,23240.00000,26299.41397,31800.00000,32365.21197,37265.58459,45868.57855,56585.53616,57700.00000,77100.00000,100390.00000,117500.00000,117500.00000,128335.53233,132354.42643,132354.42643,143450.00000,145500.00000,145500.00000,149823.06733,175717.50490,187731.41737,203338.27564,206408.60349,208391.24065,209945.19950,221415.28413,231764.92519,239380.01306,243500.00000,245300.00000,249700.00000,251400.00000,254420.57357,254849.25187,273300.00000,274300.00000,280200.00000,280462.78055,283142.01995,287480.00000,306184.55050,310116.13325,310228.41280,315730.11104,337400.06532,337800.00000,341329.84977,357500.00000,372842.95511,372992.68452,375350.55519,375799.67342,378500.00000,381975.04899,411488.30424,418522.04442,418522.04442,430500.18703,456528.67407,459897.06074,476289.87590,476402.15545,503200.00000,509800.00000,549994.26434,563643.37035,563643.37035,577300.00000,593076.43392,622430.18080,635751.35910,700438.91521,740970.44888,848799.75833,865800.00000,915935.49875,935288.70020,935288.70020,973000.00000,1170963.48792,1181068.64794,1211300.00000,1328859.87531,1459521.94644,1616438.71571,2805152.93641,4130820.00000,540.00000
82.00000,-12227.24363,56.13978,1122.79556,4661.87656,5910.00000,6108.66584,8242.41209,9701.00000,10183.75572,12754.95754,13866.52515,18500.00000,20410.00000,27542.58105,29417.24363,33122.46897,34806.66231,40778.02369,52513.09227,57900.00000,58000.00000,60550.81047,65694.95012,66300.00000,71482.10723,73093.99086,86000.00000,100525.06234,102700.00000,116000.00000,116920.93579,124181.18877,127285.30549,136748.37905,137820.07481,150680.42394,151846.87133,152116.34226,165791.33416,170664.92489,182831.29676,195000.00000,198395.00000,198622.53429,208390.85565,221752.12280,228488.89615,228488.89615,229200.00000,239845.51122,248633.41646,252000.00000,252100.00000,257850.00000,271500.00000,277779.62116,277779.62116,279239.25539,279351.53494,284800.00000,291072.56858,299431.79551,311014.36969,311400.00000,313259.96081,314382.75637,345000.00000,359233.49065,369736.57740,369736.57740,430700.00000,458364.27681,472189.15212,481191.39651,498540.00000,533275.81047,555191.98878,556232.91966,574800.00000,598000.00000,613545.82294,623834.10224,635500.00000,673500.00000,681649.18354,710841.86806,726561.00588,789750.00000,804843.51621,875892.81515,1004340.62704,1004340.62704,1030756.98254,1231470.00000,1516896.79948,1773763.65337,3081500.00000,4594872.40366,6699900.74461,565.00000
83.00000,-1393.20449,0.00000,300.00000,321.50873,321.50873,1720.00000,2000.00000,2000.00000,2874.35663,2986.63619,3761.65212,4350.00000,11300.00000,14484.06270,18100.00000,18100.00000,35365.96010,36437.65586,43900.00000,44400.00000,47200.00000,48880.04364,49437.32544,59800.00000,82306.23441,90557.22007,94000.00000,94737.90524,95000.00000,103072.63227,108400.00000,109280.00000,111605.87851,112200.00000,114600.00000,117779.36409,119922.75561,132461.59601,149971.80274,153115.63031,161290.21197,161290.21197,163800.00000,164826.38798,181000.00000,192219.35162,198061.13651,198061.13651,198061.13651,204200.00000,211658.84102,214903.06989,220900.00000,226400.00000,227927.49837,230000.00000,233541.47616,236000.00000,236100.00000,241064.20640,246490.02494,259564.71322,275100.00000,283000.00000,288600.00000,290804.04964,296530.30699,297000.00000,306000.00000,311238.92880,353119.20314,356337.76870,374021.82045,448880.00000,450880.00000,463079.73815,470300.00000,471400.00000,499868.58263,539278.70673,587407.16334,865787.65513,920018.68060,920130.96016,956150.00000,1023989.54931,1086416.98236,1142200.00000,1261600.24938,1313400.00000,1447171.19530,1793590.02494,1952629.67581,2038365.33666,3230300.00000,3386800.52253,4303001.69824,7437397.77923,14615000.00000,480.00000
84.00000,-37059.23940,-36094.71322,0.00000,0.00000,0.00000,2572.06983,2600.00000,2600.00000,2600.00000,3643.76559,3705.22534,3817.50490,4640.44264,4972.66833,8800.00000,8800.00000,44046.69576,44046.69576,44046.69576,92518.35402,105240.52369,105797.80549,127549.57544,129200.00000,129200.00000,138500.00000,141300.00000,142100.00000,143268.71326,154056.26559,158750.00000,160500.00000,175540.00000,180871.13651,191770.00000,192690.89776,204693.89027,210063.82103,213400.00000,214500.00000,216300.00000,217000.00000,217000.00000,231500.00000,235987.40648,238666.64589,245632.66833,260600.84912,261611.36512,261723.64468,270800.00000,272317.89277,296859.72569,298663.61855,301100.00000,301200.00000,301200.00000,307645.98302,316150.24938,335715.87198,417318.32918,418390.02494,418390.02494,437787.71820,443050.00000,461300.00000,467795.19950,468009.53865,473200.00000,513256.53367,534133.16708,537991.27182,558050.00000,565500.00000,594362.46883,596000.00000,596000.00000,606100.00000,617939.77556,618046.94514,631011.10385,631011.10385,631011.10385,631228.80299,670902.98005,686742.64339,760475.31172,893794.26434,925248.53491,926320.23067,937365.87198,937478.15153,1082519.88778,1354200.00000,1515886.28347,1787041.41084,1799109.25810,1804574.90648,2922468.41933,310.00000
85.00000,-22.45591,0.00000,235.77307,280.69889,449.11822,525.13092,898.23645,898.23645,1961.20324,4436.82045,4586.85786,6961.33246,9900.00000,18969.01496,19933.54115,28490.00000,39500.00000,40645.19922,42117.64339,43189.33915,47381.97257,55466.10059,55850.00000,56100.00000,91833.44873,105879.62116,113065.51274,115600.00000,117900.00000,118800.00000,119300.00000,121600.00000,123450.00000,123450.00000,128000.00000,128000.00000,131550.00000,144700.00000,144700.00000,144800.00000,153500.00000,158480.00000,161900.00000,162390.00000,162700.00000,163000.00000,172000.00000,175156.10712,194700.00000,194800.00000,215600.00000,220019.13965,225591.95761,227815.21881,227927.49837,227927.49837,231900.00000,239100.00000,244769.43174,246509.76486,246554.67668,247531.50882,248474.65709,249100.00000,249114.65056,258692.09667,258692.09667,259253.49445,263856.95624,264418.35402,270000.00000,270000.00000,276518.94015,277590.63591,321344.08883,390845.13390,440798.30830,450900.00000,451000.00000,452000.00000,614724.68828,638891.42768,788600.00000,864934.33050,900358.53037,909352.12280,910362.63880,948100.00000,1209812.21424,1536500.00000,2635800.00000,2929485.89157,3081300.00000,3150676.61659,3829200.00000,4513875.37406,4869300.00000,6187221.13466,6187328.30424,320.00000
86.00000,-20210.00000,-19220.00000,100.00000,100.00000,100.00000,3910.00000,3910.00000,4917.84455,5000.00000,5300.00000,7949.39255,8400.00000,10200.00000,12361.97910,21900.00000,22200.00000,54870.00000,56980.00000,65587.78055,65694.95012,71900.00000,73800.00000,76300.00000,77360.61398,77360.61398,86600.00000,87300.00000,87500.00000,89465.16209,89615.19950,93901.98254,109463.00499,116961.61332,116961.61332,118095.63684,119207.20444,144000.00000,144000.00000,144000.00000,163928.15153,164264.99020,166274.79425,169676.86479,177626.25735,177963.09602,183464.79425,198959.37296,205100.00000,208000.00000,208839.97387,210255.99127,215600.00000,216000.00000,216000.00000,216000.00000,230275.26808,238032.65839,242523.84063,253751.79621,253751.79621,267360.07838,287107.29426,287214.46384,287214.46384,328474.75062,328581.92020,329546.44638,386241.67211,392978.44546,420000.00000,453600.00000,485047.68125,485047.68125,486170.47681,564183.51621,565308.79676,570200.00000,632500.00000,633500.00000,648300.00000,648400.00000,734670.00000,742800.00000,770100.00000,770900.00000,789662.11626,794377.85761,805600.00000,820600.00000,875361.09726,918689.75686,923387.06728,923387.06728,937840.96010,1041900.00000,1263850.81047,1355909.47631,1458577.93017,3114990.89776,280.00000
87.00000,420.00000,1071.69576,1071.69576,1130.00000,1160.00000,1740.33312,1821.88279,1821.88279,1821.88279,2133.31156,2220.00000,2270.00000,2520.00000,2537.51796,2806.98890,7750.00000,7850.00000,8084.12802,8420.96669,8533.24624,8757.80536,9645.26185,14854.58524,15539.49053,15650.00000,15650.00000,15719.13782,15719.13782,15719.13782,15719.13782,15719.13782,15865.10124,21969.76309,30543.32918,45753.91901,46932.85434,50584.03990,71374.93766,74564.85304,80200.00000,80200.00000,80200.00000,80200.00000,80490.00000,80540.00000,80550.00000,94123.95167,94730.26127,95541.67706,95541.67706,95541.67706,98810.34913,103418.64090,123727.27556,128710.66085,134444.23317,143285.72319,153681.17207,158314.17374,159436.96930,168470.57357,169542.26933,171471.32170,176278.90268,179647.28935,201157.29426,243646.63619,277354.86284,288500.49875,318936.65835,450465.57805,450577.85761,450577.85761,450690.13717,521058.47880,568234.52618,590622.25062,600020.00000,707000.00000,730039.15212,782700.00000,782800.00000,933000.00000,944800.00000,968800.00000,980800.00000,1009323.06733,1077911.59601,1274600.00000,1772332.78903,1829256.05985,2338440.14963,2487405.86035,2665000.00000,2665000.00000,4148200.00000,5073913.12867,7313890.26780,11900002.55611,240.00000
88.00000,-203.62219,-128.60349,-15.00000,-15.00000,-10.00000,1571.91378,1571.91378,1571.91378,1571.91378,7298.17113,8196.40758,8645.52580,10105.16003,12705.00000,12710.00000,19240.00000,21750.00000,29050.00000,32200.00000,32200.00000,74900.00000,78400.00000,78600.00000,94200.00000,95230.00000,96216.84539,96827.71197,97760.08728,109780.00000,111130.00000,125100.00000,126460.09975,126460.09975,128500.00000,132100.00000,137100.00000,159130.00000,164601.82887,164601.82887,164601.82887,164601.82887,164601.82887,165130.00000,166552.23815,167559.63217,167591.78304,176100.00000,177100.00000,177100.00000,198734.81385,198734.81385,198847.09340,198847.09340,215352.18811,215352.18811,215352.18811,215352.18811,270600.00000,270600.00000,270817.51870,280516.36534,287964.65087,323365.12084,323365.12084,331224.68975,350312.21424,352557.80536,381738.02993,422732.52776,422732.52776,422732.52776,422844.80732,450433.72818,458900.12469,463294.07731,463294.07731,499303.05486,549181.76355,557816.06140,563430.03919,648483.10474,825142.45591,825254.73547,825367.01502,825367.01502,1027357.93599,1027357.93599,1027357.93599,1027357.93599,1087315.21881,1252705.17456,1253776.87032,1260450.29393,1367115.87198,1530100.00000,1829000.00000,5341749.63217,8306000.00000,12871066.08479,230.00000
89.00000,336.83867,336.83867,336.83867,336.83867,1347.35467,1347.35467,1347.35467,1347.35467,1347.35467,2464.90025,2464.90025,2464.90025,2464.90025,85200.00000,98200.00000,99200.00000,104168.82793,110600.00000,111670.69825,112223.41607,112335.69562,112335.69562,112369.37949,112526.57087,112526.57087,112526.57087,112635.22444,114885.78554,122280.48628,127000.00000,127000.00000,127000.00000,135858.26257,135858.26257,135858.26257,135858.26257,135858.26257,136981.05813,136981.05813,136981.05813,154620.00000,159168.25436,159232.55611,159554.06484,159575.49875,159575.49875,162850.00000,171680.00000,182188.27930,182188.27930,182188.27930,182188.27930,197000.00000,199000.00000,200000.00000,206000.00000,207000.00000,235500.00000,259390.00000,261922.44389,263851.49626,267388.09227,274675.62344,288178.99002,288178.99002,288178.99002,288286.15960,292251.43392,294823.50374,314864.21446,398580.00000,411102.49377,411209.66334,411488.30424,413663.84663,574428.92768,626513.34165,626620.51122,668738.15461,697031.48269,698041.99869,698041.99869,698041.99869,698041.99869,716141.46310,722322.94264,1040629.37949,1041954.27825,1046445.46048,1048691.05160,1090234.48726,1215785.48661,1433585.36904,1451550.09798,1775400.00000,2835058.78511,3921227.61845,4414000.00000,4414000.00000,150.00000
90.00000,0.00000,0.00000,0.00000,471.57413,471.57413,505.25800,505.25800,505.25800,6140.81671,8037.71820,10716.95761,10716.95761,11788.65337,11788.65337,12324.50125,54000.00000,58000.00000,62000.00000,63000.00000,82500.00000,82500.00000,82600.00000,88050.00000,88150.00000,88150.00000,88150.00000,191630.00000,224900.00000,225600.00000,226800.00000,229600.00000,229600.00000,229600.00000,229700.00000,229700.00000,241064.20640,244769.43174,244881.71130,246229.06597,251506.20509,251506.20509,255000.00000,255000.00000,255000.00000,255000.00000,256200.00000,256200.00000,256200.00000,256200.00000,256200.00000,303772.33834,303772.33834,320647.95558,324927.43766,348500.00000,349155.73481,361800.00000,383549.19576,388453.57936,392200.00000,398500.00000,417822.02618,420711.49575,426886.87133,426886.87133,426886.87133,426886.87133,435195.55846,435195.55846,455577.86783,457651.46963,465511.03854,466187.65586,473370.60745,479048.00499,480226.87032,485478.17955,488800.43641,491908.35411,492570.41150,525452.43142,652716.30299,659092.89277,659628.74065,746322.20771,747445.00327,747445.00327,747445.00327,747445.00327,898500.00000,1474657.23057,1474657.23057,1475780.02613,1651483.16708,2121957.60599,2121957.60599,3590180.79800,8623721.44638,9299891.05160,145.00000
91.00000,7971.84847,7971.84847,7971.84847,7971.84847,7971.84847,7971.84847,7971.84847,7971.84847,7971.84847,15539.58853,28968.12541,28968.12541,28968.12541,28968.12541,28968.12541,29192.68452,29304.96408,32686.72070,32686.72070,34020.00000,34030.00000,34040.00000,34100.00000,34100.00000,49230.00000,50040.00000,50040.00000,50620.00000,50640.00000,50640.00000,51900.00000,55192.33167,55621.00998,55728.17955,55942.51870,55942.51870,69124.37656,103820.00000,103870.00000,103880.00000,103960.00000,104240.00000,123395.23187,125416.26388,126314.50033,149700.00000,180700.00000,180700.00000,196700.00000,202400.00000,202400.00000,205500.00000,207373.12968,244882.48130,248633.41646,248633.41646,250776.80798,267923.94015,276497.50623,280784.28928,280784.28928,388000.00000,388000.00000,388000.00000,388000.00000,388000.00000,388000.00000,388000.00000,610239.38602,610239.38602,610463.94513,624274.33050,624274.33050,646730.24167,736100.00000,744700.00000,745536.25082,751000.00000,952000.00000,967063.81450,967063.81450,967512.93272,967512.93272,986342.21424,986342.21424,994572.30568,1002095.03592,1002095.03592,1310000.00000,1323000.00000,1330000.00000,1388000.00000,2061050.00000,2337772.63227,2417378.83736,2584675.37557,2780050.00000,2909050.00000,3852853.42893,105.00000
92.00000,-1780.00000,-1770.00000,-1770.00000,-1770.00000,-1770.00000,-1770.00000,-1770.00000,-1770.00000,-1770.00000,78983.97756,78983.97756,82020.21555,91094.13965,91094.13965,91676.25735,91676.25735,94438.33442,106833.99739,106833.99739,116815.64990,116815.64990,119386.90773,154050.00000,154050.00000,155050.00000,155050.00000,155050.00000,155050.00000,155050.00000,155150.00000,165684.16459,165684.16459,190225.99751,190225.99751,229499.41215,229499.41215,229499.41215,229499.41215,231632.72371,231632.72371,231632.72371,231632.72371,231632.72371,233990.59438,233990.59438,233990.59438,246004.50686,246004.50686,246004.50686,246004.50686,246004.50686,246004.50686,246004.50686,246116.78641,246116.78641,246116.78641,246116.78641,246116.78641,264200.00000,264200.00000,294500.00000,303300.00000,303300.00000,327500.00000,371196.21163,371196.21163,371196.21163,371308.49118,371308.49118,372431.28674,372431.28674,373441.80274,373441.80274,373554.08230,373554.08230,373554.08230,381000.00000,605186.80601,605186.80601,608555.19268,633256.69497,633256.69497,642239.05944,648975.83279,648975.83279,833226.58393,833226.58393,833787.98171,833787.98171,834461.65905,834461.65905,841198.43240,841198.43240,841198.43240,841647.55062,841647.55062,1060974.43501,10023400.00000,10029400.00000,70.00000
93.00000,0.00000,0.00000,0.00000,0.00000,0.00000,0.00000,0.00000,8320.00000,8320.00000,8320.00000,8320.00000,8320.00000,8320.00000,10716.95761,10716.95761,10716.95761,10716.95761,10716.95761,27171.65251,27283.93207,27283.93207,27283.93207,27283.93207,27283.93207,27283.93207,27283.93207,78501.71446,79573.41022,82338.38529,82563.44140,83485.09975,84020.94763,84128.11721,91362.06359,93505.45511,99935.62968,140970.00000,155140.00000,155140.00000,197727.86783,197727.86783,197835.03741,201080.00000,201080.00000,207090.00000,209623.69077,235022.88030,235022.88030,235022.88030,235022.88030,235022.88030,235558.72818,235558.72818,235558.72818,235558.72818,235665.89776,236094.57606,256300.00000,256400.00000,273100.00000,276000.00000,276000.00000,277000.00000,277000.00000,296418.02743,296418.02743,296418.02743,296418.02743,296418.02743,296418.02743,296418.02743,296418.02743,307780.30549,310931.09102,314671.30923,314920.00000,314920.00000,317436.28429,320008.35411,336500.00000,336810.00000,343960.00000,432740.00000,549271.58720,549271.58720,549832.98498,564990.72502,564990.72502,564990.72502,569369.62769,569369.62769,592647.75561,626942.01995,628013.71571,863400.00000,953400.00000,1035400.00000,1159400.00000,1230300.00000,85.00000
94.00000,0.00000,0.00000,0.00000,0.00000,0.00000,0.00000,0.00000,0.00000,0.00000,0.00000,0.00000,600.00000,600.00000,600.00000,600.00000,600.00000,600.00000,600.00000,600.00000,600.00000,600.00000,600.00000,600.00000,600.00000,600.00000,600.00000,600.00000,62700.00000,62700.00000,65800.00000,65800.00000,65800.00000,66600.00000,66600.00000,66600.00000,66700.00000,66700.00000,76840.58603,76840.58603,77483.60349,77483.60349,77483.60349,77912.28180,77912.28180,79841.33416,79841.33416,79841.33416,79841.33416,81400.00000,81400.00000,81400.00000,111349.18953,111349.18953,112635.22444,112635.22444,112635.22444,114671.44638,114671.44638,115528.80299,115528.80299,115528.80299,116814.83791,116814.83791,230950.43641,230950.43641,230950.43641,230950.43641,230950.43641,230950.43641,230950.43641,230950.43641,230950.43641,230950.43641,230950.43641,230950.43641,260700.00000,260700.00000,260700.00000,260700.00000,261000.00000,261000.00000,261000.00000,261000.00000,261000.00000,261000.00000,261000.00000,261000.00000,261200.00000,261200.00000,261200.00000,262700.00000,262700.00000,262700.00000,262700.00000,2666914.90025,2666914.90025,3340475.68579,3555886.53367,3577320.44888,50.00000
95.00000,0.00000,0.00000,0.00000,0.00000,0.00000,0.00000,0.00000,0.00000,0.00000,21.43392,21.43392,32.15087,42.86783,85.73566,3536.59601,3536.59601,3536.59601,3536.59601,21433.91521,21433.91521,22505.61097,23577.30673,24649.00249,24649.00249,25720.69825,117400.00000,117400.00000,117600.00000,117900.00000,117900.00000,119200.00000,120400.00000,121000.00000,121000.00000,124300.00000,147700.00000,147700.00000,147700.00000,147700.00000,147700.00000,180545.52580,180545.52580,180545.52580,180545.52580,180545.52580,180545.52580,180545.52580,180545.52580,180545.52580,180545.52580,183610.00000,184350.00000,184640.00000,184640.00000,185120.00000,185150.00000,194600.00000,194600.00000,227500.00000,235000.00000,251300.00000,251300.00000,306290.64838,316364.58853,316364.58853,319365.33666,323009.10224,323009.10224,332654.36409,470900.45722,473000.08491,473000.08491,473146.04833,475167.08034,487854.67015,564472.87406,564847.96758,565855.36160,566284.03990,566391.20948,583538.34165,831570.00000,831640.00000,831700.00000,832230.00000,832600.00000,1573892.39401,1573892.39401,1593182.91771,1593182.91771,1593182.91771,1644517.14464,1644517.14464,1722858.10474,1722858.10474,1747399.93766,1747399.93766,7094720.57479,7095843.37035,105.00000
