,Codes:,Interest_Income
0,1.0,647877000000.0
1,11.0,15017046357.707891
2,111.0,3003409271.5415783
3,1111.0,600681854.3083156
4,11111.0,85811693.47261652
5,111110.0,85811693.47261652
6,11112.0,85811693.47261652
7,111120.0,85811693.47261652
8,11113.0,85811693.47261652
9,111130.0,85811693.47261652
10,11114.0,85811693.47261652
11,111140.0,85811693.47261652
12,11115.0,85811693.47261652
13,111150.0,85811693.47261652
14,11116.0,85811693.47261652
15,111160.0,85811693.47261652
16,11119.0,85811693.47261652
17,111191.0,42905846.73630826
18,111199.0,42905846.73630826
19,1112.0,600681854.3083156
20,11121.0,600681854.3083156
21,111211.0,300340927.1541578
22,111219.0,300340927.1541578
23,1113.0,600681854.3083156
24,11131.0,200227284.76943853
25,111310.0,200227284.76943853
26,11132.0,200227284.76943853
27,111320.0,200227284.76943853
28,11133.0,200227284.76943853
29,111331.0,28603897.824205507
30,111332.0,28603897.824205507
31,111333.0,28603897.824205507
32,111334.0,28603897.824205507
33,111335.0,28603897.824205507
34,111336.0,28603897.824205507
35,111339.0,28603897.824205507
36,1114.0,600681854.3083156
37,11141.0,300340927.1541578
38,111411.0,150170463.5770789
39,111419.0,150170463.5770789
40,11142.0,300340927.1541578
41,111421.0,150170463.5770789
42,111422.0,150170463.5770789
43,1119.0,600681854.3083156
44,11191.0,120136370.86166313
45,111910.0,120136370.86166313
46,11192.0,120136370.86166313
47,111920.0,120136370.86166313
48,11193.0,120136370.86166313
49,111930.0,120136370.86166313
50,11194.0,120136370.86166313
51,111940.0,120136370.86166313
52,11199.0,120136370.86166313
53,111991.0,40045456.95388771
54,111992.0,40045456.95388771
55,111998.0,40045456.95388771
56,112.0,3003409271.5415783
57,1121.0,500568211.9235964
58,11211.0,166856070.64119878
59,112111.0,83428035.32059939
60,112112.0,83428035.32059939
61,11212.0,166856070.64119878
62,112120.0,166856070.64119878
63,11213.0,166856070.64119878
64,112130.0,166856070.64119878
65,1122.0,500568211.9235964
66,11221.0,500568211.9235964
67,112210.0,500568211.9235964
68,1123.0,500568211.9235964
69,11231.0,100113642.38471928
70,112310.0,100113642.38471928
71,11232.0,100113642.38471928
72,112320.0,100113642.38471928
73,11233.0,100113642.38471928
74,112330.0,100113642.38471928
75,11234.0,100113642.38471928
76,112340.0,100113642.38471928
77,11239.0,100113642.38471928
78,112390.0,100113642.38471928
79,1124.0,500568211.9235964
80,11241.0,250284105.9617982
81,112410.0,250284105.9617982
82,11242.0,250284105.9617982
83,112420.0,250284105.9617982
84,1125.0,500568211.9235964
85,11251.0,500568211.9235964
86,112511.0,166856070.64119878
87,112512.0,166856070.64119878
88,112519.0,166856070.64119878
89,1129.0,500568211.9235964
90,11291.0,125142052.9808991
91,112910.0,125142052.9808991
92,11292.0,125142052.9808991
93,112920.0,125142052.9808991
94,11293.0,125142052.9808991
95,112930.0,125142052.9808991
96,11299.0,125142052.9808991
97,112990.0,125142052.9808991
98,113.0,3003409271.5415783
99,1131.0,1001136423.8471928
100,11311.0,1001136423.8471928
101,113110.0,1001136423.8471928
102,1132.0,1001136423.8471928
103,11321.0,1001136423.8471928
104,113210.0,1001136423.8471928
105,1133.0,1001136423.8471928
106,11331.0,1001136423.8471928
107,113310.0,1001136423.8471928
108,114.0,3003409271.5415783
109,1141.0,1501704635.7707891
110,11411.0,1501704635.7707891
111,114111.0,500568211.9235964
112,114112.0,500568211.9235964
113,114119.0,500568211.9235964
114,1142.0,1501704635.7707891
115,11421.0,1501704635.7707891
116,114210.0,1501704635.7707891
117,115.0,3003409271.5415783
118,1151.0,1001136423.8471928
119,11511.0,1001136423.8471928
120,115111.0,166856070.64119878
121,115112.0,166856070.64119878
122,115113.0,166856070.64119878
123,115114.0,166856070.64119878
124,115115.0,166856070.64119878
125,115116.0,166856070.64119878
126,1152.0,1001136423.8471928
127,11521.0,1001136423.8471928
128,115210.0,1001136423.8471928
129,1153.0,1001136423.8471928
130,11531.0,1001136423.8471928
131,115310.0,1001136423.8471928
132,21.0,15948049231.719082
133,211.0,5316016410.573028
134,2111.0,5316016410.573028
135,21111.0,5316016410.573028
136,211111.0,2658008205.286514
137,211112.0,2658008205.286514
138,212.0,5316016410.573028
139,2121.0,1772005470.1910093
140,21211.0,1772005470.1910093
141,212111.0,590668490.0636698
142,212112.0,590668490.0636698
143,212113.0,590668490.0636698
144,2122.0,1772005470.1910093
145,21221.0,443001367.5477523
146,212210.0,443001367.5477523
147,21222.0,443001367.5477523
148,212221.0,221500683.77387616
149,212222.0,221500683.77387616
150,21223.0,443001367.5477523
151,212231.0,221500683.77387616
152,212234.0,221500683.77387616
153,21229.0,443001367.5477523
154,212291.0,221500683.77387616
155,212299.0,221500683.77387616
156,2123.0,1772005470.1910093
157,21231.0,590668490.0636698
158,212311.0,147667122.51591745
159,212312.0,147667122.51591745
160,212313.0,147667122.51591745
161,212319.0,147667122.51591745
162,21232.0,590668490.0636698
163,212321.0,147667122.51591745
164,212322.0,147667122.51591745
165,212324.0,147667122.51591745
166,212325.0,147667122.51591745
167,21239.0,590668490.0636698
168,212391.0,147667122.51591745
169,212392.0,147667122.51591745
170,212393.0,147667122.51591745
171,212399.0,147667122.51591745
172,213.0,5316016410.573028
173,2131.0,5316016410.573028
174,21311.0,5316016410.573028
175,213111.0,1063203282.1146055
176,213112.0,1063203282.1146055
177,213113.0,1063203282.1146055
178,213114.0,1063203282.1146055
179,213115.0,1063203282.1146055
180,22.0,26579082049.77812
181,221.0,26579082049.77812
182,2211.0,8859694016.592707
183,22111.0,4429847008.296353
184,221111.0,553730876.0370442
185,221112.0,553730876.0370442
186,221113.0,553730876.0370442
187,221114.0,553730876.0370442
188,221115.0,553730876.0370442
189,221116.0,553730876.0370442
190,221117.0,553730876.0370442
191,221118.0,553730876.0370442
192,22112.0,4429847008.296353
193,221121.0,2214923504.1481767
194,221122.0,2214923504.1481767
195,2212.0,8859694016.592707
196,22121.0,8859694016.592707
197,221210.0,8859694016.592707
198,2213.0,8859694016.592707
199,22131.0,2953231338.8642354
200,221310.0,2953231338.8642354
201,22132.0,2953231338.8642354
202,221320.0,2953231338.8642354
203,22133.0,2953231338.8642354
204,221330.0,2953231338.8642354
205,23.0,9092028067.142582
206,236.0,3030676022.380861
207,2361.0,1515338011.1904304
208,23611.0,1515338011.1904304
209,236115.0,378834502.7976076
210,236116.0,378834502.7976076
211,236117.0,378834502.7976076
212,236118.0,378834502.7976076
213,2362.0,1515338011.1904304
214,23621.0,757669005.5952152
215,236210.0,757669005.5952152
216,23622.0,757669005.5952152
217,236220.0,757669005.5952152
218,237.0,3030676022.380861
219,2371.0,757669005.5952152
220,23711.0,252556335.19840506
221,237110.0,252556335.19840506
222,23712.0,252556335.19840506
223,237120.0,252556335.19840506
224,23713.0,252556335.19840506
225,237130.0,252556335.19840506
226,2372.0,757669005.5952152
227,23721.0,757669005.5952152
228,237210.0,757669005.5952152
229,2373.0,757669005.5952152
230,23731.0,757669005.5952152
231,237310.0,757669005.5952152
232,2379.0,757669005.5952152
233,23799.0,757669005.5952152
234,237990.0,757669005.5952152
235,238.0,3030676022.380861
236,2381.0,757669005.5952152
237,23811.0,94708625.6994019
238,238110.0,94708625.6994019
239,23812.0,94708625.6994019
240,238120.0,94708625.6994019
241,23813.0,94708625.6994019
242,238130.0,94708625.6994019
243,23814.0,94708625.6994019
244,238140.0,94708625.6994019
245,23815.0,94708625.6994019
246,238150.0,94708625.6994019
247,23816.0,94708625.6994019
248,238160.0,94708625.6994019
249,23817.0,94708625.6994019
250,238170.0,94708625.6994019
251,23819.0,94708625.6994019
252,238190.0,94708625.6994019
253,2382.0,757669005.5952152
254,23821.0,252556335.19840506
255,238210.0,252556335.19840506
256,23822.0,252556335.19840506
257,238220.0,252556335.19840506
258,23829.0,252556335.19840506
259,238290.0,252556335.19840506
260,2383.0,757669005.5952152
261,23831.0,126278167.59920253
262,238310.0,126278167.59920253
263,23832.0,126278167.59920253
264,238320.0,126278167.59920253
265,23833.0,126278167.59920253
266,238330.0,126278167.59920253
267,23834.0,126278167.59920253
268,238340.0,126278167.59920253
269,23835.0,126278167.59920253
270,238350.0,126278167.59920253
271,23839.0,126278167.59920253
272,238390.0,126278167.59920253
273,2389.0,757669005.5952152
274,23891.0,378834502.7976076
275,238910.0,378834502.7976076
276,23899.0,378834502.7976076
277,238990.0,378834502.7976076
278,31.0,101565313532.70306
279,311.0,5906440023.683872
280,3111.0,656271113.7426524
281,31111.0,656271113.7426524
282,311111.0,328135556.8713262
283,311119.0,328135556.8713262
284,3112.0,656271113.7426524
285,31121.0,218757037.91421747
286,311211.0,72919012.63807249
287,311212.0,72919012.63807249
288,311213.0,72919012.63807249
289,31122.0,218757037.91421747
290,311221.0,72919012.63807249
291,311224.0,72919012.63807249
292,311225.0,72919012.63807249
293,31123.0,218757037.91421747
294,311230.0,218757037.91421747
295,3113.0,656271113.7426524
296,31131.0,218757037.91421747
297,311313.0,109378518.95710874
298,311314.0,109378518.95710874
299,31134.0,218757037.91421747
300,311340.0,218757037.91421747
301,31135.0,218757037.91421747
302,311351.0,109378518.95710874
303,311352.0,109378518.95710874
304,3114.0,656271113.7426524
305,31141.0,328135556.8713262
306,311411.0,164067778.4356631
307,311412.0,164067778.4356631
308,31142.0,328135556.8713262
309,311421.0,109378518.95710874
310,311422.0,109378518.95710874
311,311423.0,109378518.95710874
312,3115.0,656271113.7426524
313,31151.0,328135556.8713262
314,311511.0,82033889.21783155
315,311512.0,82033889.21783155
316,311513.0,82033889.21783155
317,311514.0,82033889.21783155
318,31152.0,328135556.8713262
319,311520.0,328135556.8713262
320,3116.0,656271113.7426524
321,31161.0,656271113.7426524
322,311611.0,164067778.4356631
323,311612.0,164067778.4356631
324,311613.0,164067778.4356631
325,311615.0,164067778.4356631
326,3117.0,656271113.7426524
327,31171.0,656271113.7426524
328,311710.0,656271113.7426524
329,3118.0,656271113.7426524
330,31181.0,218757037.91421747
331,311811.0,72919012.63807249
332,311812.0,72919012.63807249
333,311813.0,72919012.63807249
334,31182.0,218757037.91421747
335,311821.0,109378518.95710874
336,311824.0,109378518.95710874
337,31183.0,218757037.91421747
338,311830.0,218757037.91421747
339,3119.0,656271113.7426524
340,31191.0,131254222.74853048
341,311911.0,65627111.37426524
342,311919.0,65627111.37426524
343,31192.0,131254222.74853048
344,311920.0,131254222.74853048
345,31193.0,131254222.74853048
346,311930.0,131254222.74853048
347,31194.0,131254222.74853048
348,311941.0,65627111.37426524
349,311942.0,65627111.37426524
350,31199.0,131254222.74853048
351,311991.0,65627111.37426524
352,311999.0,65627111.37426524
353,312.0,5906440023.683872
354,3121.0,2953220011.841936
355,31211.0,738305002.960484
356,312111.0,246101667.6534947
357,312112.0,246101667.6534947
358,312113.0,246101667.6534947
359,31212.0,738305002.960484
360,312120.0,738305002.960484
361,31213.0,738305002.960484
362,312130.0,738305002.960484
363,31214.0,738305002.960484
364,312140.0,738305002.960484
365,3122.0,2953220011.841936
366,31223.0,2953220011.841936
367,312230.0,2953220011.841936
368,313.0,5906440023.683872
369,3131.0,1968813341.2279575
370,31311.0,1968813341.2279575
371,313110.0,1968813341.2279575
372,3132.0,1968813341.2279575
373,31321.0,492203335.3069894
374,313210.0,492203335.3069894
375,31322.0,492203335.3069894
376,313220.0,492203335.3069894
377,31323.0,492203335.3069894
378,313230.0,492203335.3069894
379,31324.0,492203335.3069894
380,313240.0,492203335.3069894
381,3133.0,1968813341.2279575
382,31331.0,984406670.6139787
383,313310.0,984406670.6139787
384,31332.0,984406670.6139787
385,313320.0,984406670.6139787
386,314.0,5906440023.683872
387,3141.0,2953220011.841936
388,31411.0,1476610005.920968
389,314110.0,1476610005.920968
390,31412.0,1476610005.920968
391,314120.0,1476610005.920968
392,3149.0,2953220011.841936
393,31491.0,1476610005.920968
394,314910.0,1476610005.920968
395,31499.0,1476610005.920968
396,314994.0,738305002.960484
397,314999.0,738305002.960484
398,315.0,5906440023.683872
399,3151.0,1968813341.2279575
400,31511.0,984406670.6139787
401,315110.0,984406670.6139787
402,31519.0,984406670.6139787
403,315190.0,984406670.6139787
404,3152.0,1968813341.2279575
405,31521.0,492203335.3069894
406,315210.0,492203335.3069894
407,31522.0,492203335.3069894
408,315220.0,492203335.3069894
409,31524.0,492203335.3069894
410,315240.0,492203335.3069894
411,31528.0,492203335.3069894
412,315280.0,492203335.3069894
413,3159.0,1968813341.2279575
414,31599.0,1968813341.2279575
415,315990.0,1968813341.2279575
416,316.0,5906440023.683872
417,3161.0,1968813341.2279575
418,31611.0,1968813341.2279575
419,316110.0,1968813341.2279575
420,3162.0,1968813341.2279575
421,31621.0,1968813341.2279575
422,316210.0,1968813341.2279575
423,3169.0,1968813341.2279575
424,31699.0,1968813341.2279575
425,316992.0,984406670.6139787
426,316998.0,984406670.6139787
427,321.0,3659447327.2180448
428,3211.0,1219815775.7393482
429,32111.0,1219815775.7393482
430,321113.0,609907887.8696741
431,321114.0,609907887.8696741
432,3212.0,1219815775.7393482
433,32121.0,1219815775.7393482
434,321211.0,243963155.14786965
435,321212.0,243963155.14786965
436,321213.0,243963155.14786965
437,321214.0,243963155.14786965
438,321219.0,243963155.14786965
439,3219.0,1219815775.7393482
440,32191.0,406605258.5797827
441,321911.0,135535086.1932609
442,321912.0,135535086.1932609
443,321918.0,135535086.1932609
444,32192.0,406605258.5797827
445,321920.0,406605258.5797827
446,32199.0,406605258.5797827
447,321991.0,135535086.1932609
448,321992.0,135535086.1932609
449,321999.0,135535086.1932609
450,322.0,5906440023.683872
451,3221.0,2953220011.841936
452,32211.0,984406670.6139787
453,322110.0,984406670.6139787
454,32212.0,984406670.6139787
455,322121.0,492203335.3069894
456,322122.0,492203335.3069894
457,32213.0,984406670.6139787
458,322130.0,984406670.6139787
459,3222.0,2953220011.841936
460,32221.0,738305002.960484
461,322211.0,246101667.6534947
462,322212.0,246101667.6534947
463,322219.0,246101667.6534947
464,32222.0,738305002.960484
465,322220.0,738305002.960484
466,32223.0,738305002.960484
467,322230.0,738305002.960484
468,32229.0,738305002.960484
469,322291.0,369152501.480242
470,322299.0,369152501.480242
471,323.0,5906440023.683872
472,3231.0,5906440023.683872
473,32311.0,2953220011.841936
474,323111.0,984406670.6139787
475,323113.0,984406670.6139787
476,323117.0,984406670.6139787
477,32312.0,2953220011.841936
478,323120.0,2953220011.841936
479,324.0,5906440023.683872
480,3241.0,5906440023.683872
481,32411.0,1968813341.2279575
482,324110.0,1968813341.2279575
483,32412.0,1968813341.2279575
484,324121.0,984406670.6139787
485,324122.0,984406670.6139787
486,32419.0,1968813341.2279575
487,324191.0,984406670.6139787
488,324199.0,984406670.6139787
489,325.0,5906440023.683872
490,3251.0,843777146.2405531
491,32511.0,168755429.24811062
492,325110.0,168755429.24811062
493,32512.0,168755429.24811062
494,325120.0,168755429.24811062
495,32513.0,168755429.24811062
496,325130.0,168755429.24811062
497,32518.0,168755429.24811062
498,325180.0,168755429.24811062
499,32519.0,168755429.24811062
500,325193.0,56251809.74937021
501,325194.0,56251809.74937021
502,325199.0,56251809.74937021
503,3252.0,843777146.2405531
504,32521.0,421888573.1202766
505,325211.0,210944286.5601383
506,325212.0,210944286.5601383
507,32522.0,421888573.1202766
508,325220.0,421888573.1202766
509,3253.0,843777146.2405531
510,32531.0,421888573.1202766
511,325311.0,140629524.3734255
512,325312.0,140629524.3734255
513,325314.0,140629524.3734255
514,32532.0,421888573.1202766
515,325320.0,421888573.1202766
516,3254.0,843777146.2405531
517,32541.0,843777146.2405531
518,325411.0,210944286.5601383
519,325412.0,210944286.5601383
520,325413.0,210944286.5601383
521,325414.0,210944286.5601383
522,3255.0,843777146.2405531
523,32551.0,421888573.1202766
524,325510.0,421888573.1202766
525,32552.0,421888573.1202766
526,325520.0,421888573.1202766
527,3256.0,843777146.2405531
528,32561.0,421888573.1202766
529,325611.0,140629524.3734255
530,325612.0,140629524.3734255
531,325613.0,140629524.3734255
532,32562.0,421888573.1202766
533,325620.0,421888573.1202766
534,3259.0,843777146.2405531
535,32591.0,281259048.746851
536,325910.0,281259048.746851
537,32592.0,281259048.746851
538,325920.0,281259048.746851
539,32599.0,281259048.746851
540,325991.0,93753016.24895035
541,325992.0,93753016.24895035
542,325998.0,93753016.24895035
543,326.0,5906440023.683872
544,3261.0,2953220011.841936
545,32611.0,421888573.1202766
546,326111.0,140629524.3734255
547,326112.0,140629524.3734255
548,326113.0,140629524.3734255
549,32612.0,421888573.1202766
550,326121.0,210944286.5601383
551,326122.0,210944286.5601383
552,32613.0,421888573.1202766
553,326130.0,421888573.1202766
554,32614.0,421888573.1202766
555,326140.0,421888573.1202766
556,32615.0,421888573.1202766
557,326150.0,421888573.1202766
558,32616.0,421888573.1202766
559,326160.0,421888573.1202766
560,32619.0,421888573.1202766
561,326191.0,210944286.5601383
562,326199.0,210944286.5601383
563,3262.0,2953220011.841936
564,32621.0,984406670.6139787
565,326211.0,492203335.3069894
566,326212.0,492203335.3069894
567,32622.0,984406670.6139787
568,326220.0,984406670.6139787
569,32629.0,984406670.6139787
570,326291.0,492203335.3069894
571,326299.0,492203335.3069894
572,327.0,3659447327.2180448
573,3271.0,731889465.443609
574,32711.0,365944732.7218045
575,327110.0,365944732.7218045
576,32712.0,365944732.7218045
577,327120.0,365944732.7218045
578,3272.0,731889465.443609
579,32721.0,731889465.443609
580,327211.0,182972366.36090225
581,327212.0,182972366.36090225
582,327213.0,182972366.36090225
583,327215.0,182972366.36090225
584,3273.0,731889465.443609
585,32731.0,182972366.36090225
586,327310.0,182972366.36090225
587,32732.0,182972366.36090225
588,327320.0,182972366.36090225
589,32733.0,182972366.36090225
590,327331.0,91486183.18045112
591,327332.0,91486183.18045112
592,32739.0,182972366.36090225
593,327390.0,182972366.36090225
594,3274.0,731889465.443609
595,32741.0,365944732.7218045
596,327410.0,365944732.7218045
597,32742.0,365944732.7218045
598,327420.0,365944732.7218045
599,3279.0,731889465.443609
600,32791.0,365944732.7218045
601,327910.0,365944732.7218045
602,32799.0,365944732.7218045
603,327991.0,91486183.18045112
604,327992.0,91486183.18045112
605,327993.0,91486183.18045112
606,327999.0,91486183.18045112
607,331.0,3659447327.2180448
608,3311.0,731889465.443609
609,33111.0,731889465.443609
610,331110.0,731889465.443609
611,3312.0,731889465.443609
612,33121.0,365944732.7218045
613,331210.0,365944732.7218045
614,33122.0,365944732.7218045
615,331221.0,182972366.36090225
616,331222.0,182972366.36090225
617,3313.0,731889465.443609
618,33131.0,731889465.443609
619,331313.0,182972366.36090225
620,331314.0,182972366.36090225
621,331315.0,182972366.36090225
622,331318.0,182972366.36090225
623,3314.0,731889465.443609
624,33141.0,243963155.14786968
625,331410.0,243963155.14786968
626,33142.0,243963155.14786968
627,331420.0,243963155.14786968
628,33149.0,243963155.14786968
629,331491.0,121981577.57393484
630,331492.0,121981577.57393484
631,3315.0,731889465.443609
632,33151.0,365944732.7218045
633,331511.0,121981577.57393484
634,331512.0,121981577.57393484
635,331513.0,121981577.57393484
636,33152.0,365944732.7218045
637,331523.0,121981577.57393484
638,331524.0,121981577.57393484
639,331529.0,121981577.57393484
640,332.0,3659447327.2180448
641,3321.0,406605258.5797827
642,33211.0,406605258.5797827
643,332111.0,81321051.71595654
644,332112.0,81321051.71595654
645,332114.0,81321051.71595654
646,332117.0,81321051.71595654
647,332119.0,81321051.71595654
648,3322.0,406605258.5797827
649,33221.0,406605258.5797827
650,332215.0,203302629.28989136
651,332216.0,203302629.28989136
652,3323.0,406605258.5797827
653,33231.0,203302629.28989136
654,332311.0,67767543.09663045
655,332312.0,67767543.09663045
656,332313.0,67767543.09663045
657,33232.0,203302629.28989136
658,332321.0,67767543.09663045
659,332322.0,67767543.09663045
660,332323.0,67767543.09663045
661,3324.0,406605258.5797827
662,33241.0,135535086.1932609
663,332410.0,135535086.1932609
664,33242.0,135535086.1932609
665,332420.0,135535086.1932609
666,33243.0,135535086.1932609
667,332431.0,67767543.09663045
668,332439.0,67767543.09663045
669,3325.0,406605258.5797827
670,33251.0,406605258.5797827
671,332510.0,406605258.5797827
672,3326.0,406605258.5797827
673,33261.0,406605258.5797827
674,332613.0,203302629.28989136
675,332618.0,203302629.28989136
676,3327.0,406605258.5797827
677,33271.0,203302629.28989136
678,332710.0,203302629.28989136
679,33272.0,203302629.28989136
680,332721.0,101651314.64494568
681,332722.0,101651314.64494568
682,3328.0,406605258.5797827
683,33281.0,406605258.5797827
684,332811.0,135535086.1932609
685,332812.0,135535086.1932609
686,332813.0,135535086.1932609
687,3329.0,406605258.5797827
688,33291.0,203302629.28989136
689,332911.0,50825657.32247284
690,332912.0,50825657.32247284
691,332913.0,50825657.32247284
692,332919.0,50825657.32247284
693,33299.0,203302629.28989136
694,332991.0,33883771.54831523
695,332992.0,33883771.54831523
696,332993.0,33883771.54831523
697,332994.0,33883771.54831523
698,332996.0,33883771.54831523
699,332999.0,33883771.54831523
700,333.0,3659447327.2180448
701,3331.0,522778189.6025778
702,33311.0,174259396.5341926
703,333111.0,87129698.2670963
704,333112.0,87129698.2670963
705,33312.0,174259396.5341926
706,333120.0,174259396.5341926
707,33313.0,174259396.5341926
708,333131.0,87129698.2670963
709,333132.0,87129698.2670963
710,3332.0,522778189.6025778
711,33324.0,522778189.6025778
712,333241.0,104555637.92051557
713,333242.0,104555637.92051557
714,333243.0,104555637.92051557
715,333244.0,104555637.92051557
716,333249.0,104555637.92051557
717,3333.0,522778189.6025778
718,33331.0,522778189.6025778
719,333314.0,174259396.5341926
720,333316.0,174259396.5341926
721,333318.0,174259396.5341926
722,3334.0,522778189.6025778
723,33341.0,522778189.6025778
724,333413.0,174259396.5341926
725,333414.0,174259396.5341926
726,333415.0,174259396.5341926
727,3335.0,522778189.6025778
728,33351.0,522778189.6025778
729,333511.0,104555637.92051557
730,333514.0,104555637.92051557
731,333515.0,104555637.92051557
732,333517.0,104555637.92051557
733,333519.0,104555637.92051557
734,3336.0,522778189.6025778
735,33361.0,522778189.6025778
736,333611.0,130694547.40064445
737,333612.0,130694547.40064445
738,333613.0,130694547.40064445
739,333618.0,130694547.40064445
740,3339.0,522778189.6025778
741,33391.0,174259396.5341926
742,333911.0,58086465.51139753
743,333912.0,58086465.51139753
744,333913.0,58086465.51139753
745,33392.0,174259396.5341926
746,333921.0,43564849.13354815
747,333922.0,43564849.13354815
748,333923.0,43564849.13354815
749,333924.0,43564849.13354815
750,33399.0,174259396.5341926
751,333991.0,21782424.566774074
752,333992.0,21782424.566774074
753,333993.0,21782424.566774074
754,333994.0,21782424.566774074
755,333995.0,21782424.566774074
756,333996.0,21782424.566774074
757,333997.0,21782424.566774074
758,333999.0,21782424.566774074
759,334.0,3659447327.2180448
760,3341.0,609907887.8696741
761,33411.0,609907887.8696741
762,334111.0,203302629.28989136
763,334112.0,203302629.28989136
764,334118.0,203302629.28989136
765,3342.0,609907887.8696741
766,33421.0,203302629.28989136
767,334210.0,203302629.28989136
768,33422.0,203302629.28989136
769,334220.0,203302629.28989136
770,33429.0,203302629.28989136
771,334290.0,203302629.28989136
772,3343.0,609907887.8696741
773,33431.0,609907887.8696741
774,334310.0,609907887.8696741
775,3344.0,609907887.8696741
776,33441.0,609907887.8696741
777,334412.0,101651314.64494568
778,334413.0,101651314.64494568
779,334416.0,101651314.64494568
780,334417.0,101651314.64494568
781,334418.0,101651314.64494568
782,334419.0,101651314.64494568
783,3345.0,609907887.8696741
784,33451.0,609907887.8696741
785,334510.0,67767543.09663045
786,334511.0,67767543.09663045
787,334512.0,67767543.09663045
788,334513.0,67767543.09663045
789,334514.0,67767543.09663045
790,334515.0,67767543.09663045
791,334516.0,67767543.09663045
792,334517.0,67767543.09663045
793,334519.0,67767543.09663045
794,3346.0,609907887.8696741
795,33461.0,609907887.8696741
796,334613.0,304953943.93483704
797,334614.0,304953943.93483704
798,335.0,3659447327.2180448
799,3351.0,914861831.8045112
800,33511.0,457430915.9022556
801,335110.0,457430915.9022556
802,33512.0,457430915.9022556
803,335121.0,152476971.96741852
804,335122.0,152476971.96741852
805,335129.0,152476971.96741852
806,3352.0,914861831.8045112
807,33521.0,457430915.9022556
808,335210.0,457430915.9022556
809,33522.0,457430915.9022556
810,335221.0,114357728.9755639
811,335222.0,114357728.9755639
812,335224.0,114357728.9755639
813,335228.0,114357728.9755639
814,3353.0,914861831.8045112
815,33531.0,914861831.8045112
816,335311.0,228715457.9511278
817,335312.0,228715457.9511278
818,335313.0,228715457.9511278
819,335314.0,228715457.9511278
820,3359.0,914861831.8045112
821,33591.0,228715457.9511278
822,335911.0,114357728.9755639
823,335912.0,114357728.9755639
824,33592.0,228715457.9511278
825,335921.0,114357728.9755639
826,335929.0,114357728.9755639
827,33593.0,228715457.9511278
828,335931.0,114357728.9755639
829,335932.0,114357728.9755639
830,33599.0,228715457.9511278
831,335991.0,114357728.9755639
832,335999.0,114357728.9755639
833,336.0,3659447327.2180448
834,3361.0,522778189.6025778
835,33611.0,261389094.8012889
836,336111.0,130694547.40064445
837,336112.0,130694547.40064445
838,33612.0,261389094.8012889
839,336120.0,261389094.8012889
840,3362.0,522778189.6025778
841,33621.0,522778189.6025778
842,336211.0,130694547.40064445
843,336212.0,130694547.40064445
844,336213.0,130694547.40064445
845,336214.0,130694547.40064445
846,3363.0,522778189.6025778
847,33631.0,65347273.700322226
848,336310.0,65347273.700322226
849,33632.0,65347273.700322226
850,336320.0,65347273.700322226
851,33633.0,65347273.700322226
852,336330.0,65347273.700322226
853,33634.0,65347273.700322226
854,336340.0,65347273.700322226
855,33635.0,65347273.700322226
856,336350.0,65347273.700322226
857,33636.0,65347273.700322226
858,336360.0,65347273.700322226
859,33637.0,65347273.700322226
860,336370.0,65347273.700322226
861,33639.0,65347273.700322226
862,336390.0,65347273.700322226
863,3364.0,522778189.6025778
864,33641.0,522778189.6025778
865,336411.0,87129698.2670963
866,336412.0,87129698.2670963
867,336413.0,87129698.2670963
868,336414.0,87129698.2670963
869,336415.0,87129698.2670963
870,336419.0,87129698.2670963
871,3365.0,522778189.6025778
872,33651.0,522778189.6025778
873,336510.0,522778189.6025778
874,3366.0,522778189.6025778
875,33661.0,522778189.6025778
876,336611.0,261389094.8012889
877,336612.0,261389094.8012889
878,3369.0,522778189.6025778
879,33699.0,522778189.6025778
880,336991.0,174259396.5341926
881,336992.0,174259396.5341926
882,336999.0,174259396.5341926
883,337.0,3659447327.2180448
884,3371.0,1219815775.7393482
885,33711.0,609907887.8696741
886,337110.0,609907887.8696741
887,33712.0,609907887.8696741
888,337121.0,121981577.57393482
889,337122.0,121981577.57393482
890,337124.0,121981577.57393482
891,337125.0,121981577.57393482
892,337127.0,121981577.57393482
893,3372.0,1219815775.7393482
894,33721.0,1219815775.7393482
895,337211.0,304953943.93483704
896,337212.0,304953943.93483704
897,337214.0,304953943.93483704
898,337215.0,304953943.93483704
899,3379.0,1219815775.7393482
900,33791.0,609907887.8696741
901,337910.0,609907887.8696741
902,33792.0,609907887.8696741
903,337920.0,609907887.8696741
904,339.0,3659447327.2180448
905,3391.0,1829723663.6090224
906,33911.0,1829723663.6090224
907,339112.0,365944732.7218045
908,339113.0,365944732.7218045
909,339114.0,365944732.7218045
910,339115.0,365944732.7218045
911,339116.0,365944732.7218045
912,3399.0,1829723663.6090224
913,33991.0,304953943.93483704
914,339910.0,304953943.93483704
915,33992.0,304953943.93483704
916,339920.0,304953943.93483704
917,33993.0,304953943.93483704
918,339930.0,304953943.93483704
919,33994.0,304953943.93483704
920,339940.0,304953943.93483704
921,33995.0,304953943.93483704
922,339950.0,304953943.93483704
923,33999.0,304953943.93483704
924,339991.0,50825657.32247284
925,339992.0,50825657.32247284
926,339993.0,50825657.32247284
927,339994.0,50825657.32247284
928,339995.0,50825657.32247284
929,339999.0,50825657.32247284
930,42.0,19315059625.6994
931,423.0,6438353208.566467
932,4231.0,715372578.7296075
933,42311.0,178843144.68240187
934,423110.0,178843144.68240187
935,42312.0,178843144.68240187
936,423120.0,178843144.68240187
937,42313.0,178843144.68240187
938,423130.0,178843144.68240187
939,42314.0,178843144.68240187
940,423140.0,178843144.68240187
941,4232.0,715372578.7296075
942,42321.0,357686289.36480373
943,423210.0,357686289.36480373
944,42322.0,357686289.36480373
945,423220.0,357686289.36480373
946,4233.0,715372578.7296075
947,42331.0,178843144.68240187
948,423310.0,178843144.68240187
949,42332.0,178843144.68240187
950,423320.0,178843144.68240187
951,42333.0,178843144.68240187
952,423330.0,178843144.68240187
953,42339.0,178843144.68240187
954,423390.0,178843144.68240187
955,4234.0,715372578.7296075
956,42341.0,102196082.67565821
957,423410.0,102196082.67565821
958,42342.0,102196082.67565821
959,423420.0,102196082.67565821
960,42343.0,102196082.67565821
961,423430.0,102196082.67565821
962,42344.0,102196082.67565821
963,423440.0,102196082.67565821
964,42345.0,102196082.67565821
965,423450.0,102196082.67565821
966,42346.0,102196082.67565821
967,423460.0,102196082.67565821
968,42349.0,102196082.67565821
969,423490.0,102196082.67565821
970,4235.0,715372578.7296075
971,42351.0,357686289.36480373
972,423510.0,357686289.36480373
973,42352.0,357686289.36480373
974,423520.0,357686289.36480373
975,4236.0,715372578.7296075
976,42361.0,238457526.24320248
977,423610.0,238457526.24320248
978,42362.0,238457526.24320248
979,423620.0,238457526.24320248
980,42369.0,238457526.24320248
981,423690.0,238457526.24320248
982,4237.0,715372578.7296075
983,42371.0,178843144.68240187
984,423710.0,178843144.68240187
985,42372.0,178843144.68240187
986,423720.0,178843144.68240187
987,42373.0,178843144.68240187
988,423730.0,178843144.68240187
989,42374.0,178843144.68240187
990,423740.0,178843144.68240187
991,4238.0,715372578.7296075
992,42381.0,119228763.12160124
993,423810.0,119228763.12160124
994,42382.0,119228763.12160124
995,423820.0,119228763.12160124
996,42383.0,119228763.12160124
997,423830.0,119228763.12160124
998,42384.0,119228763.12160124
999,423840.0,119228763.12160124
1000,42385.0,119228763.12160124
1001,423850.0,119228763.12160124
1002,42386.0,119228763.12160124
1003,423860.0,119228763.12160124
1004,4239.0,715372578.7296075
1005,42391.0,143074515.7459215
1006,423910.0,143074515.7459215
1007,42392.0,143074515.7459215
1008,423920.0,143074515.7459215
1009,42393.0,143074515.7459215
1010,423930.0,143074515.7459215
1011,42394.0,143074515.7459215
1012,423940.0,143074515.7459215
1013,42399.0,143074515.7459215
1014,423990.0,143074515.7459215
1015,424.0,6438353208.566467
1016,4241.0,715372578.7296075
1017,42411.0,238457526.24320248
1018,424110.0,238457526.24320248
1019,42412.0,238457526.24320248
1020,424120.0,238457526.24320248
1021,42413.0,238457526.24320248
1022,424130.0,238457526.24320248
1023,4242.0,715372578.7296075
1024,42421.0,715372578.7296075
1025,424210.0,715372578.7296075
1026,4243.0,715372578.7296075
1027,42431.0,178843144.68240187
1028,424310.0,178843144.68240187
1029,42432.0,178843144.68240187
1030,424320.0,178843144.68240187
1031,42433.0,178843144.68240187
1032,424330.0,178843144.68240187
1033,42434.0,178843144.68240187
1034,424340.0,178843144.68240187
1035,4244.0,715372578.7296075
1036,42441.0,79485842.0810675
1037,424410.0,79485842.0810675
1038,42442.0,79485842.0810675
1039,424420.0,79485842.0810675
1040,42443.0,79485842.0810675
1041,424430.0,79485842.0810675
1042,42444.0,79485842.0810675
1043,424440.0,79485842.0810675
1044,42445.0,79485842.0810675
1045,424450.0,79485842.0810675
1046,42446.0,79485842.0810675
1047,424460.0,79485842.0810675
1048,42447.0,79485842.0810675
1049,424470.0,79485842.0810675
1050,42448.0,79485842.0810675
1051,424480.0,79485842.0810675
1052,42449.0,79485842.0810675
1053,424490.0,79485842.0810675
1054,4245.0,715372578.7296075
1055,42451.0,238457526.24320248
1056,424510.0,238457526.24320248
1057,42452.0,238457526.24320248
1058,424520.0,238457526.24320248
1059,42459.0,238457526.24320248
1060,424590.0,238457526.24320248
1061,4246.0,715372578.7296075
1062,42461.0,357686289.36480373
1063,424610.0,357686289.36480373
1064,42469.0,357686289.36480373
1065,424690.0,357686289.36480373
1066,4247.0,715372578.7296075
1067,42471.0,357686289.36480373
1068,424710.0,357686289.36480373
1069,42472.0,357686289.36480373
1070,424720.0,357686289.36480373
1071,4248.0,715372578.7296075
1072,42481.0,357686289.36480373
1073,424810.0,357686289.36480373
1074,42482.0,357686289.36480373
1075,424820.0,357686289.36480373
1076,4249.0,715372578.7296075
1077,42491.0,119228763.12160124
1078,424910.0,119228763.12160124
1079,42492.0,119228763.12160124
1080,424920.0,119228763.12160124
1081,42493.0,119228763.12160124
1082,424930.0,119228763.12160124
1083,42494.0,119228763.12160124
1084,424940.0,119228763.12160124
1085,42495.0,119228763.12160124
1086,424950.0,119228763.12160124
1087,42499.0,119228763.12160124
1088,424990.0,119228763.12160124
1089,425.0,6438353208.566467
1090,4251.0,6438353208.566467
1091,42511.0,3219176604.2832336
1092,425110.0,3219176604.2832336
1093,42512.0,3219176604.2832336
1094,425120.0,3219176604.2832336
1095,44.0,24436075434.304455
1096,441.0,2036339619.5253713
1097,4411.0,678779873.1751238
1098,44111.0,339389936.5875619
1099,441110.0,339389936.5875619
1100,44112.0,339389936.5875619
1101,441120.0,339389936.5875619
1102,4412.0,678779873.1751238
1103,44121.0,339389936.5875619
1104,441210.0,339389936.5875619
1105,44122.0,339389936.5875619
1106,441222.0,169694968.29378095
1107,441228.0,169694968.29378095
1108,4413.0,678779873.1751238
1109,44131.0,339389936.5875619
1110,441310.0,339389936.5875619
1111,44132.0,339389936.5875619
1112,441320.0,339389936.5875619
1113,442.0,2036339619.5253713
1114,4421.0,1018169809.7626857
1115,44211.0,1018169809.7626857
1116,442110.0,1018169809.7626857
1117,4422.0,1018169809.7626857
1118,44221.0,509084904.8813428
1119,442210.0,509084904.8813428
1120,44229.0,509084904.8813428
1121,442291.0,254542452.4406714
1122,442299.0,254542452.4406714
1123,443.0,2036339619.5253713
1124,4431.0,2036339619.5253713
1125,44314.0,2036339619.5253713
1126,443141.0,1018169809.7626857
1127,443142.0,1018169809.7626857
1128,444.0,2036339619.5253713
1129,4441.0,1018169809.7626857
1130,44411.0,254542452.4406714
1131,444110.0,254542452.4406714
1132,44412.0,254542452.4406714
1133,444120.0,254542452.4406714
1134,44413.0,254542452.4406714
1135,444130.0,254542452.4406714
1136,44419.0,254542452.4406714
1137,444190.0,254542452.4406714
1138,4442.0,1018169809.7626857
1139,44421.0,509084904.8813428
1140,444210.0,509084904.8813428
1141,44422.0,509084904.8813428
1142,444220.0,509084904.8813428
1143,445.0,2036339619.5253713
1144,4451.0,678779873.1751238
1145,44511.0,339389936.5875619
1146,445110.0,339389936.5875619
1147,44512.0,339389936.5875619
1148,445120.0,339389936.5875619
1149,4452.0,678779873.1751238
1150,44521.0,169694968.29378095
1151,445210.0,169694968.29378095
1152,44522.0,169694968.29378095
1153,445220.0,169694968.29378095
1154,44523.0,169694968.29378095
1155,445230.0,169694968.29378095
1156,44529.0,169694968.29378095
1157,445291.0,56564989.43126032
1158,445292.0,56564989.43126032
1159,445299.0,56564989.43126032
1160,4453.0,678779873.1751238
1161,44531.0,678779873.1751238
1162,445310.0,678779873.1751238
1163,446.0,2036339619.5253713
1164,4461.0,2036339619.5253713
1165,44611.0,509084904.8813428
1166,446110.0,509084904.8813428
1167,44612.0,509084904.8813428
1168,446120.0,509084904.8813428
1169,44613.0,509084904.8813428
1170,446130.0,509084904.8813428
1171,44619.0,509084904.8813428
1172,446191.0,254542452.4406714
1173,446199.0,254542452.4406714
1174,447.0,2036339619.5253713
1175,4471.0,2036339619.5253713
1176,44711.0,1018169809.7626857
1177,447110.0,1018169809.7626857
1178,44719.0,1018169809.7626857
1179,447190.0,1018169809.7626857
1180,448.0,2036339619.5253713
1181,4481.0,678779873.1751238
1182,44811.0,113129978.86252064
1183,448110.0,113129978.86252064
1184,44812.0,113129978.86252064
1185,448120.0,113129978.86252064
1186,44813.0,113129978.86252064
1187,448130.0,113129978.86252064
1188,44814.0,113129978.86252064
1189,448140.0,113129978.86252064
1190,44815.0,113129978.86252064
1191,448150.0,113129978.86252064
1192,44819.0,113129978.86252064
1193,448190.0,113129978.86252064
1194,4482.0,678779873.1751238
1195,44821.0,678779873.1751238
1196,448210.0,678779873.1751238
1197,4483.0,678779873.1751238
1198,44831.0,339389936.5875619
1199,448310.0,339389936.5875619
1200,44832.0,339389936.5875619
1201,448320.0,339389936.5875619
1202,451.0,2036339619.5253713
1203,4511.0,1018169809.7626857
1204,45111.0,254542452.4406714
1205,451110.0,254542452.4406714
1206,45112.0,254542452.4406714
1207,451120.0,254542452.4406714
1208,45113.0,254542452.4406714
1209,451130.0,254542452.4406714
1210,45114.0,254542452.4406714
1211,451140.0,254542452.4406714
1212,4512.0,1018169809.7626857
1213,45121.0,1018169809.7626857
1214,451211.0,509084904.8813428
1215,451212.0,509084904.8813428
1216,452.0,2036339619.5253713
1217,4521.0,1018169809.7626857
1218,45211.0,1018169809.7626857
1219,452111.0,509084904.8813428
1220,452112.0,509084904.8813428
1221,4529.0,1018169809.7626857
1222,45291.0,509084904.8813428
1223,452910.0,509084904.8813428
1224,45299.0,509084904.8813428
1225,452990.0,509084904.8813428
1226,453.0,2036339619.5253713
1227,4531.0,509084904.8813428
1228,45311.0,509084904.8813428
1229,453110.0,509084904.8813428
1230,4532.0,509084904.8813428
1231,45321.0,254542452.4406714
1232,453210.0,254542452.4406714
1233,45322.0,254542452.4406714
1234,453220.0,254542452.4406714
1235,4533.0,509084904.8813428
1236,45331.0,509084904.8813428
1237,453310.0,509084904.8813428
1238,4539.0,509084904.8813428
1239,45391.0,127271226.2203357
1240,453910.0,127271226.2203357
1241,45392.0,127271226.2203357
1242,453920.0,127271226.2203357
1243,45393.0,127271226.2203357
1244,453930.0,127271226.2203357
1245,45399.0,127271226.2203357
1246,453991.0,63635613.11016785
1247,453998.0,63635613.11016785
1248,454.0,2036339619.5253713
1249,4541.0,678779873.1751238
1250,45411.0,678779873.1751238
1251,454111.0,226259957.72504127
1252,454112.0,226259957.72504127
1253,454113.0,226259957.72504127
1254,4542.0,678779873.1751238
1255,45421.0,678779873.1751238
1256,454210.0,678779873.1751238
1257,4543.0,678779873.1751238
1258,45431.0,339389936.5875619
1259,454310.0,339389936.5875619
1260,45439.0,339389936.5875619
1261,454390.0,339389936.5875619
1262,48.0,17706054658.691875
1263,481.0,1609641332.6083524
1264,4811.0,804820666.3041762
1265,48111.0,804820666.3041762
1266,481111.0,402410333.1520881
1267,481112.0,402410333.1520881
1268,4812.0,804820666.3041762
1269,48121.0,804820666.3041762
1270,481211.0,268273555.4347254
1271,481212.0,268273555.4347254
1272,481219.0,268273555.4347254
1273,482.0,1609641332.6083524
1274,4821.0,1609641332.6083524
1275,48211.0,1609641332.6083524
1276,482111.0,804820666.3041762
1277,482112.0,804820666.3041762
1278,483.0,1609641332.6083524
1279,4831.0,804820666.3041762
1280,48311.0,804820666.3041762
1281,483111.0,201205166.57604405
1282,483112.0,201205166.57604405
1283,483113.0,201205166.57604405
1284,483114.0,201205166.57604405
1285,4832.0,804820666.3041762
1286,48321.0,804820666.3041762
1287,483211.0,402410333.1520881
1288,483212.0,402410333.1520881
1289,484.0,1609641332.6083524
1290,4841.0,804820666.3041762
1291,48411.0,402410333.1520881
1292,484110.0,402410333.1520881
1293,48412.0,402410333.1520881
1294,484121.0,201205166.57604405
1295,484122.0,201205166.57604405
1296,4842.0,804820666.3041762
1297,48421.0,268273555.4347254
1298,484210.0,268273555.4347254
1299,48422.0,268273555.4347254
1300,484220.0,268273555.4347254
1301,48423.0,268273555.4347254
1302,484230.0,268273555.4347254
1303,485.0,1609641332.6083524
1304,4851.0,268273555.4347254
1305,48511.0,268273555.4347254
1306,485111.0,67068388.85868135
1307,485112.0,67068388.85868135
1308,485113.0,67068388.85868135
1309,485119.0,67068388.85868135
1310,4852.0,268273555.4347254
1311,48521.0,268273555.4347254
1312,485210.0,268273555.4347254
1313,4853.0,268273555.4347254
1314,48531.0,134136777.7173627
1315,485310.0,134136777.7173627
1316,48532.0,134136777.7173627
1317,485320.0,134136777.7173627
1318,4854.0,268273555.4347254
1319,48541.0,268273555.4347254
1320,485410.0,268273555.4347254
1321,4855.0,268273555.4347254
1322,48551.0,268273555.4347254
1323,485510.0,268273555.4347254
1324,4859.0,268273555.4347254
1325,48599.0,268273555.4347254
1326,485991.0,134136777.7173627
1327,485999.0,134136777.7173627
1328,486.0,1609641332.6083524
1329,4861.0,536547110.8694508
1330,48611.0,536547110.8694508
1331,486110.0,536547110.8694508
1332,4862.0,536547110.8694508
1333,48621.0,536547110.8694508
1334,486210.0,536547110.8694508
1335,4869.0,536547110.8694508
1336,48691.0,268273555.4347254
1337,486910.0,268273555.4347254
1338,48699.0,268273555.4347254
1339,486990.0,268273555.4347254
1340,487.0,1609641332.6083524
1341,4871.0,536547110.8694508
1342,48711.0,536547110.8694508
1343,487110.0,536547110.8694508
1344,4872.0,536547110.8694508
1345,48721.0,536547110.8694508
1346,487210.0,536547110.8694508
1347,4879.0,536547110.8694508
1348,48799.0,536547110.8694508
1349,487990.0,536547110.8694508
1350,488.0,1609641332.6083524
1351,4881.0,268273555.4347254
1352,48811.0,134136777.7173627
1353,488111.0,67068388.85868135
1354,488119.0,67068388.85868135
1355,48819.0,134136777.7173627
1356,488190.0,134136777.7173627
1357,4882.0,268273555.4347254
1358,48821.0,268273555.4347254
1359,488210.0,268273555.4347254
1360,4883.0,268273555.4347254
1361,48831.0,67068388.85868135
1362,488310.0,67068388.85868135
1363,48832.0,67068388.85868135
1364,488320.0,67068388.85868135
1365,48833.0,67068388.85868135
1366,488330.0,67068388.85868135
1367,48839.0,67068388.85868135
1368,488390.0,67068388.85868135
1369,4884.0,268273555.4347254
1370,48841.0,134136777.7173627
1371,488410.0,134136777.7173627
1372,48849.0,134136777.7173627
1373,488490.0,134136777.7173627
1374,4885.0,268273555.4347254
1375,48851.0,268273555.4347254
1376,488510.0,268273555.4347254
1377,4889.0,268273555.4347254
1378,48899.0,268273555.4347254
1379,488991.0,134136777.7173627
1380,488999.0,134136777.7173627
1381,491.0,1609641332.6083524
1382,4911.0,1609641332.6083524
1383,49111.0,1609641332.6083524
1384,491110.0,1609641332.6083524
1385,492.0,1609641332.6083524
1386,4921.0,804820666.3041762
1387,49211.0,804820666.3041762
1388,492110.0,804820666.3041762
1389,4922.0,804820666.3041762
1390,49221.0,804820666.3041762
1391,492210.0,804820666.3041762
1392,493.0,1609641332.6083524
1393,4931.0,1609641332.6083524
1394,49311.0,402410333.1520881
1395,493110.0,402410333.1520881
1396,49312.0,402410333.1520881
1397,493120.0,402410333.1520881
1398,49313.0,402410333.1520881
1399,493130.0,402410333.1520881
1400,49319.0,402410333.1520881
1401,493190.0,402410333.1520881
1402,51.0,43821135276.094925
1403,511.0,7303522546.0158205
1404,5111.0,3651761273.0079103
1405,51111.0,730352254.601582
1406,511110.0,730352254.601582
1407,51112.0,730352254.601582
1408,511120.0,730352254.601582
1409,51113.0,730352254.601582
1410,511130.0,730352254.601582
1411,51114.0,730352254.601582
1412,511140.0,730352254.601582
1413,51119.0,730352254.601582
1414,511191.0,365176127.300791
1415,511199.0,365176127.300791
1416,5112.0,3651761273.0079103
1417,51121.0,3651761273.0079103
1418,511210.0,3651761273.0079103
1419,512.0,7303522546.0158205
1420,5121.0,3651761273.0079103
1421,51211.0,912940318.2519776
1422,512110.0,912940318.2519776
1423,51212.0,912940318.2519776
1424,512120.0,912940318.2519776
1425,51213.0,912940318.2519776
1426,512131.0,456470159.1259888
1427,512132.0,456470159.1259888
1428,51219.0,912940318.2519776
1429,512191.0,456470159.1259888
1430,512199.0,456470159.1259888
1431,5122.0,3651761273.0079103
1432,51221.0,730352254.601582
1433,512210.0,730352254.601582
1434,51222.0,730352254.601582
1435,512220.0,730352254.601582
1436,51223.0,730352254.601582
1437,512230.0,730352254.601582
1438,51224.0,730352254.601582
1439,512240.0,730352254.601582
1440,51229.0,730352254.601582
1441,512290.0,730352254.601582
1442,515.0,7303522546.0158205
1443,5151.0,3651761273.0079103
1444,51511.0,1825880636.5039551
1445,515111.0,912940318.2519776
1446,515112.0,912940318.2519776
1447,51512.0,1825880636.5039551
1448,515120.0,1825880636.5039551
1449,5152.0,3651761273.0079103
1450,51521.0,3651761273.0079103
1451,515210.0,3651761273.0079103
1452,517.0,7303522546.0158205
1453,5171.0,1825880636.5039551
1454,51711.0,1825880636.5039551
1455,517110.0,1825880636.5039551
1456,5172.0,1825880636.5039551
1457,51721.0,1825880636.5039551
1458,517210.0,1825880636.5039551
1459,5174.0,1825880636.5039551
1460,51741.0,1825880636.5039551
1461,517410.0,1825880636.5039551
1462,5179.0,1825880636.5039551
1463,51791.0,1825880636.5039551
1464,517911.0,912940318.2519776
1465,517919.0,912940318.2519776
1466,518.0,7303522546.0158205
1467,5182.0,7303522546.0158205
1468,51821.0,7303522546.0158205
1469,518210.0,7303522546.0158205
1470,519.0,7303522546.0158205
1471,5191.0,7303522546.0158205
1472,51911.0,1825880636.5039551
1473,519110.0,1825880636.5039551
1474,51912.0,1825880636.5039551
1475,519120.0,1825880636.5039551
1476,51913.0,1825880636.5039551
1477,519130.0,1825880636.5039551
1478,51919.0,1825880636.5039551
1479,519190.0,1825880636.5039551
1480,52.0,-54797169159.174225
1481,521.0,-10959433831.834845
1482,5211.0,-10959433831.834845
1483,52111.0,-10959433831.834845
1484,521110.0,-10959433831.834845
1485,522.0,-10959433831.834845
1486,5221.0,-3653144610.6116147
1487,52211.0,-913286152.6529037
1488,522110.0,-913286152.6529037
1489,52212.0,-913286152.6529037
1490,522120.0,-913286152.6529037
1491,52213.0,-913286152.6529037
1492,522130.0,-913286152.6529037
1493,52219.0,-913286152.6529037
1494,522190.0,-913286152.6529037
1495,5222.0,-3653144610.6116147
1496,52221.0,-1217714870.2038715
1497,522210.0,-1217714870.2038715
1498,52222.0,-1217714870.2038715
1499,522220.0,-1217714870.2038715
1500,52229.0,-1217714870.2038715
1501,522291.0,-243542974.0407743
1502,522292.0,-243542974.0407743
1503,522293.0,-243542974.0407743
1504,522294.0,-243542974.0407743
1505,522298.0,-243542974.0407743
1506,5223.0,-3653144610.6116147
1507,52231.0,-1217714870.2038715
1508,522310.0,-1217714870.2038715
1509,52232.0,-1217714870.2038715
1510,522320.0,-1217714870.2038715
1511,52239.0,-1217714870.2038715
1512,522390.0,-1217714870.2038715
1513,523.0,-10959433831.834845
1514,5231.0,-3653144610.6116147
1515,52311.0,-913286152.6529037
1516,523110.0,-913286152.6529037
1517,52312.0,-913286152.6529037
1518,523120.0,-913286152.6529037
1519,52313.0,-913286152.6529037
1520,523130.0,-913286152.6529037
1521,52314.0,-913286152.6529037
1522,523140.0,-913286152.6529037
1523,5232.0,-3653144610.6116147
1524,52321.0,-3653144610.6116147
1525,523210.0,-3653144610.6116147
1526,5239.0,-3653144610.6116147
1527,52391.0,-913286152.6529037
1528,523910.0,-913286152.6529037
1529,52392.0,-913286152.6529037
1530,523920.0,-913286152.6529037
1531,52393.0,-913286152.6529037
1532,523930.0,-913286152.6529037
1533,52399.0,-913286152.6529037
1534,523991.0,-456643076.32645184
1535,523999.0,-456643076.32645184
1536,524.0,-10959433831.834845
1537,5241.0,-5479716915.917422
1538,52411.0,-1826572305.3058074
1539,524113.0,-913286152.6529037
1540,524114.0,-913286152.6529037
1541,52412.0,-1826572305.3058074
1542,524126.0,-608857435.1019357
1543,524127.0,-608857435.1019357
1544,524128.0,-608857435.1019357
1545,52413.0,-1826572305.3058074
1546,524130.0,-1826572305.3058074
1547,5242.0,-5479716915.917422
1548,52421.0,-2739858457.958711
1549,524210.0,-2739858457.958711
1550,52429.0,-2739858457.958711
1551,524291.0,-913286152.6529037
1552,524292.0,-913286152.6529037
1553,524298.0,-913286152.6529037
1554,525.0,-10959433831.834845
1555,5251.0,-5479716915.917422
1556,52511.0,-1826572305.3058074
1557,525110.0,-1826572305.3058074
1558,52512.0,-1826572305.3058074
1559,525120.0,-1826572305.3058074
1560,52519.0,-1826572305.3058074
1561,525190.0,-1826572305.3058074
1562,5259.0,-5479716915.917422
1563,52591.0,-1826572305.3058074
1564,525910.0,-1826572305.3058074
1565,52592.0,-1826572305.3058074
1566,525920.0,-1826572305.3058074
1567,52599.0,-1826572305.3058074
1568,525990.0,-1826572305.3058074
1569,53.0,468901447501.447
1570,531.0,156300482500.48233
1571,5311.0,52100160833.49411
1572,53111.0,13025040208.373528
1573,531110.0,13025040208.373528
1574,53112.0,13025040208.373528
1575,531120.0,13025040208.373528
1576,53113.0,13025040208.373528
1577,531130.0,13025040208.373528
1578,53119.0,13025040208.373528
1579,531190.0,13025040208.373528
1580,5312.0,52100160833.49411
1581,53121.0,52100160833.49411
1582,531210.0,52100160833.49411
1583,5313.0,52100160833.49411
1584,53131.0,17366720277.83137
1585,531311.0,8683360138.915686
1586,531312.0,8683360138.915686
1587,53132.0,17366720277.83137
1588,531320.0,17366720277.83137
1589,53139.0,17366720277.83137
1590,531390.0,17366720277.83137
1591,532.0,156300482500.48233
1592,5321.0,39075120625.12058
1593,53211.0,19537560312.56029
1594,532111.0,9768780156.280146
1595,532112.0,9768780156.280146
1596,53212.0,19537560312.56029
1597,532120.0,19537560312.56029
1598,5322.0,39075120625.12058
1599,53221.0,9768780156.280146
1600,532210.0,9768780156.280146
1601,53222.0,9768780156.280146
1602,532220.0,9768780156.280146
1603,53223.0,9768780156.280146
1604,532230.0,9768780156.280146
1605,53229.0,9768780156.280146
1606,532291.0,3256260052.093382
1607,532292.0,3256260052.093382
1608,532299.0,3256260052.093382
1609,5323.0,39075120625.12058
1610,53231.0,39075120625.12058
1611,532310.0,39075120625.12058
1612,5324.0,39075120625.12058
1613,53241.0,13025040208.373528
1614,532411.0,6512520104.186764
1615,532412.0,6512520104.186764
1616,53242.0,13025040208.373528
1617,532420.0,13025040208.373528
1618,53249.0,13025040208.373528
1619,532490.0,13025040208.373528
1620,533.0,156300482500.48233
1621,5331.0,156300482500.48233
1622,53311.0,156300482500.48233
1623,533110.0,156300482500.48233
1624,54.0,12596038884.04399
1625,541.0,12596038884.04399
1626,5411.0,1399559876.0048876
1627,54111.0,466519958.66829586
1628,541110.0,466519958.66829586
1629,54112.0,466519958.66829586
1630,541120.0,466519958.66829586
1631,54119.0,466519958.66829586
1632,541191.0,233259979.33414793
1633,541199.0,233259979.33414793
1634,5412.0,1399559876.0048876
1635,54121.0,1399559876.0048876
1636,541211.0,349889969.0012219
1637,541213.0,349889969.0012219
1638,541214.0,349889969.0012219
1639,541219.0,349889969.0012219
1640,5413.0,1399559876.0048876
1641,54131.0,174944984.50061095
1642,541310.0,174944984.50061095
1643,54132.0,174944984.50061095
1644,541320.0,174944984.50061095
1645,54133.0,174944984.50061095
1646,541330.0,174944984.50061095
1647,54134.0,174944984.50061095
1648,541340.0,174944984.50061095
1649,54135.0,174944984.50061095
1650,541350.0,174944984.50061095
1651,54136.0,174944984.50061095
1652,541360.0,174944984.50061095
1653,54137.0,174944984.50061095
1654,541370.0,174944984.50061095
1655,54138.0,174944984.50061095
1656,541380.0,174944984.50061095
1657,5414.0,1399559876.0048876
1658,54141.0,349889969.0012219
1659,541410.0,349889969.0012219
1660,54142.0,349889969.0012219
1661,541420.0,349889969.0012219
1662,54143.0,349889969.0012219
1663,541430.0,349889969.0012219
1664,54149.0,349889969.0012219
1665,541490.0,349889969.0012219
1666,5415.0,1399559876.0048876
1667,54151.0,1399559876.0048876
1668,541511.0,349889969.0012219
1669,541512.0,349889969.0012219
1670,541513.0,349889969.0012219
1671,541519.0,349889969.0012219
1672,5416.0,1399559876.0048876
1673,54161.0,466519958.66829586
1674,541611.0,93303991.73365918
1675,541612.0,93303991.73365918
1676,541613.0,93303991.73365918
1677,541614.0,93303991.73365918
1678,541618.0,93303991.73365918
1679,54162.0,466519958.66829586
1680,541620.0,466519958.66829586
1681,54169.0,466519958.66829586
1682,541690.0,466519958.66829586
1683,5417.0,1399559876.0048876
1684,54171.0,699779938.0024438
1685,541711.0,349889969.0012219
1686,541712.0,349889969.0012219
1687,54172.0,699779938.0024438
1688,541720.0,699779938.0024438
1689,5418.0,1399559876.0048876
1690,54181.0,174944984.50061095
1691,541810.0,174944984.50061095
1692,54182.0,174944984.50061095
1693,541820.0,174944984.50061095
1694,54183.0,174944984.50061095
1695,541830.0,174944984.50061095
1696,54184.0,174944984.50061095
1697,541840.0,174944984.50061095
1698,54185.0,174944984.50061095
1699,541850.0,174944984.50061095
1700,54186.0,174944984.50061095
1701,541860.0,174944984.50061095
1702,54187.0,174944984.50061095
1703,541870.0,174944984.50061095
1704,54189.0,174944984.50061095
1705,541890.0,174944984.50061095
1706,5419.0,1399559876.0048876
1707,54191.0,279911975.2009775
1708,541910.0,279911975.2009775
1709,54192.0,279911975.2009775
1710,541921.0,139955987.60048875
1711,541922.0,139955987.60048875
1712,54193.0,279911975.2009775
1713,541930.0,279911975.2009775
1714,54194.0,279911975.2009775
1715,541940.0,279911975.2009775
1716,54199.0,279911975.2009775
1717,541990.0,279911975.2009775
1718,55.0,-96438297705.57591
1719,551.0,-96438297705.57591
1720,5511.0,-96438297705.57591
1721,55111.0,-96438297705.57591
1722,551111.0,-32146099235.19197
1723,551112.0,-32146099235.19197
1724,551114.0,-32146099235.19197
1725,56.0,8156025177.696315
1726,561.0,4078012588.8481574
1727,5611.0,509751573.6060197
1728,56111.0,509751573.6060197
1729,561110.0,509751573.6060197
1730,5612.0,509751573.6060197
1731,56121.0,509751573.6060197
1732,561210.0,509751573.6060197
1733,5613.0,509751573.6060197
1734,56131.0,169917191.20200655
1735,561311.0,84958595.60100327
1736,561312.0,84958595.60100327
1737,56132.0,169917191.20200655
1738,561320.0,169917191.20200655
1739,56133.0,169917191.20200655
1740,561330.0,169917191.20200655
1741,5614.0,509751573.6060197
1742,56141.0,84958595.60100327
1743,561410.0,84958595.60100327
1744,56142.0,84958595.60100327
1745,561421.0,42479297.80050164
1746,561422.0,42479297.80050164
1747,56143.0,84958595.60100327
1748,561431.0,42479297.80050164
1749,561439.0,42479297.80050164
1750,56144.0,84958595.60100327
1751,561440.0,84958595.60100327
1752,56145.0,84958595.60100327
1753,561450.0,84958595.60100327
1754,56149.0,84958595.60100327
1755,561491.0,28319531.86700109
1756,561492.0,28319531.86700109
1757,561499.0,28319531.86700109
1758,5615.0,509751573.6060197
1759,56151.0,169917191.20200655
1760,561510.0,169917191.20200655
1761,56152.0,169917191.20200655
1762,561520.0,169917191.20200655
1763,56159.0,169917191.20200655
1764,561591.0,84958595.60100327
1765,561599.0,84958595.60100327
1766,5616.0,509751573.6060197
1767,56161.0,254875786.80300984
1768,561611.0,84958595.60100327
1769,561612.0,84958595.60100327
1770,561613.0,84958595.60100327
1771,56162.0,254875786.80300984
1772,561621.0,127437893.40150492
1773,561622.0,127437893.40150492
1774,5617.0,509751573.6060197
1775,56171.0,101950314.72120394
1776,561710.0,101950314.72120394
1777,56172.0,101950314.72120394
1778,561720.0,101950314.72120394
1779,56173.0,101950314.72120394
1780,561730.0,101950314.72120394
1781,56174.0,101950314.72120394
1782,561740.0,101950314.72120394
1783,56179.0,101950314.72120394
1784,561790.0,101950314.72120394
1785,5619.0,509751573.6060197
1786,56191.0,169917191.20200655
1787,561910.0,169917191.20200655
1788,56192.0,169917191.20200655
1789,561920.0,169917191.20200655
1790,56199.0,169917191.20200655
1791,561990.0,169917191.20200655
1792,562.0,4078012588.8481574
1793,5621.0,1359337529.6160524
1794,56211.0,1359337529.6160524
1795,562111.0,453112509.87201744
1796,562112.0,453112509.87201744
1797,562119.0,453112509.87201744
1798,5622.0,1359337529.6160524
1799,56221.0,1359337529.6160524
1800,562211.0,339834382.4040131
1801,562212.0,339834382.4040131
1802,562213.0,339834382.4040131
1803,562219.0,339834382.4040131
1804,5629.0,1359337529.6160524
1805,56291.0,453112509.87201744
1806,562910.0,453112509.87201744
1807,56292.0,453112509.87201744
1808,562920.0,453112509.87201744
1809,56299.0,453112509.87201744
1810,562991.0,226556254.93600872
1811,562998.0,226556254.93600872
1812,61.0,6440019880.3781595
1813,611.0,6440019880.3781595
1814,6111.0,920002840.0540228
1815,61111.0,920002840.0540228
1816,611110.0,920002840.0540228
1817,6112.0,920002840.0540228
1818,61121.0,920002840.0540228
1819,611210.0,920002840.0540228
1820,6113.0,920002840.0540228
1821,61131.0,920002840.0540228
1822,611310.0,920002840.0540228
1823,6114.0,920002840.0540228
1824,61141.0,306667613.35134095
1825,611410.0,306667613.35134095
1826,61142.0,306667613.35134095
1827,611420.0,306667613.35134095
1828,61143.0,306667613.35134095
1829,611430.0,306667613.35134095
1830,6115.0,920002840.0540228
1831,61151.0,920002840.0540228
1832,611511.0,230000710.0135057
1833,611512.0,230000710.0135057
1834,611513.0,230000710.0135057
1835,611519.0,230000710.0135057
1836,6116.0,920002840.0540228
1837,61161.0,230000710.0135057
1838,611610.0,230000710.0135057
1839,61162.0,230000710.0135057
1840,611620.0,230000710.0135057
1841,61163.0,230000710.0135057
1842,611630.0,230000710.0135057
1843,61169.0,230000710.0135057
1844,611691.0,76666903.33783524
1845,611692.0,76666903.33783524
1846,611699.0,76666903.33783524
1847,6117.0,920002840.0540228
1848,61171.0,920002840.0540228
1849,611710.0,920002840.0540228
1850,62.0,6440019880.3781595
1851,621.0,1610004970.0945399
1852,6211.0,230000710.0135057
1853,62111.0,230000710.0135057
1854,621111.0,115000355.00675285
1855,621112.0,115000355.00675285
1856,6212.0,230000710.0135057
1857,62121.0,230000710.0135057
1858,621210.0,230000710.0135057
1859,6213.0,230000710.0135057
1860,62131.0,46000142.00270114
1861,621310.0,46000142.00270114
1862,62132.0,46000142.00270114
1863,621320.0,46000142.00270114
1864,62133.0,46000142.00270114
1865,621330.0,46000142.00270114
1866,62134.0,46000142.00270114
1867,621340.0,46000142.00270114
1868,62139.0,46000142.00270114
1869,621391.0,23000071.00135057
1870,621399.0,23000071.00135057
1871,6214.0,230000710.0135057
1872,62141.0,76666903.33783524
1873,621410.0,76666903.33783524
1874,62142.0,76666903.33783524
1875,621420.0,76666903.33783524
1876,62149.0,76666903.33783524
1877,621491.0,19166725.83445881
1878,621492.0,19166725.83445881
1879,621493.0,19166725.83445881
1880,621498.0,19166725.83445881
1881,6215.0,230000710.0135057
1882,62151.0,230000710.0135057
1883,621511.0,115000355.00675285
1884,621512.0,115000355.00675285
1885,6216.0,230000710.0135057
1886,62161.0,230000710.0135057
1887,621610.0,230000710.0135057
1888,6219.0,230000710.0135057
1889,62191.0,115000355.00675285
1890,621910.0,115000355.00675285
1891,62199.0,115000355.00675285
1892,621991.0,57500177.503376424
1893,621999.0,57500177.503376424
1894,622.0,1610004970.0945399
1895,6221.0,536668323.36484665
1896,62211.0,536668323.36484665
1897,622110.0,536668323.36484665
1898,6222.0,536668323.36484665
1899,62221.0,536668323.36484665
1900,622210.0,536668323.36484665
1901,6223.0,536668323.36484665
1902,62231.0,536668323.36484665
1903,622310.0,536668323.36484665
1904,623.0,1610004970.0945399
1905,6231.0,402501242.52363497
1906,62311.0,402501242.52363497
1907,623110.0,402501242.52363497
1908,6232.0,402501242.52363497
1909,62321.0,201250621.26181749
1910,623210.0,201250621.26181749
1911,62322.0,201250621.26181749
1912,623220.0,201250621.26181749
1913,6233.0,402501242.52363497
1914,62331.0,402501242.52363497
1915,623311.0,201250621.26181749
1916,623312.0,201250621.26181749
1917,6239.0,402501242.52363497
1918,62399.0,402501242.52363497
1919,623990.0,402501242.52363497
1920,624.0,1610004970.0945399
1921,6241.0,402501242.52363497
1922,62411.0,134167080.84121166
1923,624110.0,134167080.84121166
1924,62412.0,134167080.84121166
1925,624120.0,134167080.84121166
1926,62419.0,134167080.84121166
1927,624190.0,134167080.84121166
1928,6242.0,402501242.52363497
1929,62421.0,134167080.84121166
1930,624210.0,134167080.84121166
1931,62422.0,134167080.84121166
1932,624221.0,67083540.42060583
1933,624229.0,67083540.42060583
1934,62423.0,134167080.84121166
1935,624230.0,134167080.84121166
1936,6243.0,402501242.52363497
1937,62431.0,402501242.52363497
1938,624310.0,402501242.52363497
1939,6244.0,402501242.52363497
1940,62441.0,402501242.52363497
1941,624410.0,402501242.52363497
1942,71.0,11497535492.957747
1943,711.0,3832511830.9859157
1944,7111.0,766502366.1971831
1945,71111.0,191625591.54929578
1946,711110.0,191625591.54929578
1947,71112.0,191625591.54929578
1948,711120.0,191625591.54929578
1949,71113.0,191625591.54929578
1950,711130.0,191625591.54929578
1951,71119.0,191625591.54929578
1952,711190.0,191625591.54929578
1953,7112.0,766502366.1971831
1954,71121.0,766502366.1971831
1955,711211.0,255500788.73239437
1956,711212.0,255500788.73239437
1957,711219.0,255500788.73239437
1958,7113.0,766502366.1971831
1959,71131.0,383251183.09859157
1960,711310.0,383251183.09859157
1961,71132.0,383251183.09859157
1962,711320.0,383251183.09859157
1963,7114.0,766502366.1971831
1964,71141.0,766502366.1971831
1965,711410.0,766502366.1971831
1966,7115.0,766502366.1971831
1967,71151.0,766502366.1971831
1968,711510.0,766502366.1971831
1969,712.0,3832511830.9859157
1970,7121.0,3832511830.9859157
1971,71211.0,958127957.7464789
1972,712110.0,958127957.7464789
1973,71212.0,958127957.7464789
1974,712120.0,958127957.7464789
1975,71213.0,958127957.7464789
1976,712130.0,958127957.7464789
1977,71219.0,958127957.7464789
1978,712190.0,958127957.7464789
1979,713.0,3832511830.9859157
1980,7131.0,1277503943.6619718
1981,71311.0,638751971.8309859
1982,713110.0,638751971.8309859
1983,71312.0,638751971.8309859
1984,713120.0,638751971.8309859
1985,7132.0,1277503943.6619718
1986,71321.0,638751971.8309859
1987,713210.0,638751971.8309859
1988,71329.0,638751971.8309859
1989,713290.0,638751971.8309859
1990,7139.0,1277503943.6619718
1991,71391.0,212917323.94366196
1992,713910.0,212917323.94366196
1993,71392.0,212917323.94366196
1994,713920.0,212917323.94366196
1995,71393.0,212917323.94366196
1996,713930.0,212917323.94366196
1997,71394.0,212917323.94366196
1998,713940.0,212917323.94366196
1999,71395.0,212917323.94366196
2000,713950.0,212917323.94366196
2001,71399.0,212917323.94366196
2002,713990.0,212917323.94366196
2003,72.0,11497535492.957747
2004,721.0,5748767746.478873
2005,7211.0,1916255915.4929578
2006,72111.0,638751971.8309859
2007,721110.0,638751971.8309859
2008,72112.0,638751971.8309859
2009,721120.0,638751971.8309859
2010,72119.0,638751971.8309859
2011,721191.0,319375985.91549295
2012,721199.0,319375985.91549295
2013,7212.0,1916255915.4929578
2014,72121.0,1916255915.4929578
2015,721211.0,958127957.7464789
2016,721214.0,958127957.7464789
2017,7213.0,1916255915.4929578
2018,72131.0,1916255915.4929578
2019,721310.0,1916255915.4929578
2020,722.0,5748767746.478873
2021,7223.0,1916255915.4929578
2022,72231.0,638751971.8309859
2023,722310.0,638751971.8309859
2024,72232.0,638751971.8309859
2025,722320.0,638751971.8309859
2026,72233.0,638751971.8309859
2027,722330.0,638751971.8309859
2028,7224.0,1916255915.4929578
2029,72241.0,1916255915.4929578
2030,722410.0,1916255915.4929578
2031,7225.0,1916255915.4929578
2032,72251.0,1916255915.4929578
2033,722511.0,479063978.87323946
2034,722513.0,479063978.87323946
2035,722514.0,479063978.87323946
2036,722515.0,479063978.87323946
2037,81.0,104000321.04958518
2038,811.0,26000080.262396295
2039,8111.0,6500020.065599074
2040,81111.0,2166673.3551996914
2041,811111.0,541668.3387999228
2042,811112.0,541668.3387999228
2043,811113.0,541668.3387999228
2044,811118.0,541668.3387999228
2045,81112.0,2166673.3551996914
2046,811121.0,1083336.6775998457
2047,811122.0,1083336.6775998457
2048,81119.0,2166673.3551996914
2049,811191.0,722224.4517332305
2050,811192.0,722224.4517332305
2051,811198.0,722224.4517332305
2052,8112.0,6500020.065599074
2053,81121.0,6500020.065599074
2054,811211.0,1625005.0163997684
2055,811212.0,1625005.0163997684
2056,811213.0,1625005.0163997684
2057,811219.0,1625005.0163997684
2058,8113.0,6500020.065599074
2059,81131.0,6500020.065599074
2060,811310.0,6500020.065599074
2061,8114.0,6500020.065599074
2062,81141.0,1625005.0163997684
2063,811411.0,812502.5081998842
2064,811412.0,812502.5081998842
2065,81142.0,1625005.0163997684
2066,811420.0,1625005.0163997684
2067,81143.0,1625005.0163997684
2068,811430.0,1625005.0163997684
2069,81149.0,1625005.0163997684
2070,811490.0,1625005.0163997684
2071,812.0,26000080.262396295
2072,8121.0,6500020.065599074
2073,81211.0,3250010.032799537
2074,812111.0,1083336.6775998457
2075,812112.0,1083336.6775998457
2076,812113.0,1083336.6775998457
2077,81219.0,3250010.032799537
2078,812191.0,1625005.0163997684
2079,812199.0,1625005.0163997684
2080,8122.0,6500020.065599074
2081,81221.0,3250010.032799537
2082,812210.0,3250010.032799537
2083,81222.0,3250010.032799537
2084,812220.0,3250010.032799537
2085,8123.0,6500020.065599074
2086,81231.0,2166673.3551996914
2087,812310.0,2166673.3551996914
2088,81232.0,2166673.3551996914
2089,812320.0,2166673.3551996914
2090,81233.0,2166673.3551996914
2091,812331.0,1083336.6775998457
2092,812332.0,1083336.6775998457
2093,8129.0,6500020.065599074
2094,81291.0,1625005.0163997684
2095,812910.0,1625005.0163997684
2096,81292.0,1625005.0163997684
2097,812921.0,812502.5081998842
2098,812922.0,812502.5081998842
2099,81293.0,1625005.0163997684
2100,812930.0,1625005.0163997684
2101,81299.0,1625005.0163997684
2102,812990.0,1625005.0163997684
2103,813.0,26000080.262396295
2104,8131.0,5200016.052479259
2105,81311.0,5200016.052479259
2106,813110.0,5200016.052479259
2107,8132.0,5200016.052479259
2108,81321.0,5200016.052479259
2109,813211.0,1733338.684159753
2110,813212.0,1733338.684159753
2111,813219.0,1733338.684159753
2112,8133.0,5200016.052479259
2113,81331.0,5200016.052479259
2114,813311.0,1733338.684159753
2115,813312.0,1733338.684159753
2116,813319.0,1733338.684159753
2117,8134.0,5200016.052479259
2118,81341.0,5200016.052479259
2119,813410.0,5200016.052479259
2120,8139.0,5200016.052479259
2121,81391.0,1040003.2104958517
2122,813910.0,1040003.2104958517
2123,81392.0,1040003.2104958517
2124,813920.0,1040003.2104958517
2125,81393.0,1040003.2104958517
2126,813930.0,1040003.2104958517
2127,81394.0,1040003.2104958517
2128,813940.0,1040003.2104958517
2129,81399.0,1040003.2104958517
2130,813990.0,1040003.2104958517
2131,814.0,26000080.262396295
2132,8141.0,26000080.262396295
2133,81411.0,26000080.262396295
2134,814110.0,26000080.262396295
