Codes:,Business_Income
1,1.3001823e+13
11,135606092566.0
111,27121218513.2
1111,5424243702.63
11111,774891957.519
111110,774891957.519
11112,774891957.519
111120,774891957.519
11113,774891957.519
111130,774891957.519
11114,774891957.519
111140,774891957.519
11115,774891957.519
111150,774891957.519
11116,774891957.519
111160,774891957.519
11119,774891957.519
111191,387445978.759
111199,387445978.759
1112,5424243702.63
11121,5424243702.63
111211,2712121851.32
111219,2712121851.32
1113,5424243702.63
11131,1808081234.21
111310,1808081234.21
11132,1808081234.21
111320,1808081234.21
11133,1808081234.21
111331,258297319.173
111332,258297319.173
111333,258297319.173
111334,258297319.173
111335,258297319.173
111336,258297319.173
111339,258297319.173
1114,5424243702.63
11141,2712121851.32
111411,1356060925.66
111419,1356060925.66
11142,2712121851.32
111421,1356060925.66
111422,1356060925.66
1119,5424243702.63
11191,1084848740.53
111910,1084848740.53
11192,1084848740.53
111920,1084848740.53
11193,1084848740.53
111930,1084848740.53
11194,1084848740.53
111940,1084848740.53
11199,1084848740.53
111991,361616246.842
111992,361616246.842
111998,361616246.842
112,27121218513.2
1121,4520203085.53
11211,1506734361.84
112111,753367180.921
112112,753367180.921
11212,1506734361.84
112120,1506734361.84
11213,1506734361.84
112130,1506734361.84
1122,4520203085.53
11221,4520203085.53
112210,4520203085.53
1123,4520203085.53
11231,904040617.105
112310,904040617.105
11232,904040617.105
112320,904040617.105
11233,904040617.105
112330,904040617.105
11234,904040617.105
112340,904040617.105
11239,904040617.105
112390,904040617.105
1124,4520203085.53
11241,2260101542.76
112410,2260101542.76
11242,2260101542.76
112420,2260101542.76
1125,4520203085.53
11251,4520203085.53
112511,1506734361.84
112512,1506734361.84
112519,1506734361.84
1129,4520203085.53
11291,1130050771.38
112910,1130050771.38
11292,1130050771.38
112920,1130050771.38
11293,1130050771.38
112930,1130050771.38
11299,1130050771.38
112990,1130050771.38
113,27121218513.2
1131,9040406171.05
11311,9040406171.05
113110,9040406171.05
1132,9040406171.05
11321,9040406171.05
113210,9040406171.05
1133,9040406171.05
11331,9040406171.05
113310,9040406171.05
114,27121218513.2
1141,13560609256.6
11411,13560609256.6
114111,4520203085.53
114112,4520203085.53
114119,4520203085.53
1142,13560609256.6
11421,13560609256.6
114210,13560609256.6
115,27121218513.2
1151,9040406171.05
11511,9040406171.05
115111,1506734361.84
115112,1506734361.84
115113,1506734361.84
115114,1506734361.84
115115,1506734361.84
115116,1506734361.84
1152,9040406171.05
11521,9040406171.05
115210,9040406171.05
1153,9040406171.05
11531,9040406171.05
115310,9040406171.05
21,221257386458.0
211,73752462152.7
2111,73752462152.7
21111,73752462152.7
211111,36876231076.4
211112,36876231076.4
212,73752462152.7
2121,24584154050.9
21211,24584154050.9
212111,8194718016.97
212112,8194718016.97
212113,8194718016.97
2122,24584154050.9
21221,6146038512.73
212210,6146038512.73
21222,6146038512.73
212221,3073019256.36
212222,3073019256.36
21223,6146038512.73
212231,3073019256.36
212234,3073019256.36
21229,6146038512.73
212291,3073019256.36
212299,3073019256.36
2123,24584154050.9
21231,8194718016.97
212311,2048679504.24
212312,2048679504.24
212313,2048679504.24
212319,2048679504.24
21232,8194718016.97
212321,2048679504.24
212322,2048679504.24
212324,2048679504.24
212325,2048679504.24
21239,8194718016.97
212391,2048679504.24
212392,2048679504.24
212393,2048679504.24
212399,2048679504.24
213,73752462152.7
2131,73752462152.7
21311,73752462152.7
213111,14750492430.5
213112,14750492430.5
213113,14750492430.5
213114,14750492430.5
213115,14750492430.5
22,164316822054.0
221,164316822054.0
2211,54772274017.9
22111,27386137009.0
221111,3423267126.12
221112,3423267126.12
221113,3423267126.12
221114,3423267126.12
221115,3423267126.12
221116,3423267126.12
221117,3423267126.12
221118,3423267126.12
22112,27386137009.0
221121,13693068504.5
221122,13693068504.5
2212,54772274017.9
22121,54772274017.9
221210,54772274017.9
2213,54772274017.9
22131,18257424672.6
221310,18257424672.6
22132,18257424672.6
221320,18257424672.6
22133,18257424672.6
221330,18257424672.6
23,604787131259.0
236,201595710420.0
2361,100797855210.0
23611,100797855210.0
236115,25199463802.5
236116,25199463802.5
236117,25199463802.5
236118,25199463802.5
2362,100797855210.0
23621,50398927604.9
236210,50398927604.9
23622,50398927604.9
236220,50398927604.9
237,201595710420.0
2371,50398927604.9
23711,16799642535.0
237110,16799642535.0
23712,16799642535.0
237120,16799642535.0
23713,16799642535.0
237130,16799642535.0
2372,50398927604.9
23721,50398927604.9
237210,50398927604.9
2373,50398927604.9
23731,50398927604.9
237310,50398927604.9
2379,50398927604.9
23799,50398927604.9
237990,50398927604.9
238,201595710420.0
2381,50398927604.9
23811,6299865950.62
238110,6299865950.62
23812,6299865950.62
238120,6299865950.62
23813,6299865950.62
238130,6299865950.62
23814,6299865950.62
238140,6299865950.62
23815,6299865950.62
238150,6299865950.62
23816,6299865950.62
238160,6299865950.62
23817,6299865950.62
238170,6299865950.62
23819,6299865950.62
238190,6299865950.62
2382,50398927604.9
23821,16799642535.0
238210,16799642535.0
23822,16799642535.0
238220,16799642535.0
23829,16799642535.0
238290,16799642535.0
2383,50398927604.9
23831,8399821267.49
238310,8399821267.49
23832,8399821267.49
238320,8399821267.49
23833,8399821267.49
238330,8399821267.49
23834,8399821267.49
238340,8399821267.49
23835,8399821267.49
238350,8399821267.49
23839,8399821267.49
238390,8399821267.49
2389,50398927604.9
23891,25199463802.5
238910,25199463802.5
23899,25199463802.5
238990,25199463802.5
31.32.33,1.46327394387e+12
311,54653494728.4
3111,6072610525.38
31111,6072610525.38
311111,3036305262.69
311119,3036305262.69
3112,6072610525.38
31121,2024203508.46
311211,674734502.82
311212,674734502.82
311213,674734502.82
31122,2024203508.46
311221,674734502.82
311224,674734502.82
311225,674734502.82
31123,2024203508.46
311230,2024203508.46
3113,6072610525.38
31131,2024203508.46
311313,1012101754.23
311314,1012101754.23
31134,2024203508.46
311340,2024203508.46
31135,2024203508.46
311351,1012101754.23
311352,1012101754.23
3114,6072610525.38
31141,3036305262.69
311411,1518152631.35
311412,1518152631.35
31142,3036305262.69
311421,1012101754.23
311422,1012101754.23
311423,1012101754.23
3115,6072610525.38
31151,3036305262.69
311511,759076315.673
311512,759076315.673
311513,759076315.673
311514,759076315.673
31152,3036305262.69
311520,3036305262.69
3116,6072610525.38
31161,6072610525.38
311611,1518152631.35
311612,1518152631.35
311613,1518152631.35
311615,1518152631.35
3117,6072610525.38
31171,6072610525.38
311710,6072610525.38
3118,6072610525.38
31181,2024203508.46
311811,674734502.82
311812,674734502.82
311813,674734502.82
31182,2024203508.46
311821,1012101754.23
311824,1012101754.23
31183,2024203508.46
311830,2024203508.46
3119,6072610525.38
31191,1214522105.08
311911,607261052.538
311919,607261052.538
31192,1214522105.08
311920,1214522105.08
31193,1214522105.08
311930,1214522105.08
31194,1214522105.08
311941,607261052.538
311942,607261052.538
31199,1214522105.08
311991,607261052.538
311999,607261052.538
312,54653494728.4
3121,27326747364.2
31211,6831686841.05
312111,2277228947.02
312112,2277228947.02
312113,2277228947.02
31212,6831686841.05
312120,6831686841.05
31213,6831686841.05
312130,6831686841.05
31214,6831686841.05
312140,6831686841.05
3122,27326747364.2
31223,27326747364.2
312230,27326747364.2
313,54653494728.4
3131,18217831576.1
31311,18217831576.1
313110,18217831576.1
3132,18217831576.1
31321,4554457894.04
313210,4554457894.04
31322,4554457894.04
313220,4554457894.04
31323,4554457894.04
313230,4554457894.04
31324,4554457894.04
313240,4554457894.04
3133,18217831576.1
31331,9108915788.07
313310,9108915788.07
31332,9108915788.07
313320,9108915788.07
314,54653494728.4
3141,27326747364.2
31411,13663373682.1
314110,13663373682.1
31412,13663373682.1
314120,13663373682.1
3149,27326747364.2
31491,13663373682.1
314910,13663373682.1
31499,13663373682.1
314994,6831686841.05
314999,6831686841.05
315,54653494728.4
3151,18217831576.1
31511,9108915788.07
315110,9108915788.07
31519,9108915788.07
315190,9108915788.07
3152,18217831576.1
31521,4554457894.04
315210,4554457894.04
31522,4554457894.04
315220,4554457894.04
31524,4554457894.04
315240,4554457894.04
31528,4554457894.04
315280,4554457894.04
3159,18217831576.1
31599,18217831576.1
315990,18217831576.1
316,54653494728.4
3161,18217831576.1
31611,18217831576.1
316110,18217831576.1
3162,18217831576.1
31621,18217831576.1
316210,18217831576.1
3169,18217831576.1
31699,18217831576.1
316992,9108915788.07
316998,9108915788.07
321,86208550185.3
3211,28736183395.1
32111,28736183395.1
321113,14368091697.5
321114,14368091697.5
3212,28736183395.1
32121,28736183395.1
321211,5747236679.02
321212,5747236679.02
321213,5747236679.02
321214,5747236679.02
321219,5747236679.02
3219,28736183395.1
32191,9578727798.36
321911,3192909266.12
321912,3192909266.12
321918,3192909266.12
32192,9578727798.36
321920,9578727798.36
32199,9578727798.36
321991,3192909266.12
321992,3192909266.12
321999,3192909266.12
322,54653494728.4
3221,27326747364.2
32211,9108915788.07
322110,9108915788.07
32212,9108915788.07
322121,4554457894.04
322122,4554457894.04
32213,9108915788.07
322130,9108915788.07
3222,27326747364.2
32221,6831686841.05
322211,2277228947.02
322212,2277228947.02
322219,2277228947.02
32222,6831686841.05
322220,6831686841.05
32223,6831686841.05
322230,6831686841.05
32229,6831686841.05
322291,3415843420.53
322299,3415843420.53
323,54653494728.4
3231,54653494728.4
32311,27326747364.2
323111,9108915788.07
323113,9108915788.07
323117,9108915788.07
32312,27326747364.2
323120,27326747364.2
324,54653494728.4
3241,54653494728.4
32411,18217831576.1
324110,18217831576.1
32412,18217831576.1
324121,9108915788.07
324122,9108915788.07
32419,18217831576.1
324191,9108915788.07
324199,9108915788.07
325,54653494728.4
3251,7807642104.06
32511,1561528420.81
325110,1561528420.81
32512,1561528420.81
325120,1561528420.81
32513,1561528420.81
325130,1561528420.81
32518,1561528420.81
325180,1561528420.81
32519,1561528420.81
325193,520509473.604
325194,520509473.604
325199,520509473.604
3252,7807642104.06
32521,3903821052.03
325211,1951910526.02
325212,1951910526.02
32522,3903821052.03
325220,3903821052.03
3253,7807642104.06
32531,3903821052.03
325311,1301273684.01
325312,1301273684.01
325314,1301273684.01
32532,3903821052.03
325320,3903821052.03
3254,7807642104.06
32541,7807642104.06
325411,1951910526.02
325412,1951910526.02
325413,1951910526.02
325414,1951910526.02
3255,7807642104.06
32551,3903821052.03
325510,3903821052.03
32552,3903821052.03
325520,3903821052.03
3256,7807642104.06
32561,3903821052.03
325611,1301273684.01
325612,1301273684.01
325613,1301273684.01
32562,3903821052.03
325620,3903821052.03
3259,7807642104.06
32591,2602547368.02
325910,2602547368.02
32592,2602547368.02
325920,2602547368.02
32599,2602547368.02
325991,867515789.34
325992,867515789.34
325998,867515789.34
326,54653494728.4
3261,27326747364.2
32611,3903821052.03
326111,1301273684.01
326112,1301273684.01
326113,1301273684.01
32612,3903821052.03
326121,1951910526.02
326122,1951910526.02
32613,3903821052.03
326130,3903821052.03
32614,3903821052.03
326140,3903821052.03
32615,3903821052.03
326150,3903821052.03
32616,3903821052.03
326160,3903821052.03
32619,3903821052.03
326191,1951910526.02
326199,1951910526.02
3262,27326747364.2
32621,9108915788.07
326211,4554457894.04
326212,4554457894.04
32622,9108915788.07
326220,9108915788.07
32629,9108915788.07
326291,4554457894.04
326299,4554457894.04
327,86208550185.3
3271,17241710037.1
32711,8620855018.53
327110,8620855018.53
32712,8620855018.53
327120,8620855018.53
3272,17241710037.1
32721,17241710037.1
327211,4310427509.26
327212,4310427509.26
327213,4310427509.26
327215,4310427509.26
3273,17241710037.1
32731,4310427509.26
327310,4310427509.26
32732,4310427509.26
327320,4310427509.26
32733,4310427509.26
327331,2155213754.63
327332,2155213754.63
32739,4310427509.26
327390,4310427509.26
3274,17241710037.1
32741,8620855018.53
327410,8620855018.53
32742,8620855018.53
327420,8620855018.53
3279,17241710037.1
32791,8620855018.53
327910,8620855018.53
32799,8620855018.53
327991,2155213754.63
327992,2155213754.63
327993,2155213754.63
327999,2155213754.63
331,86208550185.3
3311,17241710037.1
33111,17241710037.1
331110,17241710037.1
3312,17241710037.1
33121,8620855018.53
331210,8620855018.53
33122,8620855018.53
331221,4310427509.26
331222,4310427509.26
3313,17241710037.1
33131,17241710037.1
331313,4310427509.26
331314,4310427509.26
331315,4310427509.26
331318,4310427509.26
3314,17241710037.1
33141,5747236679.02
331410,5747236679.02
33142,5747236679.02
331420,5747236679.02
33149,5747236679.02
331491,2873618339.51
331492,2873618339.51
3315,17241710037.1
33151,8620855018.53
331511,2873618339.51
331512,2873618339.51
331513,2873618339.51
33152,8620855018.53
331523,2873618339.51
331524,2873618339.51
331529,2873618339.51
332,86208550185.3
3321,9578727798.36
33211,9578727798.36
332111,1915745559.67
332112,1915745559.67
332114,1915745559.67
332117,1915745559.67
332119,1915745559.67
3322,9578727798.36
33221,9578727798.36
332215,4789363899.18
332216,4789363899.18
3323,9578727798.36
33231,4789363899.18
332311,1596454633.06
332312,1596454633.06
332313,1596454633.06
33232,4789363899.18
332321,1596454633.06
332322,1596454633.06
332323,1596454633.06
3324,9578727798.36
33241,3192909266.12
332410,3192909266.12
33242,3192909266.12
332420,3192909266.12
33243,3192909266.12
332431,1596454633.06
332439,1596454633.06
3325,9578727798.36
33251,9578727798.36
332510,9578727798.36
3326,9578727798.36
33261,9578727798.36
332613,4789363899.18
332618,4789363899.18
3327,9578727798.36
33271,4789363899.18
332710,4789363899.18
33272,4789363899.18
332721,2394681949.59
332722,2394681949.59
3328,9578727798.36
33281,9578727798.36
332811,3192909266.12
332812,3192909266.12
332813,3192909266.12
3329,9578727798.36
33291,4789363899.18
332911,1197340974.8
332912,1197340974.8
332913,1197340974.8
332919,1197340974.8
33299,4789363899.18
332991,798227316.53
332992,798227316.53
332993,798227316.53
332994,798227316.53
332996,798227316.53
332999,798227316.53
333,86208550185.3
3331,12315507169.3
33311,4105169056.44
333111,2052584528.22
333112,2052584528.22
33312,4105169056.44
333120,4105169056.44
33313,4105169056.44
333131,2052584528.22
333132,2052584528.22
3332,12315507169.3
33324,12315507169.3
333241,2463101433.86
333242,2463101433.86
333243,2463101433.86
333244,2463101433.86
333249,2463101433.86
3333,12315507169.3
33331,12315507169.3
333314,4105169056.44
333316,4105169056.44
333318,4105169056.44
3334,12315507169.3
33341,12315507169.3
333413,4105169056.44
333414,4105169056.44
333415,4105169056.44
3335,12315507169.3
33351,12315507169.3
333511,2463101433.86
333514,2463101433.86
333515,2463101433.86
333517,2463101433.86
333519,2463101433.86
3336,12315507169.3
33361,12315507169.3
333611,3078876792.33
333612,3078876792.33
333613,3078876792.33
333618,3078876792.33
3339,12315507169.3
33391,4105169056.44
333911,1368389685.48
333912,1368389685.48
333913,1368389685.48
33392,4105169056.44
333921,1026292264.11
333922,1026292264.11
333923,1026292264.11
333924,1026292264.11
33399,4105169056.44
333991,513146132.055
333992,513146132.055
333993,513146132.055
333994,513146132.055
333995,513146132.055
333996,513146132.055
333997,513146132.055
333999,513146132.055
334,86208550185.3
3341,14368091697.5
33411,14368091697.5
334111,4789363899.18
334112,4789363899.18
334118,4789363899.18
3342,14368091697.5
33421,4789363899.18
334210,4789363899.18
33422,4789363899.18
334220,4789363899.18
33429,4789363899.18
334290,4789363899.18
3343,14368091697.5
33431,14368091697.5
334310,14368091697.5
3344,14368091697.5
33441,14368091697.5
334412,2394681949.59
334413,2394681949.59
334416,2394681949.59
334417,2394681949.59
334418,2394681949.59
334419,2394681949.59
3345,14368091697.5
33451,14368091697.5
334510,1596454633.06
334511,1596454633.06
334512,1596454633.06
334513,1596454633.06
334514,1596454633.06
334515,1596454633.06
334516,1596454633.06
334517,1596454633.06
334519,1596454633.06
3346,14368091697.5
33461,14368091697.5
334613,7184045848.77
334614,7184045848.77
335,86208550185.3
3351,21552137546.3
33511,10776068773.2
335110,10776068773.2
33512,10776068773.2
335121,3592022924.39
335122,3592022924.39
335129,3592022924.39
3352,21552137546.3
33521,10776068773.2
335210,10776068773.2
33522,10776068773.2
335221,2694017193.29
335222,2694017193.29
335224,2694017193.29
335228,2694017193.29
3353,21552137546.3
33531,21552137546.3
335311,5388034386.58
335312,5388034386.58
335313,5388034386.58
335314,5388034386.58
3359,21552137546.3
33591,5388034386.58
335911,2694017193.29
335912,2694017193.29
33592,5388034386.58
335921,2694017193.29
335929,2694017193.29
33593,5388034386.58
335931,2694017193.29
335932,2694017193.29
33599,5388034386.58
335991,2694017193.29
335999,2694017193.29
336,86208550185.3
3361,12315507169.3
33611,6157753584.66
336111,3078876792.33
336112,3078876792.33
33612,6157753584.66
336120,6157753584.66
3362,12315507169.3
33621,12315507169.3
336211,3078876792.33
336212,3078876792.33
336213,3078876792.33
336214,3078876792.33
3363,12315507169.3
33631,1539438396.17
336310,1539438396.17
33632,1539438396.17
336320,1539438396.17
33633,1539438396.17
336330,1539438396.17
33634,1539438396.17
336340,1539438396.17
33635,1539438396.17
336350,1539438396.17
33636,1539438396.17
336360,1539438396.17
33637,1539438396.17
336370,1539438396.17
33639,1539438396.17
336390,1539438396.17
3364,12315507169.3
33641,12315507169.3
336411,2052584528.22
336412,2052584528.22
336413,2052584528.22
336414,2052584528.22
336415,2052584528.22
336419,2052584528.22
3365,12315507169.3
33651,12315507169.3
336510,12315507169.3
3366,12315507169.3
33661,12315507169.3
336611,6157753584.66
336612,6157753584.66
3369,12315507169.3
33699,12315507169.3
336991,4105169056.44
336992,4105169056.44
336999,4105169056.44
337,86208550185.3
3371,28736183395.1
33711,14368091697.5
337110,14368091697.5
33712,14368091697.5
337121,2873618339.51
337122,2873618339.51
337124,2873618339.51
337125,2873618339.51
337127,2873618339.51
3372,28736183395.1
33721,28736183395.1
337211,7184045848.77
337212,7184045848.77
337214,7184045848.77
337215,7184045848.77
3379,28736183395.1
33791,14368091697.5
337910,14368091697.5
33792,14368091697.5
337920,14368091697.5
339,86208550185.3
3391,43104275092.6
33911,43104275092.6
339112,8620855018.53
339113,8620855018.53
339114,8620855018.53
339115,8620855018.53
339116,8620855018.53
3399,43104275092.6
33991,7184045848.77
339910,7184045848.77
33992,7184045848.77
339920,7184045848.77
33993,7184045848.77
339930,7184045848.77
33994,7184045848.77
339940,7184045848.77
33995,7184045848.77
339950,7184045848.77
33999,7184045848.77
339991,1197340974.8
339992,1197340974.8
339993,1197340974.8
339994,1197340974.8
339995,1197340974.8
339999,1197340974.8
42,825007726669.0
423,275002575556.0
4231,30555841728.5
42311,7638960432.12
423110,7638960432.12
42312,7638960432.12
423120,7638960432.12
42313,7638960432.12
423130,7638960432.12
42314,7638960432.12
423140,7638960432.12
4232,30555841728.5
42321,15277920864.2
423210,15277920864.2
42322,15277920864.2
423220,15277920864.2
4233,30555841728.5
42331,7638960432.12
423310,7638960432.12
42332,7638960432.12
423320,7638960432.12
42333,7638960432.12
423330,7638960432.12
42339,7638960432.12
423390,7638960432.12
4234,30555841728.5
42341,4365120246.92
423410,4365120246.92
42342,4365120246.92
423420,4365120246.92
42343,4365120246.92
423430,4365120246.92
42344,4365120246.92
423440,4365120246.92
42345,4365120246.92
423450,4365120246.92
42346,4365120246.92
423460,4365120246.92
42349,4365120246.92
423490,4365120246.92
4235,30555841728.5
42351,15277920864.2
423510,15277920864.2
42352,15277920864.2
423520,15277920864.2
4236,30555841728.5
42361,10185280576.2
423610,10185280576.2
42362,10185280576.2
423620,10185280576.2
42369,10185280576.2
423690,10185280576.2
4237,30555841728.5
42371,7638960432.12
423710,7638960432.12
42372,7638960432.12
423720,7638960432.12
42373,7638960432.12
423730,7638960432.12
42374,7638960432.12
423740,7638960432.12
4238,30555841728.5
42381,5092640288.08
423810,5092640288.08
42382,5092640288.08
423820,5092640288.08
42383,5092640288.08
423830,5092640288.08
42384,5092640288.08
423840,5092640288.08
42385,5092640288.08
423850,5092640288.08
42386,5092640288.08
423860,5092640288.08
4239,30555841728.5
42391,6111168345.69
423910,6111168345.69
42392,6111168345.69
423920,6111168345.69
42393,6111168345.69
423930,6111168345.69
42394,6111168345.69
423940,6111168345.69
42399,6111168345.69
423990,6111168345.69
424,275002575556.0
4241,30555841728.5
42411,10185280576.2
424110,10185280576.2
42412,10185280576.2
424120,10185280576.2
42413,10185280576.2
424130,10185280576.2
4242,30555841728.5
42421,30555841728.5
424210,30555841728.5
4243,30555841728.5
42431,7638960432.12
424310,7638960432.12
42432,7638960432.12
424320,7638960432.12
42433,7638960432.12
424330,7638960432.12
42434,7638960432.12
424340,7638960432.12
4244,30555841728.5
42441,3395093525.39
424410,3395093525.39
42442,3395093525.39
424420,3395093525.39
42443,3395093525.39
424430,3395093525.39
42444,3395093525.39
424440,3395093525.39
42445,3395093525.39
424450,3395093525.39
42446,3395093525.39
424460,3395093525.39
42447,3395093525.39
424470,3395093525.39
42448,3395093525.39
424480,3395093525.39
42449,3395093525.39
424490,3395093525.39
4245,30555841728.5
42451,10185280576.2
424510,10185280576.2
42452,10185280576.2
424520,10185280576.2
42459,10185280576.2
424590,10185280576.2
4246,30555841728.5
42461,15277920864.2
424610,15277920864.2
42469,15277920864.2
424690,15277920864.2
4247,30555841728.5
42471,15277920864.2
424710,15277920864.2
42472,15277920864.2
424720,15277920864.2
4248,30555841728.5
42481,15277920864.2
424810,15277920864.2
42482,15277920864.2
424820,15277920864.2
4249,30555841728.5
42491,5092640288.08
424910,5092640288.08
42492,5092640288.08
424920,5092640288.08
42493,5092640288.08
424930,5092640288.08
42494,5092640288.08
424940,5092640288.08
42495,5092640288.08
424950,5092640288.08
42499,5092640288.08
424990,5092640288.08
425,275002575556.0
4251,275002575556.0
42511,137501287778.0
425110,137501287778.0
42512,137501287778.0
425120,137501287778.0
44.45,932374278189.0
441,77697856515.8
4411,25899285505.3
44111,12949642752.6
441110,12949642752.6
44112,12949642752.6
441120,12949642752.6
4412,25899285505.3
44121,12949642752.6
441210,12949642752.6
44122,12949642752.6
441222,6474821376.31
441228,6474821376.31
4413,25899285505.3
44131,12949642752.6
441310,12949642752.6
44132,12949642752.6
441320,12949642752.6
442,77697856515.8
4421,38848928257.9
44211,38848928257.9
442110,38848928257.9
4422,38848928257.9
44221,19424464128.9
442210,19424464128.9
44229,19424464128.9
442291,9712232064.47
442299,9712232064.47
443,77697856515.8
4431,77697856515.8
44314,77697856515.8
443141,38848928257.9
443142,38848928257.9
444,77697856515.8
4441,38848928257.9
44411,9712232064.47
444110,9712232064.47
44412,9712232064.47
444120,9712232064.47
44413,9712232064.47
444130,9712232064.47
44419,9712232064.47
444190,9712232064.47
4442,38848928257.9
44421,19424464128.9
444210,19424464128.9
44422,19424464128.9
444220,19424464128.9
445,77697856515.8
4451,25899285505.3
44511,12949642752.6
445110,12949642752.6
44512,12949642752.6
445120,12949642752.6
4452,25899285505.3
44521,6474821376.31
445210,6474821376.31
44522,6474821376.31
445220,6474821376.31
44523,6474821376.31
445230,6474821376.31
44529,6474821376.31
445291,2158273792.1
445292,2158273792.1
445299,2158273792.1
4453,25899285505.3
44531,25899285505.3
445310,25899285505.3
446,77697856515.8
4461,77697856515.8
44611,19424464128.9
446110,19424464128.9
44612,19424464128.9
446120,19424464128.9
44613,19424464128.9
446130,19424464128.9
44619,19424464128.9
446191,9712232064.47
446199,9712232064.47
447,77697856515.8
4471,77697856515.8
44711,38848928257.9
447110,38848928257.9
44719,38848928257.9
447190,38848928257.9
448,77697856515.8
4481,25899285505.3
44811,4316547584.21
448110,4316547584.21
44812,4316547584.21
448120,4316547584.21
44813,4316547584.21
448130,4316547584.21
44814,4316547584.21
448140,4316547584.21
44815,4316547584.21
448150,4316547584.21
44819,4316547584.21
448190,4316547584.21
4482,25899285505.3
44821,25899285505.3
448210,25899285505.3
4483,25899285505.3
44831,12949642752.6
448310,12949642752.6
44832,12949642752.6
448320,12949642752.6
451,77697856515.8
4511,38848928257.9
45111,9712232064.47
451110,9712232064.47
45112,9712232064.47
451120,9712232064.47
45113,9712232064.47
451130,9712232064.47
45114,9712232064.47
451140,9712232064.47
4512,38848928257.9
45121,38848928257.9
451211,19424464128.9
451212,19424464128.9
452,77697856515.8
4521,38848928257.9
45211,38848928257.9
452111,19424464128.9
452112,19424464128.9
4529,38848928257.9
45291,19424464128.9
452910,19424464128.9
45299,19424464128.9
452990,19424464128.9
453,77697856515.8
4531,19424464128.9
45311,19424464128.9
453110,19424464128.9
4532,19424464128.9
45321,9712232064.47
453210,9712232064.47
45322,9712232064.47
453220,9712232064.47
4533,19424464128.9
45331,19424464128.9
453310,19424464128.9
4539,19424464128.9
45391,4856116032.23
453910,4856116032.23
45392,4856116032.23
453920,4856116032.23
45393,4856116032.23
453930,4856116032.23
45399,4856116032.23
453991,2428058016.12
453998,2428058016.12
454,77697856515.8
4541,25899285505.3
45411,25899285505.3
454111,8633095168.42
454112,8633095168.42
454113,8633095168.42
4542,25899285505.3
45421,25899285505.3
454210,25899285505.3
4543,25899285505.3
45431,12949642752.6
454310,12949642752.6
45439,12949642752.6
454390,12949642752.6
48.49,404916758795.0
481,36810614435.9
4811,18405307218.0
48111,18405307218.0
481111,9202653608.98
481112,9202653608.98
4812,18405307218.0
48121,18405307218.0
481211,6135102405.98
481212,6135102405.98
481219,6135102405.98
482,36810614435.9
4821,36810614435.9
48211,36810614435.9
482111,18405307218.0
482112,18405307218.0
483,36810614435.9
4831,18405307218.0
48311,18405307218.0
483111,4601326804.49
483112,4601326804.49
483113,4601326804.49
483114,4601326804.49
4832,18405307218.0
48321,18405307218.0
483211,9202653608.98
483212,9202653608.98
484,36810614435.9
4841,18405307218.0
48411,9202653608.98
484110,9202653608.98
48412,9202653608.98
484121,4601326804.49
484122,4601326804.49
4842,18405307218.0
48421,6135102405.98
484210,6135102405.98
48422,6135102405.98
484220,6135102405.98
48423,6135102405.98
484230,6135102405.98
485,36810614435.9
4851,6135102405.98
48511,6135102405.98
485111,1533775601.5
485112,1533775601.5
485113,1533775601.5
485119,1533775601.5
4852,6135102405.98
48521,6135102405.98
485210,6135102405.98
4853,6135102405.98
48531,3067551202.99
485310,3067551202.99
48532,3067551202.99
485320,3067551202.99
4854,6135102405.98
48541,6135102405.98
485410,6135102405.98
4855,6135102405.98
48551,6135102405.98
485510,6135102405.98
4859,6135102405.98
48599,6135102405.98
485991,3067551202.99
485999,3067551202.99
486,36810614435.9
4861,12270204812.0
48611,12270204812.0
486110,12270204812.0
4862,12270204812.0
48621,12270204812.0
486210,12270204812.0
4869,12270204812.0
48691,6135102405.98
486910,6135102405.98
48699,6135102405.98
486990,6135102405.98
487,36810614435.9
4871,12270204812.0
48711,12270204812.0
487110,12270204812.0
4872,12270204812.0
48721,12270204812.0
487210,12270204812.0
4879,12270204812.0
48799,12270204812.0
487990,12270204812.0
488,36810614435.9
4881,6135102405.98
48811,3067551202.99
488111,1533775601.5
488119,1533775601.5
48819,3067551202.99
488190,3067551202.99
4882,6135102405.98
48821,6135102405.98
488210,6135102405.98
4883,6135102405.98
48831,1533775601.5
488310,1533775601.5
48832,1533775601.5
488320,1533775601.5
48833,1533775601.5
488330,1533775601.5
48839,1533775601.5
488390,1533775601.5
4884,6135102405.98
48841,3067551202.99
488410,3067551202.99
48849,3067551202.99
488490,3067551202.99
4885,6135102405.98
48851,6135102405.98
488510,6135102405.98
4889,6135102405.98
48899,6135102405.98
488991,3067551202.99
488999,3067551202.99
491,36810614435.9
4911,36810614435.9
49111,36810614435.9
491110,36810614435.9
492,36810614435.9
4921,18405307218.0
49211,18405307218.0
492110,18405307218.0
4922,18405307218.0
49221,18405307218.0
492210,18405307218.0
493,36810614435.9
4931,36810614435.9
49311,9202653608.98
493110,9202653608.98
49312,9202653608.98
493120,9202653608.98
49313,9202653608.98
493130,9202653608.98
49319,9202653608.98
493190,9202653608.98
51,471434625365.0
511,78572437560.8
5111,39286218780.4
51111,7857243756.08
511110,7857243756.08
51112,7857243756.08
511120,7857243756.08
51113,7857243756.08
511130,7857243756.08
51114,7857243756.08
511140,7857243756.08
51119,7857243756.08
511191,3928621878.04
511199,3928621878.04
5112,39286218780.4
51121,39286218780.4
511210,39286218780.4
512,78572437560.8
5121,39286218780.4
51211,9821554695.1
512110,9821554695.1
51212,9821554695.1
512120,9821554695.1
51213,9821554695.1
512131,4910777347.55
512132,4910777347.55
51219,9821554695.1
512191,4910777347.55
512199,4910777347.55
5122,39286218780.4
51221,7857243756.08
512210,7857243756.08
51222,7857243756.08
512220,7857243756.08
51223,7857243756.08
512230,7857243756.08
51224,7857243756.08
512240,7857243756.08
51229,7857243756.08
512290,7857243756.08
515,78572437560.8
5151,39286218780.4
51511,19643109390.2
515111,9821554695.1
515112,9821554695.1
51512,19643109390.2
515120,19643109390.2
5152,39286218780.4
51521,39286218780.4
515210,39286218780.4
517,78572437560.8
5171,19643109390.2
51711,19643109390.2
517110,19643109390.2
5172,19643109390.2
51721,19643109390.2
517210,19643109390.2
5174,19643109390.2
51741,19643109390.2
517410,19643109390.2
5179,19643109390.2
51791,19643109390.2
517911,9821554695.1
517919,9821554695.1
518,78572437560.8
5182,78572437560.8
51821,78572437560.8
518210,78572437560.8
519,78572437560.8
5191,78572437560.8
51911,19643109390.2
519110,19643109390.2
51912,19643109390.2
519120,19643109390.2
51913,19643109390.2
519130,19643109390.2
51919,19643109390.2
519190,19643109390.2
52,1.26858840902e+12
521,253717681804.0
5211,253717681804.0
52111,253717681804.0
521110,253717681804.0
522,253717681804.0
5221,84572560601.4
52211,21143140150.3
522110,21143140150.3
52212,21143140150.3
522120,21143140150.3
52213,21143140150.3
522130,21143140150.3
52219,21143140150.3
522190,21143140150.3
5222,84572560601.4
52221,28190853533.8
522210,28190853533.8
52222,28190853533.8
522220,28190853533.8
52229,28190853533.8
522291,5638170706.76
522292,5638170706.76
522293,5638170706.76
522294,5638170706.76
522298,5638170706.76
5223,84572560601.4
52231,28190853533.8
522310,28190853533.8
52232,28190853533.8
522320,28190853533.8
52239,28190853533.8
522390,28190853533.8
523,253717681804.0
5231,84572560601.4
52311,21143140150.3
523110,21143140150.3
52312,21143140150.3
523120,21143140150.3
52313,21143140150.3
523130,21143140150.3
52314,21143140150.3
523140,21143140150.3
5232,84572560601.4
52321,84572560601.4
523210,84572560601.4
5239,84572560601.4
52391,21143140150.3
523910,21143140150.3
52392,21143140150.3
523920,21143140150.3
52393,21143140150.3
523930,21143140150.3
52399,21143140150.3
523991,10571570075.2
523999,10571570075.2
524,253717681804.0
5241,126858840902.0
52411,42286280300.7
524113,21143140150.3
524114,21143140150.3
52412,42286280300.7
524126,14095426766.9
524127,14095426766.9
524128,14095426766.9
52413,42286280300.7
524130,42286280300.7
5242,126858840902.0
52421,63429420451.0
524210,63429420451.0
52429,63429420451.0
524291,21143140150.3
524292,21143140150.3
524298,21143140150.3
525,253717681804.0
5251,126858840902.0
52511,42286280300.7
525110,42286280300.7
52512,42286280300.7
525120,42286280300.7
52519,42286280300.7
525190,42286280300.7
5259,126858840902.0
52591,42286280300.7
525910,42286280300.7
52592,42286280300.7
525920,42286280300.7
52599,42286280300.7
525990,42286280300.7
53,806491079723.0
531,268830359908.0
5311,89610119969.3
53111,22402529992.3
531110,22402529992.3
53112,22402529992.3
531120,22402529992.3
53113,22402529992.3
531130,22402529992.3
53119,22402529992.3
531190,22402529992.3
5312,89610119969.3
53121,89610119969.3
531210,89610119969.3
5313,89610119969.3
53131,29870039989.8
531311,14935019994.9
531312,14935019994.9
53132,29870039989.8
531320,29870039989.8
53139,29870039989.8
531390,29870039989.8
532,268830359908.0
5321,67207589976.9
53211,33603794988.5
532111,16801897494.2
532112,16801897494.2
53212,33603794988.5
532120,33603794988.5
5322,67207589976.9
53221,16801897494.2
532210,16801897494.2
53222,16801897494.2
532220,16801897494.2
53223,16801897494.2
532230,16801897494.2
53229,16801897494.2
532291,5600632498.08
532292,5600632498.08
532299,5600632498.08
5323,67207589976.9
53231,67207589976.9
532310,67207589976.9
5324,67207589976.9
53241,22402529992.3
532411,11201264996.2
532412,11201264996.2
53242,22402529992.3
532420,22402529992.3
53249,22402529992.3
532490,22402529992.3
533,268830359908.0
5331,268830359908.0
53311,268830359908.0
533110,268830359908.0
54,1.85025642345e+12
541,1.85025642345e+12
5411,205584047050.0
54111,68528015683.4
541110,68528015683.4
54112,68528015683.4
541120,68528015683.4
54119,68528015683.4
541191,34264007841.7
541199,34264007841.7
5412,205584047050.0
54121,205584047050.0
541211,51396011762.6
541213,51396011762.6
541214,51396011762.6
541219,51396011762.6
5413,205584047050.0
54131,25698005881.3
541310,25698005881.3
54132,25698005881.3
541320,25698005881.3
54133,25698005881.3
541330,25698005881.3
54134,25698005881.3
541340,25698005881.3
54135,25698005881.3
541350,25698005881.3
54136,25698005881.3
541360,25698005881.3
54137,25698005881.3
541370,25698005881.3
54138,25698005881.3
541380,25698005881.3
5414,205584047050.0
54141,51396011762.6
541410,51396011762.6
54142,51396011762.6
541420,51396011762.6
54143,51396011762.6
541430,51396011762.6
54149,51396011762.6
541490,51396011762.6
5415,205584047050.0
54151,205584047050.0
541511,51396011762.6
541512,51396011762.6
541513,51396011762.6
541519,51396011762.6
5416,205584047050.0
54161,68528015683.4
541611,13705603136.7
541612,13705603136.7
541613,13705603136.7
541614,13705603136.7
541618,13705603136.7
54162,68528015683.4
541620,68528015683.4
54169,68528015683.4
541690,68528015683.4
5417,205584047050.0
54171,102792023525.0
541711,51396011762.6
541712,51396011762.6
54172,102792023525.0
541720,102792023525.0
5418,205584047050.0
54181,25698005881.3
541810,25698005881.3
54182,25698005881.3
541820,25698005881.3
54183,25698005881.3
541830,25698005881.3
54184,25698005881.3
541840,25698005881.3
54185,25698005881.3
541850,25698005881.3
54186,25698005881.3
541860,25698005881.3
54187,25698005881.3
541870,25698005881.3
54189,25698005881.3
541890,25698005881.3
5419,205584047050.0
54191,41116809410.1
541910,41116809410.1
54192,41116809410.1
541921,20558404705.0
541922,20558404705.0
54193,41116809410.1
541930,41116809410.1
54194,41116809410.1
541940,41116809410.1
54199,41116809410.1
541990,41116809410.1
55,85094515039.8
551,85094515039.8
5511,85094515039.8
55111,85094515039.8
551111,28364838346.6
551112,28364838346.6
551114,28364838346.6
56,-7196653442.26
561,-3598326721.13
5611,-449790840.141
56111,-449790840.141
561110,-449790840.141
5612,-449790840.141
56121,-449790840.141
561210,-449790840.141
5613,-449790840.141
56131,-149930280.047
561311,-74965140.0235
561312,-74965140.0235
56132,-149930280.047
561320,-149930280.047
56133,-149930280.047
561330,-149930280.047
5614,-449790840.141
56141,-74965140.0235
561410,-74965140.0235
56142,-74965140.0235
561421,-37482570.0118
561422,-37482570.0118
56143,-74965140.0235
561431,-37482570.0118
561439,-37482570.0118
56144,-74965140.0235
561440,-74965140.0235
56145,-74965140.0235
561450,-74965140.0235
56149,-74965140.0235
561491,-24988380.0078
561492,-24988380.0078
561499,-24988380.0078
5615,-449790840.141
56151,-149930280.047
561510,-149930280.047
56152,-149930280.047
561520,-149930280.047
56159,-149930280.047
561591,-74965140.0235
561599,-74965140.0235
5616,-449790840.141
56161,-224895420.071
561611,-74965140.0235
561612,-74965140.0235
561613,-74965140.0235
56162,-224895420.071
561621,-112447710.035
561622,-112447710.035
5617,-449790840.141
56171,-89958168.0282
561710,-89958168.0282
56172,-89958168.0282
561720,-89958168.0282
56173,-89958168.0282
561730,-89958168.0282
56174,-89958168.0282
561740,-89958168.0282
56179,-89958168.0282
561790,-89958168.0282
5619,-449790840.141
56191,-149930280.047
561910,-149930280.047
56192,-149930280.047
561920,-149930280.047
56199,-149930280.047
561990,-149930280.047
562,-3598326721.13
5621,-1199442240.38
56211,-1199442240.38
562111,-399814080.125
562112,-399814080.125
562119,-399814080.125
5622,-1199442240.38
56221,-1199442240.38
562211,-299860560.094
562212,-299860560.094
562213,-299860560.094
562219,-299860560.094
5629,-1199442240.38
56291,-399814080.125
562910,-399814080.125
56292,-399814080.125
562920,-399814080.125
56299,-399814080.125
562991,-199907040.063
562998,-199907040.063
61,662981551051.0
611,662981551051.0
6111,94711650150.2
61111,94711650150.2
611110,94711650150.2
6112,94711650150.2
61121,94711650150.2
611210,94711650150.2
6113,94711650150.2
61131,94711650150.2
611310,94711650150.2
6114,94711650150.2
61141,31570550050.1
611410,31570550050.1
61142,31570550050.1
611420,31570550050.1
61143,31570550050.1
611430,31570550050.1
6115,94711650150.2
61151,94711650150.2
611511,23677912537.5
611512,23677912537.5
611513,23677912537.5
611519,23677912537.5
6116,94711650150.2
61161,23677912537.5
611610,23677912537.5
61162,23677912537.5
611620,23677912537.5
61163,23677912537.5
611630,23677912537.5
61169,23677912537.5
611691,7892637512.52
611692,7892637512.52
611699,7892637512.52
6117,94711650150.2
61171,94711650150.2
611710,94711650150.2
62,662981551051.0
621,165745387763.0
6211,23677912537.5
62111,23677912537.5
621111,11838956268.8
621112,11838956268.8
6212,23677912537.5
62121,23677912537.5
621210,23677912537.5
6213,23677912537.5
62131,4735582507.51
621310,4735582507.51
62132,4735582507.51
621320,4735582507.51
62133,4735582507.51
621330,4735582507.51
62134,4735582507.51
621340,4735582507.51
62139,4735582507.51
621391,2367791253.75
621399,2367791253.75
6214,23677912537.5
62141,7892637512.52
621410,7892637512.52
62142,7892637512.52
621420,7892637512.52
62149,7892637512.52
621491,1973159378.13
621492,1973159378.13
621493,1973159378.13
621498,1973159378.13
6215,23677912537.5
62151,23677912537.5
621511,11838956268.8
621512,11838956268.8
6216,23677912537.5
62161,23677912537.5
621610,23677912537.5
6219,23677912537.5
62191,11838956268.8
621910,11838956268.8
62199,11838956268.8
621991,5919478134.39
621999,5919478134.39
622,165745387763.0
6221,55248462587.6
62211,55248462587.6
622110,55248462587.6
6222,55248462587.6
62221,55248462587.6
622210,55248462587.6
6223,55248462587.6
62231,55248462587.6
622310,55248462587.6
623,165745387763.0
6231,41436346940.7
62311,41436346940.7
623110,41436346940.7
6232,41436346940.7
62321,20718173470.4
623210,20718173470.4
62322,20718173470.4
623220,20718173470.4
6233,41436346940.7
62331,41436346940.7
623311,20718173470.4
623312,20718173470.4
6239,41436346940.7
62399,41436346940.7
623990,41436346940.7
624,165745387763.0
6241,41436346940.7
62411,13812115646.9
624110,13812115646.9
62412,13812115646.9
624120,13812115646.9
62419,13812115646.9
624190,13812115646.9
6242,41436346940.7
62421,13812115646.9
624210,13812115646.9
62422,13812115646.9
624221,6906057823.45
624229,6906057823.45
62423,13812115646.9
624230,13812115646.9
6243,41436346940.7
62431,41436346940.7
624310,41436346940.7
6244,41436346940.7
62441,41436346940.7
624410,41436346940.7
71,266788396260.0
711,88929465420.1
7111,17785893084.0
71111,4446473271.01
711110,4446473271.01
71112,4446473271.01
711120,4446473271.01
71113,4446473271.01
711130,4446473271.01
71119,4446473271.01
711190,4446473271.01
7112,17785893084.0
71121,17785893084.0
711211,5928631028.01
711212,5928631028.01
711219,5928631028.01
7113,17785893084.0
71131,8892946542.01
711310,8892946542.01
71132,8892946542.01
711320,8892946542.01
7114,17785893084.0
71141,17785893084.0
711410,17785893084.0
7115,17785893084.0
71151,17785893084.0
711510,17785893084.0
712,88929465420.1
7121,88929465420.1
71211,22232366355.0
712110,22232366355.0
71212,22232366355.0
712120,22232366355.0
71213,22232366355.0
712130,22232366355.0
71219,22232366355.0
712190,22232366355.0
713,88929465420.1
7131,29643155140.0
71311,14821577570.0
713110,14821577570.0
71312,14821577570.0
713120,14821577570.0
7132,29643155140.0
71321,14821577570.0
713210,14821577570.0
71329,14821577570.0
713290,14821577570.0
7139,29643155140.0
71391,4940525856.67
713910,4940525856.67
71392,4940525856.67
713920,4940525856.67
71393,4940525856.67
713930,4940525856.67
71394,4940525856.67
713940,4940525856.67
71395,4940525856.67
713950,4940525856.67
71399,4940525856.67
713990,4940525856.67
72,266788396260.0
721,133394198130.0
7211,44464732710.1
72111,14821577570.0
721110,14821577570.0
72112,14821577570.0
721120,14821577570.0
72119,14821577570.0
721191,7410788785.01
721199,7410788785.01
7212,44464732710.1
72121,44464732710.1
721211,22232366355.0
721214,22232366355.0
7213,44464732710.1
72131,44464732710.1
721310,44464732710.1
722,133394198130.0
7223,44464732710.1
72231,14821577570.0
722310,14821577570.0
72232,14821577570.0
722320,14821577570.0
72233,14821577570.0
722330,14821577570.0
7224,44464732710.1
72241,44464732710.1
722410,44464732710.1
7225,44464732710.1
72251,44464732710.1
722511,11116183177.5
722513,11116183177.5
722514,11116183177.5
722515,11116183177.5
81,386829828650.0
811,96707457162.6
8111,24176864290.6
81111,8058954763.55
811111,2014738690.89
811112,2014738690.89
811113,2014738690.89
811118,2014738690.89
81112,8058954763.55
811121,4029477381.77
811122,4029477381.77
81119,8058954763.55
811191,2686318254.52
811192,2686318254.52
811198,2686318254.52
8112,24176864290.6
81121,24176864290.6
811211,6044216072.66
811212,6044216072.66
811213,6044216072.66
811219,6044216072.66
8113,24176864290.6
81131,24176864290.6
811310,24176864290.6
8114,24176864290.6
81141,6044216072.66
811411,3022108036.33
811412,3022108036.33
81142,6044216072.66
811420,6044216072.66
81143,6044216072.66
811430,6044216072.66
81149,6044216072.66
811490,6044216072.66
812,96707457162.6
8121,24176864290.6
81211,12088432145.3
812111,4029477381.77
812112,4029477381.77
812113,4029477381.77
81219,12088432145.3
812191,6044216072.66
812199,6044216072.66
8122,24176864290.6
81221,12088432145.3
812210,12088432145.3
81222,12088432145.3
812220,12088432145.3
8123,24176864290.6
81231,8058954763.55
812310,8058954763.55
81232,8058954763.55
812320,8058954763.55
81233,8058954763.55
812331,4029477381.77
812332,4029477381.77
8129,24176864290.6
81291,6044216072.66
812910,6044216072.66
81292,6044216072.66
812921,3022108036.33
812922,3022108036.33
81293,6044216072.66
812930,6044216072.66
81299,6044216072.66
812990,6044216072.66
813,96707457162.6
8131,19341491432.5
81311,19341491432.5
813110,19341491432.5
8132,19341491432.5
81321,19341491432.5
813211,6447163810.84
813212,6447163810.84
813219,6447163810.84
8133,19341491432.5
81331,19341491432.5
813311,6447163810.84
813312,6447163810.84
813319,6447163810.84
8134,19341491432.5
81341,19341491432.5
813410,19341491432.5
8139,19341491432.5
81391,3868298286.5
813910,3868298286.5
81392,3868298286.5
813920,3868298286.5
81393,3868298286.5
813930,3868298286.5
81394,3868298286.5
813940,3868298286.5
81399,3868298286.5
813990,3868298286.5
814,96707457162.6
8141,96707457162.6
81411,96707457162.6
814110,96707457162.6
92,1.52924473771e+12
921,191155592214.0
9211,191155592214.0
92111,31859265369.0
921110,31859265369.0
92112,31859265369.0
921120,31859265369.0
92113,31859265369.0
921130,31859265369.0
92114,31859265369.0
921140,31859265369.0
92115,31859265369.0
921150,31859265369.0
92119,31859265369.0
921190,31859265369.0
922,191155592214.0
9221,191155592214.0
92211,27307941744.9
922110,27307941744.9
92212,27307941744.9
922120,27307941744.9
92213,27307941744.9
922130,27307941744.9
92214,27307941744.9
922140,27307941744.9
92215,27307941744.9
922150,27307941744.9
92216,27307941744.9
922160,27307941744.9
92219,27307941744.9
922190,27307941744.9
923,191155592214.0
9231,191155592214.0
92311,47788898053.5
923110,47788898053.5
92312,47788898053.5
923120,47788898053.5
92313,47788898053.5
923130,47788898053.5
92314,47788898053.5
923140,47788898053.5
924,191155592214.0
9241,191155592214.0
92411,95577796107.0
924110,95577796107.0
92412,95577796107.0
924120,95577796107.0
925,191155592214.0
9251,191155592214.0
92511,95577796107.0
925110,95577796107.0
92512,95577796107.0
925120,95577796107.0
926,191155592214.0
9261,191155592214.0
92611,38231118442.8
926110,38231118442.8
92612,38231118442.8
926120,38231118442.8
92613,38231118442.8
926130,38231118442.8
92614,38231118442.8
926140,38231118442.8
92615,38231118442.8
926150,38231118442.8
927,191155592214.0
9271,191155592214.0
92711,191155592214.0
927110,191155592214.0
928,191155592214.0
9281,191155592214.0
92811,95577796107.0
928110,95577796107.0
92812,95577796107.0
928120,95577796107.0
