,Codes:,Business_Income
0,1.0,13001823000000.0
1,11.0,135606092565.7744
2,111.0,27121218513.15488
3,1111.0,5424243702.630976
4,11111.0,774891957.5187109
5,111110.0,774891957.5187109
6,11112.0,774891957.5187109
7,111120.0,774891957.5187109
8,11113.0,774891957.5187109
9,111130.0,774891957.5187109
10,11114.0,774891957.5187109
11,111140.0,774891957.5187109
12,11115.0,774891957.5187109
13,111150.0,774891957.5187109
14,11116.0,774891957.5187109
15,111160.0,774891957.5187109
16,11119.0,774891957.5187109
17,111191.0,387445978.7593554
18,111199.0,387445978.7593554
19,1112.0,5424243702.630976
20,11121.0,5424243702.630976
21,111211.0,2712121851.315488
22,111219.0,2712121851.315488
23,1113.0,5424243702.630976
24,11131.0,1808081234.2103252
25,111310.0,1808081234.2103252
26,11132.0,1808081234.2103252
27,111320.0,1808081234.2103252
28,11133.0,1808081234.2103252
29,111331.0,258297319.1729036
30,111332.0,258297319.1729036
31,111333.0,258297319.1729036
32,111334.0,258297319.1729036
33,111335.0,258297319.1729036
34,111336.0,258297319.1729036
35,111339.0,258297319.1729036
36,1114.0,5424243702.630976
37,11141.0,2712121851.315488
38,111411.0,1356060925.657744
39,111419.0,1356060925.657744
40,11142.0,2712121851.315488
41,111421.0,1356060925.657744
42,111422.0,1356060925.657744
43,1119.0,5424243702.630976
44,11191.0,1084848740.526195
45,111910.0,1084848740.526195
46,11192.0,1084848740.526195
47,111920.0,1084848740.526195
48,11193.0,1084848740.526195
49,111930.0,1084848740.526195
50,11194.0,1084848740.526195
51,111940.0,1084848740.526195
52,11199.0,1084848740.526195
53,111991.0,361616246.84206504
54,111992.0,361616246.84206504
55,111998.0,361616246.84206504
56,112.0,27121218513.15488
57,1121.0,4520203085.525813
58,11211.0,1506734361.8419378
59,112111.0,753367180.9209689
60,112112.0,753367180.9209689
61,11212.0,1506734361.8419378
62,112120.0,1506734361.8419378
63,11213.0,1506734361.8419378
64,112130.0,1506734361.8419378
65,1122.0,4520203085.525813
66,11221.0,4520203085.525813
67,112210.0,4520203085.525813
68,1123.0,4520203085.525813
69,11231.0,904040617.1051626
70,112310.0,904040617.1051626
71,11232.0,904040617.1051626
72,112320.0,904040617.1051626
73,11233.0,904040617.1051626
74,112330.0,904040617.1051626
75,11234.0,904040617.1051626
76,112340.0,904040617.1051626
77,11239.0,904040617.1051626
78,112390.0,904040617.1051626
79,1124.0,4520203085.525813
80,11241.0,2260101542.7629066
81,112410.0,2260101542.7629066
82,11242.0,2260101542.7629066
83,112420.0,2260101542.7629066
84,1125.0,4520203085.525813
85,11251.0,4520203085.525813
86,112511.0,1506734361.8419378
87,112512.0,1506734361.8419378
88,112519.0,1506734361.8419378
89,1129.0,4520203085.525813
90,11291.0,1130050771.3814533
91,112910.0,1130050771.3814533
92,11292.0,1130050771.3814533
93,112920.0,1130050771.3814533
94,11293.0,1130050771.3814533
95,112930.0,1130050771.3814533
96,11299.0,1130050771.3814533
97,112990.0,1130050771.3814533
98,113.0,27121218513.15488
99,1131.0,9040406171.051626
100,11311.0,9040406171.051626
101,113110.0,9040406171.051626
102,1132.0,9040406171.051626
103,11321.0,9040406171.051626
104,113210.0,9040406171.051626
105,1133.0,9040406171.051626
106,11331.0,9040406171.051626
107,113310.0,9040406171.051626
108,114.0,27121218513.15488
109,1141.0,13560609256.57744
110,11411.0,13560609256.57744
111,114111.0,4520203085.525813
112,114112.0,4520203085.525813
113,114119.0,4520203085.525813
114,1142.0,13560609256.57744
115,11421.0,13560609256.57744
116,114210.0,13560609256.57744
117,115.0,27121218513.15488
118,1151.0,9040406171.051626
119,11511.0,9040406171.051626
120,115111.0,1506734361.8419378
121,115112.0,1506734361.8419378
122,115113.0,1506734361.8419378
123,115114.0,1506734361.8419378
124,115115.0,1506734361.8419378
125,115116.0,1506734361.8419378
126,1152.0,9040406171.051626
127,11521.0,9040406171.051626
128,115210.0,9040406171.051626
129,1153.0,9040406171.051626
130,11531.0,9040406171.051626
131,115310.0,9040406171.051626
132,21.0,221257386458.1838
133,211.0,73752462152.72794
134,2111.0,73752462152.72794
135,21111.0,73752462152.72794
136,211111.0,36876231076.36397
137,211112.0,36876231076.36397
138,212.0,73752462152.72794
139,2121.0,24584154050.909313
140,21211.0,24584154050.909313
141,212111.0,8194718016.969771
142,212112.0,8194718016.969771
143,212113.0,8194718016.969771
144,2122.0,24584154050.909313
145,21221.0,6146038512.727328
146,212210.0,6146038512.727328
147,21222.0,6146038512.727328
148,212221.0,3073019256.363664
149,212222.0,3073019256.363664
150,21223.0,6146038512.727328
151,212231.0,3073019256.363664
152,212234.0,3073019256.363664
153,21229.0,6146038512.727328
154,212291.0,3073019256.363664
155,212299.0,3073019256.363664
156,2123.0,24584154050.909313
157,21231.0,8194718016.969771
158,212311.0,2048679504.2424428
159,212312.0,2048679504.2424428
160,212313.0,2048679504.2424428
161,212319.0,2048679504.2424428
162,21232.0,8194718016.969771
163,212321.0,2048679504.2424428
164,212322.0,2048679504.2424428
165,212324.0,2048679504.2424428
166,212325.0,2048679504.2424428
167,21239.0,8194718016.969771
168,212391.0,2048679504.2424428
169,212392.0,2048679504.2424428
170,212393.0,2048679504.2424428
171,212399.0,2048679504.2424428
172,213.0,73752462152.72794
173,2131.0,73752462152.72794
174,21311.0,73752462152.72794
175,213111.0,14750492430.545588
176,213112.0,14750492430.545588
177,213113.0,14750492430.545588
178,213114.0,14750492430.545588
179,213115.0,14750492430.545588
180,22.0,164316822053.78003
181,221.0,164316822053.78003
182,2211.0,54772274017.926674
183,22111.0,27386137008.963337
184,221111.0,3423267126.120417
185,221112.0,3423267126.120417
186,221113.0,3423267126.120417
187,221114.0,3423267126.120417
188,221115.0,3423267126.120417
189,221116.0,3423267126.120417
190,221117.0,3423267126.120417
191,221118.0,3423267126.120417
192,22112.0,27386137008.963337
193,221121.0,13693068504.481668
194,221122.0,13693068504.481668
195,2212.0,54772274017.926674
196,22121.0,54772274017.926674
197,221210.0,54772274017.926674
198,2213.0,54772274017.926674
199,22131.0,18257424672.642223
200,221310.0,18257424672.642223
201,22132.0,18257424672.642223
202,221320.0,18257424672.642223
203,22133.0,18257424672.642223
204,221330.0,18257424672.642223
205,23.0,604787131259.2954
206,236.0,201595710419.76514
207,2361.0,100797855209.88257
208,23611.0,100797855209.88257
209,236115.0,25199463802.470642
210,236116.0,25199463802.470642
211,236117.0,25199463802.470642
212,236118.0,25199463802.470642
213,2362.0,100797855209.88257
214,23621.0,50398927604.941284
215,236210.0,50398927604.941284
216,23622.0,50398927604.941284
217,236220.0,50398927604.941284
218,237.0,201595710419.76514
219,2371.0,50398927604.941284
220,23711.0,16799642534.980429
221,237110.0,16799642534.980429
222,23712.0,16799642534.980429
223,237120.0,16799642534.980429
224,23713.0,16799642534.980429
225,237130.0,16799642534.980429
226,2372.0,50398927604.941284
227,23721.0,50398927604.941284
228,237210.0,50398927604.941284
229,2373.0,50398927604.941284
230,23731.0,50398927604.941284
231,237310.0,50398927604.941284
232,2379.0,50398927604.941284
233,23799.0,50398927604.941284
234,237990.0,50398927604.941284
235,238.0,201595710419.76514
236,2381.0,50398927604.941284
237,23811.0,6299865950.6176605
238,238110.0,6299865950.6176605
239,23812.0,6299865950.6176605
240,238120.0,6299865950.6176605
241,23813.0,6299865950.6176605
242,238130.0,6299865950.6176605
243,23814.0,6299865950.6176605
244,238140.0,6299865950.6176605
245,23815.0,6299865950.6176605
246,238150.0,6299865950.6176605
247,23816.0,6299865950.6176605
248,238160.0,6299865950.6176605
249,23817.0,6299865950.6176605
250,238170.0,6299865950.6176605
251,23819.0,6299865950.6176605
252,238190.0,6299865950.6176605
253,2382.0,50398927604.941284
254,23821.0,16799642534.980429
255,238210.0,16799642534.980429
256,23822.0,16799642534.980429
257,238220.0,16799642534.980429
258,23829.0,16799642534.980429
259,238290.0,16799642534.980429
260,2383.0,50398927604.941284
261,23831.0,8399821267.490214
262,238310.0,8399821267.490214
263,23832.0,8399821267.490214
264,238320.0,8399821267.490214
265,23833.0,8399821267.490214
266,238330.0,8399821267.490214
267,23834.0,8399821267.490214
268,238340.0,8399821267.490214
269,23835.0,8399821267.490214
270,238350.0,8399821267.490214
271,23839.0,8399821267.490214
272,238390.0,8399821267.490214
273,2389.0,50398927604.941284
274,23891.0,25199463802.470642
275,238910.0,25199463802.470642
276,23899.0,25199463802.470642
277,238990.0,25199463802.470642
278,31.0,1463273943865.382
279,311.0,54653494728.43976
280,3111.0,6072610525.382195
281,31111.0,6072610525.382195
282,311111.0,3036305262.6910977
283,311119.0,3036305262.6910977
284,3112.0,6072610525.382195
285,31121.0,2024203508.4607317
286,311211.0,674734502.820244
287,311212.0,674734502.820244
288,311213.0,674734502.820244
289,31122.0,2024203508.4607317
290,311221.0,674734502.820244
291,311224.0,674734502.820244
292,311225.0,674734502.820244
293,31123.0,2024203508.4607317
294,311230.0,2024203508.4607317
295,3113.0,6072610525.382195
296,31131.0,2024203508.4607317
297,311313.0,1012101754.2303659
298,311314.0,1012101754.2303659
299,31134.0,2024203508.4607317
300,311340.0,2024203508.4607317
301,31135.0,2024203508.4607317
302,311351.0,1012101754.2303659
303,311352.0,1012101754.2303659
304,3114.0,6072610525.382195
305,31141.0,3036305262.6910977
306,311411.0,1518152631.3455489
307,311412.0,1518152631.3455489
308,31142.0,3036305262.6910977
309,311421.0,1012101754.2303659
310,311422.0,1012101754.2303659
311,311423.0,1012101754.2303659
312,3115.0,6072610525.382195
313,31151.0,3036305262.6910977
314,311511.0,759076315.6727744
315,311512.0,759076315.6727744
316,311513.0,759076315.6727744
317,311514.0,759076315.6727744
318,31152.0,3036305262.6910977
319,311520.0,3036305262.6910977
320,3116.0,6072610525.382195
321,31161.0,6072610525.382195
322,311611.0,1518152631.3455489
323,311612.0,1518152631.3455489
324,311613.0,1518152631.3455489
325,311615.0,1518152631.3455489
326,3117.0,6072610525.382195
327,31171.0,6072610525.382195
328,311710.0,6072610525.382195
329,3118.0,6072610525.382195
330,31181.0,2024203508.4607317
331,311811.0,674734502.820244
332,311812.0,674734502.820244
333,311813.0,674734502.820244
334,31182.0,2024203508.4607317
335,311821.0,1012101754.2303659
336,311824.0,1012101754.2303659
337,31183.0,2024203508.4607317
338,311830.0,2024203508.4607317
339,3119.0,6072610525.382195
340,31191.0,1214522105.0764391
341,311911.0,607261052.5382196
342,311919.0,607261052.5382196
343,31192.0,1214522105.0764391
344,311920.0,1214522105.0764391
345,31193.0,1214522105.0764391
346,311930.0,1214522105.0764391
347,31194.0,1214522105.0764391
348,311941.0,607261052.5382196
349,311942.0,607261052.5382196
350,31199.0,1214522105.0764391
351,311991.0,607261052.5382196
352,311999.0,607261052.5382196
353,312.0,54653494728.43976
354,3121.0,27326747364.21988
355,31211.0,6831686841.05497
356,312111.0,2277228947.0183234
357,312112.0,2277228947.0183234
358,312113.0,2277228947.0183234
359,31212.0,6831686841.05497
360,312120.0,6831686841.05497
361,31213.0,6831686841.05497
362,312130.0,6831686841.05497
363,31214.0,6831686841.05497
364,312140.0,6831686841.05497
365,3122.0,27326747364.21988
366,31223.0,27326747364.21988
367,312230.0,27326747364.21988
368,313.0,54653494728.43976
369,3131.0,18217831576.146587
370,31311.0,18217831576.146587
371,313110.0,18217831576.146587
372,3132.0,18217831576.146587
373,31321.0,4554457894.036647
374,313210.0,4554457894.036647
375,31322.0,4554457894.036647
376,313220.0,4554457894.036647
377,31323.0,4554457894.036647
378,313230.0,4554457894.036647
379,31324.0,4554457894.036647
380,313240.0,4554457894.036647
381,3133.0,18217831576.146587
382,31331.0,9108915788.073294
383,313310.0,9108915788.073294
384,31332.0,9108915788.073294
385,313320.0,9108915788.073294
386,314.0,54653494728.43976
387,3141.0,27326747364.21988
388,31411.0,13663373682.10994
389,314110.0,13663373682.10994
390,31412.0,13663373682.10994
391,314120.0,13663373682.10994
392,3149.0,27326747364.21988
393,31491.0,13663373682.10994
394,314910.0,13663373682.10994
395,31499.0,13663373682.10994
396,314994.0,6831686841.05497
397,314999.0,6831686841.05497
398,315.0,54653494728.43976
399,3151.0,18217831576.146587
400,31511.0,9108915788.073294
401,315110.0,9108915788.073294
402,31519.0,9108915788.073294
403,315190.0,9108915788.073294
404,3152.0,18217831576.146587
405,31521.0,4554457894.036647
406,315210.0,4554457894.036647
407,31522.0,4554457894.036647
408,315220.0,4554457894.036647
409,31524.0,4554457894.036647
410,315240.0,4554457894.036647
411,31528.0,4554457894.036647
412,315280.0,4554457894.036647
413,3159.0,18217831576.146587
414,31599.0,18217831576.146587
415,315990.0,18217831576.146587
416,316.0,54653494728.43976
417,3161.0,18217831576.146587
418,31611.0,18217831576.146587
419,316110.0,18217831576.146587
420,3162.0,18217831576.146587
421,31621.0,18217831576.146587
422,316210.0,18217831576.146587
423,3169.0,18217831576.146587
424,31699.0,18217831576.146587
425,316992.0,9108915788.073294
426,316998.0,9108915788.073294
427,321.0,86208550185.25447
428,3211.0,28736183395.084824
429,32111.0,28736183395.084824
430,321113.0,14368091697.542412
431,321114.0,14368091697.542412
432,3212.0,28736183395.084824
433,32121.0,28736183395.084824
434,321211.0,5747236679.016965
435,321212.0,5747236679.016965
436,321213.0,5747236679.016965
437,321214.0,5747236679.016965
438,321219.0,5747236679.016965
439,3219.0,28736183395.084824
440,32191.0,9578727798.361609
441,321911.0,3192909266.1205363
442,321912.0,3192909266.1205363
443,321918.0,3192909266.1205363
444,32192.0,9578727798.361609
445,321920.0,9578727798.361609
446,32199.0,9578727798.361609
447,321991.0,3192909266.1205363
448,321992.0,3192909266.1205363
449,321999.0,3192909266.1205363
450,322.0,54653494728.43976
451,3221.0,27326747364.21988
452,32211.0,9108915788.073294
453,322110.0,9108915788.073294
454,32212.0,9108915788.073294
455,322121.0,4554457894.036647
456,322122.0,4554457894.036647
457,32213.0,9108915788.073294
458,322130.0,9108915788.073294
459,3222.0,27326747364.21988
460,32221.0,6831686841.05497
461,322211.0,2277228947.0183234
462,322212.0,2277228947.0183234
463,322219.0,2277228947.0183234
464,32222.0,6831686841.05497
465,322220.0,6831686841.05497
466,32223.0,6831686841.05497
467,322230.0,6831686841.05497
468,32229.0,6831686841.05497
469,322291.0,3415843420.527485
470,322299.0,3415843420.527485
471,323.0,54653494728.43976
472,3231.0,54653494728.43976
473,32311.0,27326747364.21988
474,323111.0,9108915788.073294
475,323113.0,9108915788.073294
476,323117.0,9108915788.073294
477,32312.0,27326747364.21988
478,323120.0,27326747364.21988
479,324.0,54653494728.43976
480,3241.0,54653494728.43976
481,32411.0,18217831576.146587
482,324110.0,18217831576.146587
483,32412.0,18217831576.146587
484,324121.0,9108915788.073294
485,324122.0,9108915788.073294
486,32419.0,18217831576.146587
487,324191.0,9108915788.073294
488,324199.0,9108915788.073294
489,325.0,54653494728.43976
490,3251.0,7807642104.062822
491,32511.0,1561528420.8125644
492,325110.0,1561528420.8125644
493,32512.0,1561528420.8125644
494,325120.0,1561528420.8125644
495,32513.0,1561528420.8125644
496,325130.0,1561528420.8125644
497,32518.0,1561528420.8125644
498,325180.0,1561528420.8125644
499,32519.0,1561528420.8125644
500,325193.0,520509473.60418814
501,325194.0,520509473.60418814
502,325199.0,520509473.60418814
503,3252.0,7807642104.062822
504,32521.0,3903821052.031411
505,325211.0,1951910526.0157056
506,325212.0,1951910526.0157056
507,32522.0,3903821052.031411
508,325220.0,3903821052.031411
509,3253.0,7807642104.062822
510,32531.0,3903821052.031411
511,325311.0,1301273684.0104704
512,325312.0,1301273684.0104704
513,325314.0,1301273684.0104704
514,32532.0,3903821052.031411
515,325320.0,3903821052.031411
516,3254.0,7807642104.062822
517,32541.0,7807642104.062822
518,325411.0,1951910526.0157056
519,325412.0,1951910526.0157056
520,325413.0,1951910526.0157056
521,325414.0,1951910526.0157056
522,3255.0,7807642104.062822
523,32551.0,3903821052.031411
524,325510.0,3903821052.031411
525,32552.0,3903821052.031411
526,325520.0,3903821052.031411
527,3256.0,7807642104.062822
528,32561.0,3903821052.031411
529,325611.0,1301273684.0104704
530,325612.0,1301273684.0104704
531,325613.0,1301273684.0104704
532,32562.0,3903821052.031411
533,325620.0,3903821052.031411
534,3259.0,7807642104.062822
535,32591.0,2602547368.020941
536,325910.0,2602547368.020941
537,32592.0,2602547368.020941
538,325920.0,2602547368.020941
539,32599.0,2602547368.020941
540,325991.0,867515789.3403136
541,325992.0,867515789.3403136
542,325998.0,867515789.3403136
543,326.0,54653494728.43976
544,3261.0,27326747364.21988
545,32611.0,3903821052.031411
546,326111.0,1301273684.0104704
547,326112.0,1301273684.0104704
548,326113.0,1301273684.0104704
549,32612.0,3903821052.031411
550,326121.0,1951910526.0157056
551,326122.0,1951910526.0157056
552,32613.0,3903821052.031411
553,326130.0,3903821052.031411
554,32614.0,3903821052.031411
555,326140.0,3903821052.031411
556,32615.0,3903821052.031411
557,326150.0,3903821052.031411
558,32616.0,3903821052.031411
559,326160.0,3903821052.031411
560,32619.0,3903821052.031411
561,326191.0,1951910526.0157056
562,326199.0,1951910526.0157056
563,3262.0,27326747364.21988
564,32621.0,9108915788.073294
565,326211.0,4554457894.036647
566,326212.0,4554457894.036647
567,32622.0,9108915788.073294
568,326220.0,9108915788.073294
569,32629.0,9108915788.073294
570,326291.0,4554457894.036647
571,326299.0,4554457894.036647
572,327.0,86208550185.25447
573,3271.0,17241710037.050896
574,32711.0,8620855018.525448
575,327110.0,8620855018.525448
576,32712.0,8620855018.525448
577,327120.0,8620855018.525448
578,3272.0,17241710037.050896
579,32721.0,17241710037.050896
580,327211.0,4310427509.262724
581,327212.0,4310427509.262724
582,327213.0,4310427509.262724
583,327215.0,4310427509.262724
584,3273.0,17241710037.050896
585,32731.0,4310427509.262724
586,327310.0,4310427509.262724
587,32732.0,4310427509.262724
588,327320.0,4310427509.262724
589,32733.0,4310427509.262724
590,327331.0,2155213754.631362
591,327332.0,2155213754.631362
592,32739.0,4310427509.262724
593,327390.0,4310427509.262724
594,3274.0,17241710037.050896
595,32741.0,8620855018.525448
596,327410.0,8620855018.525448
597,32742.0,8620855018.525448
598,327420.0,8620855018.525448
599,3279.0,17241710037.050896
600,32791.0,8620855018.525448
601,327910.0,8620855018.525448
602,32799.0,8620855018.525448
603,327991.0,2155213754.631362
604,327992.0,2155213754.631362
605,327993.0,2155213754.631362
606,327999.0,2155213754.631362
607,331.0,86208550185.25447
608,3311.0,17241710037.050896
609,33111.0,17241710037.050896
610,331110.0,17241710037.050896
611,3312.0,17241710037.050896
612,33121.0,8620855018.525448
613,331210.0,8620855018.525448
614,33122.0,8620855018.525448
615,331221.0,4310427509.262724
616,331222.0,4310427509.262724
617,3313.0,17241710037.050896
618,33131.0,17241710037.050896
619,331313.0,4310427509.262724
620,331314.0,4310427509.262724
621,331315.0,4310427509.262724
622,331318.0,4310427509.262724
623,3314.0,17241710037.050896
624,33141.0,5747236679.016965
625,331410.0,5747236679.016965
626,33142.0,5747236679.016965
627,331420.0,5747236679.016965
628,33149.0,5747236679.016965
629,331491.0,2873618339.5084825
630,331492.0,2873618339.5084825
631,3315.0,17241710037.050896
632,33151.0,8620855018.525448
633,331511.0,2873618339.5084825
634,331512.0,2873618339.5084825
635,331513.0,2873618339.5084825
636,33152.0,8620855018.525448
637,331523.0,2873618339.5084825
638,331524.0,2873618339.5084825
639,331529.0,2873618339.5084825
640,332.0,86208550185.25447
641,3321.0,9578727798.361609
642,33211.0,9578727798.361609
643,332111.0,1915745559.6723218
644,332112.0,1915745559.6723218
645,332114.0,1915745559.6723218
646,332117.0,1915745559.6723218
647,332119.0,1915745559.6723218
648,3322.0,9578727798.361609
649,33221.0,9578727798.361609
650,332215.0,4789363899.180804
651,332216.0,4789363899.180804
652,3323.0,9578727798.361609
653,33231.0,4789363899.180804
654,332311.0,1596454633.0602682
655,332312.0,1596454633.0602682
656,332313.0,1596454633.0602682
657,33232.0,4789363899.180804
658,332321.0,1596454633.0602682
659,332322.0,1596454633.0602682
660,332323.0,1596454633.0602682
661,3324.0,9578727798.361609
662,33241.0,3192909266.1205363
663,332410.0,3192909266.1205363
664,33242.0,3192909266.1205363
665,332420.0,3192909266.1205363
666,33243.0,3192909266.1205363
667,332431.0,1596454633.0602682
668,332439.0,1596454633.0602682
669,3325.0,9578727798.361609
670,33251.0,9578727798.361609
671,332510.0,9578727798.361609
672,3326.0,9578727798.361609
673,33261.0,9578727798.361609
674,332613.0,4789363899.180804
675,332618.0,4789363899.180804
676,3327.0,9578727798.361609
677,33271.0,4789363899.180804
678,332710.0,4789363899.180804
679,33272.0,4789363899.180804
680,332721.0,2394681949.590402
681,332722.0,2394681949.590402
682,3328.0,9578727798.361609
683,33281.0,9578727798.361609
684,332811.0,3192909266.1205363
685,332812.0,3192909266.1205363
686,332813.0,3192909266.1205363
687,3329.0,9578727798.361609
688,33291.0,4789363899.180804
689,332911.0,1197340974.795201
690,332912.0,1197340974.795201
691,332913.0,1197340974.795201
692,332919.0,1197340974.795201
693,33299.0,4789363899.180804
694,332991.0,798227316.5301341
695,332992.0,798227316.5301341
696,332993.0,798227316.5301341
697,332994.0,798227316.5301341
698,332996.0,798227316.5301341
699,332999.0,798227316.5301341
700,333.0,86208550185.25447
701,3331.0,12315507169.322067
702,33311.0,4105169056.440689
703,333111.0,2052584528.2203445
704,333112.0,2052584528.2203445
705,33312.0,4105169056.440689
706,333120.0,4105169056.440689
707,33313.0,4105169056.440689
708,333131.0,2052584528.2203445
709,333132.0,2052584528.2203445
710,3332.0,12315507169.322067
711,33324.0,12315507169.322067
712,333241.0,2463101433.8644133
713,333242.0,2463101433.8644133
714,333243.0,2463101433.8644133
715,333244.0,2463101433.8644133
716,333249.0,2463101433.8644133
717,3333.0,12315507169.322067
718,33331.0,12315507169.322067
719,333314.0,4105169056.440689
720,333316.0,4105169056.440689
721,333318.0,4105169056.440689
722,3334.0,12315507169.322067
723,33341.0,12315507169.322067
724,333413.0,4105169056.440689
725,333414.0,4105169056.440689
726,333415.0,4105169056.440689
727,3335.0,12315507169.322067
728,33351.0,12315507169.322067
729,333511.0,2463101433.8644133
730,333514.0,2463101433.8644133
731,333515.0,2463101433.8644133
732,333517.0,2463101433.8644133
733,333519.0,2463101433.8644133
734,3336.0,12315507169.322067
735,33361.0,12315507169.322067
736,333611.0,3078876792.330517
737,333612.0,3078876792.330517
738,333613.0,3078876792.330517
739,333618.0,3078876792.330517
740,3339.0,12315507169.322067
741,33391.0,4105169056.440689
742,333911.0,1368389685.4802296
743,333912.0,1368389685.4802296
744,333913.0,1368389685.4802296
745,33392.0,4105169056.440689
746,333921.0,1026292264.1101723
747,333922.0,1026292264.1101723
748,333923.0,1026292264.1101723
749,333924.0,1026292264.1101723
750,33399.0,4105169056.440689
751,333991.0,513146132.05508614
752,333992.0,513146132.05508614
753,333993.0,513146132.05508614
754,333994.0,513146132.05508614
755,333995.0,513146132.05508614
756,333996.0,513146132.05508614
757,333997.0,513146132.05508614
758,333999.0,513146132.05508614
759,334.0,86208550185.25447
760,3341.0,14368091697.542412
761,33411.0,14368091697.542412
762,334111.0,4789363899.180804
763,334112.0,4789363899.180804
764,334118.0,4789363899.180804
765,3342.0,14368091697.542412
766,33421.0,4789363899.180804
767,334210.0,4789363899.180804
768,33422.0,4789363899.180804
769,334220.0,4789363899.180804
770,33429.0,4789363899.180804
771,334290.0,4789363899.180804
772,3343.0,14368091697.542412
773,33431.0,14368091697.542412
774,334310.0,14368091697.542412
775,3344.0,14368091697.542412
776,33441.0,14368091697.542412
777,334412.0,2394681949.590402
778,334413.0,2394681949.590402
779,334416.0,2394681949.590402
780,334417.0,2394681949.590402
781,334418.0,2394681949.590402
782,334419.0,2394681949.590402
783,3345.0,14368091697.542412
784,33451.0,14368091697.542412
785,334510.0,1596454633.060268
786,334511.0,1596454633.060268
787,334512.0,1596454633.060268
788,334513.0,1596454633.060268
789,334514.0,1596454633.060268
790,334515.0,1596454633.060268
791,334516.0,1596454633.060268
792,334517.0,1596454633.060268
793,334519.0,1596454633.060268
794,3346.0,14368091697.542412
795,33461.0,14368091697.542412
796,334613.0,7184045848.771206
797,334614.0,7184045848.771206
798,335.0,86208550185.25447
799,3351.0,21552137546.313618
800,33511.0,10776068773.156809
801,335110.0,10776068773.156809
802,33512.0,10776068773.156809
803,335121.0,3592022924.385603
804,335122.0,3592022924.385603
805,335129.0,3592022924.385603
806,3352.0,21552137546.313618
807,33521.0,10776068773.156809
808,335210.0,10776068773.156809
809,33522.0,10776068773.156809
810,335221.0,2694017193.289202
811,335222.0,2694017193.289202
812,335224.0,2694017193.289202
813,335228.0,2694017193.289202
814,3353.0,21552137546.313618
815,33531.0,21552137546.313618
816,335311.0,5388034386.578404
817,335312.0,5388034386.578404
818,335313.0,5388034386.578404
819,335314.0,5388034386.578404
820,3359.0,21552137546.313618
821,33591.0,5388034386.578404
822,335911.0,2694017193.289202
823,335912.0,2694017193.289202
824,33592.0,5388034386.578404
825,335921.0,2694017193.289202
826,335929.0,2694017193.289202
827,33593.0,5388034386.578404
828,335931.0,2694017193.289202
829,335932.0,2694017193.289202
830,33599.0,5388034386.578404
831,335991.0,2694017193.289202
832,335999.0,2694017193.289202
833,336.0,86208550185.25447
834,3361.0,12315507169.322067
835,33611.0,6157753584.661034
836,336111.0,3078876792.330517
837,336112.0,3078876792.330517
838,33612.0,6157753584.661034
839,336120.0,6157753584.661034
840,3362.0,12315507169.322067
841,33621.0,12315507169.322067
842,336211.0,3078876792.330517
843,336212.0,3078876792.330517
844,336213.0,3078876792.330517
845,336214.0,3078876792.330517
846,3363.0,12315507169.322067
847,33631.0,1539438396.1652584
848,336310.0,1539438396.1652584
849,33632.0,1539438396.1652584
850,336320.0,1539438396.1652584
851,33633.0,1539438396.1652584
852,336330.0,1539438396.1652584
853,33634.0,1539438396.1652584
854,336340.0,1539438396.1652584
855,33635.0,1539438396.1652584
856,336350.0,1539438396.1652584
857,33636.0,1539438396.1652584
858,336360.0,1539438396.1652584
859,33637.0,1539438396.1652584
860,336370.0,1539438396.1652584
861,33639.0,1539438396.1652584
862,336390.0,1539438396.1652584
863,3364.0,12315507169.322067
864,33641.0,12315507169.322067
865,336411.0,2052584528.2203445
866,336412.0,2052584528.2203445
867,336413.0,2052584528.2203445
868,336414.0,2052584528.2203445
869,336415.0,2052584528.2203445
870,336419.0,2052584528.2203445
871,3365.0,12315507169.322067
872,33651.0,12315507169.322067
873,336510.0,12315507169.322067
874,3366.0,12315507169.322067
875,33661.0,12315507169.322067
876,336611.0,6157753584.661034
877,336612.0,6157753584.661034
878,3369.0,12315507169.322067
879,33699.0,12315507169.322067
880,336991.0,4105169056.440689
881,336992.0,4105169056.440689
882,336999.0,4105169056.440689
883,337.0,86208550185.25447
884,3371.0,28736183395.084824
885,33711.0,14368091697.542412
886,337110.0,14368091697.542412
887,33712.0,14368091697.542412
888,337121.0,2873618339.5084825
889,337122.0,2873618339.5084825
890,337124.0,2873618339.5084825
891,337125.0,2873618339.5084825
892,337127.0,2873618339.5084825
893,3372.0,28736183395.084824
894,33721.0,28736183395.084824
895,337211.0,7184045848.771206
896,337212.0,7184045848.771206
897,337214.0,7184045848.771206
898,337215.0,7184045848.771206
899,3379.0,28736183395.084824
900,33791.0,14368091697.542412
901,337910.0,14368091697.542412
902,33792.0,14368091697.542412
903,337920.0,14368091697.542412
904,339.0,86208550185.25447
905,3391.0,43104275092.627235
906,33911.0,43104275092.627235
907,339112.0,8620855018.525448
908,339113.0,8620855018.525448
909,339114.0,8620855018.525448
910,339115.0,8620855018.525448
911,339116.0,8620855018.525448
912,3399.0,43104275092.627235
913,33991.0,7184045848.771206
914,339910.0,7184045848.771206
915,33992.0,7184045848.771206
916,339920.0,7184045848.771206
917,33993.0,7184045848.771206
918,339930.0,7184045848.771206
919,33994.0,7184045848.771206
920,339940.0,7184045848.771206
921,33995.0,7184045848.771206
922,339950.0,7184045848.771206
923,33999.0,7184045848.771206
924,339991.0,1197340974.795201
925,339992.0,1197340974.795201
926,339993.0,1197340974.795201
927,339994.0,1197340974.795201
928,339995.0,1197340974.795201
929,339999.0,1197340974.795201
930,42.0,825007726668.6008
931,423.0,275002575556.20026
932,4231.0,30555841728.466694
933,42311.0,7638960432.116673
934,423110.0,7638960432.116673
935,42312.0,7638960432.116673
936,423120.0,7638960432.116673
937,42313.0,7638960432.116673
938,423130.0,7638960432.116673
939,42314.0,7638960432.116673
940,423140.0,7638960432.116673
941,4232.0,30555841728.466694
942,42321.0,15277920864.233347
943,423210.0,15277920864.233347
944,42322.0,15277920864.233347
945,423220.0,15277920864.233347
946,4233.0,30555841728.466694
947,42331.0,7638960432.116673
948,423310.0,7638960432.116673
949,42332.0,7638960432.116673
950,423320.0,7638960432.116673
951,42333.0,7638960432.116673
952,423330.0,7638960432.116673
953,42339.0,7638960432.116673
954,423390.0,7638960432.116673
955,4234.0,30555841728.466694
956,42341.0,4365120246.923814
957,423410.0,4365120246.923814
958,42342.0,4365120246.923814
959,423420.0,4365120246.923814
960,42343.0,4365120246.923814
961,423430.0,4365120246.923814
962,42344.0,4365120246.923814
963,423440.0,4365120246.923814
964,42345.0,4365120246.923814
965,423450.0,4365120246.923814
966,42346.0,4365120246.923814
967,423460.0,4365120246.923814
968,42349.0,4365120246.923814
969,423490.0,4365120246.923814
970,4235.0,30555841728.466694
971,42351.0,15277920864.233347
972,423510.0,15277920864.233347
973,42352.0,15277920864.233347
974,423520.0,15277920864.233347
975,4236.0,30555841728.466694
976,42361.0,10185280576.155565
977,423610.0,10185280576.155565
978,42362.0,10185280576.155565
979,423620.0,10185280576.155565
980,42369.0,10185280576.155565
981,423690.0,10185280576.155565
982,4237.0,30555841728.466694
983,42371.0,7638960432.116673
984,423710.0,7638960432.116673
985,42372.0,7638960432.116673
986,423720.0,7638960432.116673
987,42373.0,7638960432.116673
988,423730.0,7638960432.116673
989,42374.0,7638960432.116673
990,423740.0,7638960432.116673
991,4238.0,30555841728.466694
992,42381.0,5092640288.077783
993,423810.0,5092640288.077783
994,42382.0,5092640288.077783
995,423820.0,5092640288.077783
996,42383.0,5092640288.077783
997,423830.0,5092640288.077783
998,42384.0,5092640288.077783
999,423840.0,5092640288.077783
1000,42385.0,5092640288.077783
1001,423850.0,5092640288.077783
1002,42386.0,5092640288.077783
1003,423860.0,5092640288.077783
1004,4239.0,30555841728.466694
1005,42391.0,6111168345.693338
1006,423910.0,6111168345.693338
1007,42392.0,6111168345.693338
1008,423920.0,6111168345.693338
1009,42393.0,6111168345.693338
1010,423930.0,6111168345.693338
1011,42394.0,6111168345.693338
1012,423940.0,6111168345.693338
1013,42399.0,6111168345.693338
1014,423990.0,6111168345.693338
1015,424.0,275002575556.20026
1016,4241.0,30555841728.466694
1017,42411.0,10185280576.155565
1018,424110.0,10185280576.155565
1019,42412.0,10185280576.155565
1020,424120.0,10185280576.155565
1021,42413.0,10185280576.155565
1022,424130.0,10185280576.155565
1023,4242.0,30555841728.466694
1024,42421.0,30555841728.466694
1025,424210.0,30555841728.466694
1026,4243.0,30555841728.466694
1027,42431.0,7638960432.116673
1028,424310.0,7638960432.116673
1029,42432.0,7638960432.116673
1030,424320.0,7638960432.116673
1031,42433.0,7638960432.116673
1032,424330.0,7638960432.116673
1033,42434.0,7638960432.116673
1034,424340.0,7638960432.116673
1035,4244.0,30555841728.466694
1036,42441.0,3395093525.385188
1037,424410.0,3395093525.385188
1038,42442.0,3395093525.385188
1039,424420.0,3395093525.385188
1040,42443.0,3395093525.385188
1041,424430.0,3395093525.385188
1042,42444.0,3395093525.385188
1043,424440.0,3395093525.385188
1044,42445.0,3395093525.385188
1045,424450.0,3395093525.385188
1046,42446.0,3395093525.385188
1047,424460.0,3395093525.385188
1048,42447.0,3395093525.385188
1049,424470.0,3395093525.385188
1050,42448.0,3395093525.385188
1051,424480.0,3395093525.385188
1052,42449.0,3395093525.385188
1053,424490.0,3395093525.385188
1054,4245.0,30555841728.466694
1055,42451.0,10185280576.155565
1056,424510.0,10185280576.155565
1057,42452.0,10185280576.155565
1058,424520.0,10185280576.155565
1059,42459.0,10185280576.155565
1060,424590.0,10185280576.155565
1061,4246.0,30555841728.466694
1062,42461.0,15277920864.233347
1063,424610.0,15277920864.233347
1064,42469.0,15277920864.233347
1065,424690.0,15277920864.233347
1066,4247.0,30555841728.466694
1067,42471.0,15277920864.233347
1068,424710.0,15277920864.233347
1069,42472.0,15277920864.233347
1070,424720.0,15277920864.233347
1071,4248.0,30555841728.466694
1072,42481.0,15277920864.233347
1073,424810.0,15277920864.233347
1074,42482.0,15277920864.233347
1075,424820.0,15277920864.233347
1076,4249.0,30555841728.466694
1077,42491.0,5092640288.077783
1078,424910.0,5092640288.077783
1079,42492.0,5092640288.077783
1080,424920.0,5092640288.077783
1081,42493.0,5092640288.077783
1082,424930.0,5092640288.077783
1083,42494.0,5092640288.077783
1084,424940.0,5092640288.077783
1085,42495.0,5092640288.077783
1086,424950.0,5092640288.077783
1087,42499.0,5092640288.077783
1088,424990.0,5092640288.077783
1089,425.0,275002575556.20026
1090,4251.0,275002575556.20026
1091,42511.0,137501287778.10013
1092,425110.0,137501287778.10013
1093,42512.0,137501287778.10013
1094,425120.0,137501287778.10013
1095,44.0,932374278189.0088
1096,441.0,77697856515.75073
1097,4411.0,25899285505.250244
1098,44111.0,12949642752.625122
1099,441110.0,12949642752.625122
1100,44112.0,12949642752.625122
1101,441120.0,12949642752.625122
1102,4412.0,25899285505.250244
1103,44121.0,12949642752.625122
1104,441210.0,12949642752.625122
1105,44122.0,12949642752.625122
1106,441222.0,6474821376.312561
1107,441228.0,6474821376.312561
1108,4413.0,25899285505.250244
1109,44131.0,12949642752.625122
1110,441310.0,12949642752.625122
1111,44132.0,12949642752.625122
1112,441320.0,12949642752.625122
1113,442.0,77697856515.75073
1114,4421.0,38848928257.87537
1115,44211.0,38848928257.87537
1116,442110.0,38848928257.87537
1117,4422.0,38848928257.87537
1118,44221.0,19424464128.937683
1119,442210.0,19424464128.937683
1120,44229.0,19424464128.937683
1121,442291.0,9712232064.468842
1122,442299.0,9712232064.468842
1123,443.0,77697856515.75073
1124,4431.0,77697856515.75073
1125,44314.0,77697856515.75073
1126,443141.0,38848928257.87537
1127,443142.0,38848928257.87537
1128,444.0,77697856515.75073
1129,4441.0,38848928257.87537
1130,44411.0,9712232064.468842
1131,444110.0,9712232064.468842
1132,44412.0,9712232064.468842
1133,444120.0,9712232064.468842
1134,44413.0,9712232064.468842
1135,444130.0,9712232064.468842
1136,44419.0,9712232064.468842
1137,444190.0,9712232064.468842
1138,4442.0,38848928257.87537
1139,44421.0,19424464128.937683
1140,444210.0,19424464128.937683
1141,44422.0,19424464128.937683
1142,444220.0,19424464128.937683
1143,445.0,77697856515.75073
1144,4451.0,25899285505.250244
1145,44511.0,12949642752.625122
1146,445110.0,12949642752.625122
1147,44512.0,12949642752.625122
1148,445120.0,12949642752.625122
1149,4452.0,25899285505.250244
1150,44521.0,6474821376.312561
1151,445210.0,6474821376.312561
1152,44522.0,6474821376.312561
1153,445220.0,6474821376.312561
1154,44523.0,6474821376.312561
1155,445230.0,6474821376.312561
1156,44529.0,6474821376.312561
1157,445291.0,2158273792.104187
1158,445292.0,2158273792.104187
1159,445299.0,2158273792.104187
1160,4453.0,25899285505.250244
1161,44531.0,25899285505.250244
1162,445310.0,25899285505.250244
1163,446.0,77697856515.75073
1164,4461.0,77697856515.75073
1165,44611.0,19424464128.937683
1166,446110.0,19424464128.937683
1167,44612.0,19424464128.937683
1168,446120.0,19424464128.937683
1169,44613.0,19424464128.937683
1170,446130.0,19424464128.937683
1171,44619.0,19424464128.937683
1172,446191.0,9712232064.468842
1173,446199.0,9712232064.468842
1174,447.0,77697856515.75073
1175,4471.0,77697856515.75073
1176,44711.0,38848928257.87537
1177,447110.0,38848928257.87537
1178,44719.0,38848928257.87537
1179,447190.0,38848928257.87537
1180,448.0,77697856515.75073
1181,4481.0,25899285505.250244
1182,44811.0,4316547584.208374
1183,448110.0,4316547584.208374
1184,44812.0,4316547584.208374
1185,448120.0,4316547584.208374
1186,44813.0,4316547584.208374
1187,448130.0,4316547584.208374
1188,44814.0,4316547584.208374
1189,448140.0,4316547584.208374
1190,44815.0,4316547584.208374
1191,448150.0,4316547584.208374
1192,44819.0,4316547584.208374
1193,448190.0,4316547584.208374
1194,4482.0,25899285505.250244
1195,44821.0,25899285505.250244
1196,448210.0,25899285505.250244
1197,4483.0,25899285505.250244
1198,44831.0,12949642752.625122
1199,448310.0,12949642752.625122
1200,44832.0,12949642752.625122
1201,448320.0,12949642752.625122
1202,451.0,77697856515.75073
1203,4511.0,38848928257.87537
1204,45111.0,9712232064.468842
1205,451110.0,9712232064.468842
1206,45112.0,9712232064.468842
1207,451120.0,9712232064.468842
1208,45113.0,9712232064.468842
1209,451130.0,9712232064.468842
1210,45114.0,9712232064.468842
1211,451140.0,9712232064.468842
1212,4512.0,38848928257.87537
1213,45121.0,38848928257.87537
1214,451211.0,19424464128.937683
1215,451212.0,19424464128.937683
1216,452.0,77697856515.75073
1217,4521.0,38848928257.87537
1218,45211.0,38848928257.87537
1219,452111.0,19424464128.937683
1220,452112.0,19424464128.937683
1221,4529.0,38848928257.87537
1222,45291.0,19424464128.937683
1223,452910.0,19424464128.937683
1224,45299.0,19424464128.937683
1225,452990.0,19424464128.937683
1226,453.0,77697856515.75073
1227,4531.0,19424464128.937683
1228,45311.0,19424464128.937683
1229,453110.0,19424464128.937683
1230,4532.0,19424464128.937683
1231,45321.0,9712232064.468842
1232,453210.0,9712232064.468842
1233,45322.0,9712232064.468842
1234,453220.0,9712232064.468842
1235,4533.0,19424464128.937683
1236,45331.0,19424464128.937683
1237,453310.0,19424464128.937683
1238,4539.0,19424464128.937683
1239,45391.0,4856116032.234421
1240,453910.0,4856116032.234421
1241,45392.0,4856116032.234421
1242,453920.0,4856116032.234421
1243,45393.0,4856116032.234421
1244,453930.0,4856116032.234421
1245,45399.0,4856116032.234421
1246,453991.0,2428058016.1172104
1247,453998.0,2428058016.1172104
1248,454.0,77697856515.75073
1249,4541.0,25899285505.250244
1250,45411.0,25899285505.250244
1251,454111.0,8633095168.416748
1252,454112.0,8633095168.416748
1253,454113.0,8633095168.416748
1254,4542.0,25899285505.250244
1255,45421.0,25899285505.250244
1256,454210.0,25899285505.250244
1257,4543.0,25899285505.250244
1258,45431.0,12949642752.625122
1259,454310.0,12949642752.625122
1260,45439.0,12949642752.625122
1261,454390.0,12949642752.625122
1262,48.0,404916758794.9121
1263,481.0,36810614435.9011
1264,4811.0,18405307217.95055
1265,48111.0,18405307217.95055
1266,481111.0,9202653608.975275
1267,481112.0,9202653608.975275
1268,4812.0,18405307217.95055
1269,48121.0,18405307217.95055
1270,481211.0,6135102405.983517
1271,481212.0,6135102405.983517
1272,481219.0,6135102405.983517
1273,482.0,36810614435.9011
1274,4821.0,36810614435.9011
1275,48211.0,36810614435.9011
1276,482111.0,18405307217.95055
1277,482112.0,18405307217.95055
1278,483.0,36810614435.9011
1279,4831.0,18405307217.95055
1280,48311.0,18405307217.95055
1281,483111.0,4601326804.4876375
1282,483112.0,4601326804.4876375
1283,483113.0,4601326804.4876375
1284,483114.0,4601326804.4876375
1285,4832.0,18405307217.95055
1286,48321.0,18405307217.95055
1287,483211.0,9202653608.975275
1288,483212.0,9202653608.975275
1289,484.0,36810614435.9011
1290,4841.0,18405307217.95055
1291,48411.0,9202653608.975275
1292,484110.0,9202653608.975275
1293,48412.0,9202653608.975275
1294,484121.0,4601326804.4876375
1295,484122.0,4601326804.4876375
1296,4842.0,18405307217.95055
1297,48421.0,6135102405.983517
1298,484210.0,6135102405.983517
1299,48422.0,6135102405.983517
1300,484220.0,6135102405.983517
1301,48423.0,6135102405.983517
1302,484230.0,6135102405.983517
1303,485.0,36810614435.9011
1304,4851.0,6135102405.983517
1305,48511.0,6135102405.983517
1306,485111.0,1533775601.4958792
1307,485112.0,1533775601.4958792
1308,485113.0,1533775601.4958792
1309,485119.0,1533775601.4958792
1310,4852.0,6135102405.983517
1311,48521.0,6135102405.983517
1312,485210.0,6135102405.983517
1313,4853.0,6135102405.983517
1314,48531.0,3067551202.9917583
1315,485310.0,3067551202.9917583
1316,48532.0,3067551202.9917583
1317,485320.0,3067551202.9917583
1318,4854.0,6135102405.983517
1319,48541.0,6135102405.983517
1320,485410.0,6135102405.983517
1321,4855.0,6135102405.983517
1322,48551.0,6135102405.983517
1323,485510.0,6135102405.983517
1324,4859.0,6135102405.983517
1325,48599.0,6135102405.983517
1326,485991.0,3067551202.9917583
1327,485999.0,3067551202.9917583
1328,486.0,36810614435.9011
1329,4861.0,12270204811.967033
1330,48611.0,12270204811.967033
1331,486110.0,12270204811.967033
1332,4862.0,12270204811.967033
1333,48621.0,12270204811.967033
1334,486210.0,12270204811.967033
1335,4869.0,12270204811.967033
1336,48691.0,6135102405.983517
1337,486910.0,6135102405.983517
1338,48699.0,6135102405.983517
1339,486990.0,6135102405.983517
1340,487.0,36810614435.9011
1341,4871.0,12270204811.967033
1342,48711.0,12270204811.967033
1343,487110.0,12270204811.967033
1344,4872.0,12270204811.967033
1345,48721.0,12270204811.967033
1346,487210.0,12270204811.967033
1347,4879.0,12270204811.967033
1348,48799.0,12270204811.967033
1349,487990.0,12270204811.967033
1350,488.0,36810614435.9011
1351,4881.0,6135102405.983517
1352,48811.0,3067551202.9917583
1353,488111.0,1533775601.4958792
1354,488119.0,1533775601.4958792
1355,48819.0,3067551202.9917583
1356,488190.0,3067551202.9917583
1357,4882.0,6135102405.983517
1358,48821.0,6135102405.983517
1359,488210.0,6135102405.983517
1360,4883.0,6135102405.983517
1361,48831.0,1533775601.4958792
1362,488310.0,1533775601.4958792
1363,48832.0,1533775601.4958792
1364,488320.0,1533775601.4958792
1365,48833.0,1533775601.4958792
1366,488330.0,1533775601.4958792
1367,48839.0,1533775601.4958792
1368,488390.0,1533775601.4958792
1369,4884.0,6135102405.983517
1370,48841.0,3067551202.9917583
1371,488410.0,3067551202.9917583
1372,48849.0,3067551202.9917583
1373,488490.0,3067551202.9917583
1374,4885.0,6135102405.983517
1375,48851.0,6135102405.983517
1376,488510.0,6135102405.983517
1377,4889.0,6135102405.983517
1378,48899.0,6135102405.983517
1379,488991.0,3067551202.9917583
1380,488999.0,3067551202.9917583
1381,491.0,36810614435.9011
1382,4911.0,36810614435.9011
1383,49111.0,36810614435.9011
1384,491110.0,36810614435.9011
1385,492.0,36810614435.9011
1386,4921.0,18405307217.95055
1387,49211.0,18405307217.95055
1388,492110.0,18405307217.95055
1389,4922.0,18405307217.95055
1390,49221.0,18405307217.95055
1391,492210.0,18405307217.95055
1392,493.0,36810614435.9011
1393,4931.0,36810614435.9011
1394,49311.0,9202653608.975275
1395,493110.0,9202653608.975275
1396,49312.0,9202653608.975275
1397,493120.0,9202653608.975275
1398,49313.0,9202653608.975275
1399,493130.0,9202653608.975275
1400,49319.0,9202653608.975275
1401,493190.0,9202653608.975275
1402,51.0,471434625364.8704
1403,511.0,78572437560.81174
1404,5111.0,39286218780.40587
1405,51111.0,7857243756.081174
1406,511110.0,7857243756.081174
1407,51112.0,7857243756.081174
1408,511120.0,7857243756.081174
1409,51113.0,7857243756.081174
1410,511130.0,7857243756.081174
1411,51114.0,7857243756.081174
1412,511140.0,7857243756.081174
1413,51119.0,7857243756.081174
1414,511191.0,3928621878.040587
1415,511199.0,3928621878.040587
1416,5112.0,39286218780.40587
1417,51121.0,39286218780.40587
1418,511210.0,39286218780.40587
1419,512.0,78572437560.81174
1420,5121.0,39286218780.40587
1421,51211.0,9821554695.101467
1422,512110.0,9821554695.101467
1423,51212.0,9821554695.101467
1424,512120.0,9821554695.101467
1425,51213.0,9821554695.101467
1426,512131.0,4910777347.550734
1427,512132.0,4910777347.550734
1428,51219.0,9821554695.101467
1429,512191.0,4910777347.550734
1430,512199.0,4910777347.550734
1431,5122.0,39286218780.40587
1432,51221.0,7857243756.081174
1433,512210.0,7857243756.081174
1434,51222.0,7857243756.081174
1435,512220.0,7857243756.081174
1436,51223.0,7857243756.081174
1437,512230.0,7857243756.081174
1438,51224.0,7857243756.081174
1439,512240.0,7857243756.081174
1440,51229.0,7857243756.081174
1441,512290.0,7857243756.081174
1442,515.0,78572437560.81174
1443,5151.0,39286218780.40587
1444,51511.0,19643109390.202934
1445,515111.0,9821554695.101467
1446,515112.0,9821554695.101467
1447,51512.0,19643109390.202934
1448,515120.0,19643109390.202934
1449,5152.0,39286218780.40587
1450,51521.0,39286218780.40587
1451,515210.0,39286218780.40587
1452,517.0,78572437560.81174
1453,5171.0,19643109390.202934
1454,51711.0,19643109390.202934
1455,517110.0,19643109390.202934
1456,5172.0,19643109390.202934
1457,51721.0,19643109390.202934
1458,517210.0,19643109390.202934
1459,5174.0,19643109390.202934
1460,51741.0,19643109390.202934
1461,517410.0,19643109390.202934
1462,5179.0,19643109390.202934
1463,51791.0,19643109390.202934
1464,517911.0,9821554695.101467
1465,517919.0,9821554695.101467
1466,518.0,78572437560.81174
1467,5182.0,78572437560.81174
1468,51821.0,78572437560.81174
1469,518210.0,78572437560.81174
1470,519.0,78572437560.81174
1471,5191.0,78572437560.81174
1472,51911.0,19643109390.202934
1473,519110.0,19643109390.202934
1474,51912.0,19643109390.202934
1475,519120.0,19643109390.202934
1476,51913.0,19643109390.202934
1477,519130.0,19643109390.202934
1478,51919.0,19643109390.202934
1479,519190.0,19643109390.202934
1480,52.0,1268588409020.7515
1481,521.0,253717681804.1503
1482,5211.0,253717681804.1503
1483,52111.0,253717681804.1503
1484,521110.0,253717681804.1503
1485,522.0,253717681804.1503
1486,5221.0,84572560601.38344
1487,52211.0,21143140150.34586
1488,522110.0,21143140150.34586
1489,52212.0,21143140150.34586
1490,522120.0,21143140150.34586
1491,52213.0,21143140150.34586
1492,522130.0,21143140150.34586
1493,52219.0,21143140150.34586
1494,522190.0,21143140150.34586
1495,5222.0,84572560601.38344
1496,52221.0,28190853533.79448
1497,522210.0,28190853533.79448
1498,52222.0,28190853533.79448
1499,522220.0,28190853533.79448
1500,52229.0,28190853533.79448
1501,522291.0,5638170706.758896
1502,522292.0,5638170706.758896
1503,522293.0,5638170706.758896
1504,522294.0,5638170706.758896
1505,522298.0,5638170706.758896
1506,5223.0,84572560601.38344
1507,52231.0,28190853533.79448
1508,522310.0,28190853533.79448
1509,52232.0,28190853533.79448
1510,522320.0,28190853533.79448
1511,52239.0,28190853533.79448
1512,522390.0,28190853533.79448
1513,523.0,253717681804.1503
1514,5231.0,84572560601.38344
1515,52311.0,21143140150.34586
1516,523110.0,21143140150.34586
1517,52312.0,21143140150.34586
1518,523120.0,21143140150.34586
1519,52313.0,21143140150.34586
1520,523130.0,21143140150.34586
1521,52314.0,21143140150.34586
1522,523140.0,21143140150.34586
1523,5232.0,84572560601.38344
1524,52321.0,84572560601.38344
1525,523210.0,84572560601.38344
1526,5239.0,84572560601.38344
1527,52391.0,21143140150.34586
1528,523910.0,21143140150.34586
1529,52392.0,21143140150.34586
1530,523920.0,21143140150.34586
1531,52393.0,21143140150.34586
1532,523930.0,21143140150.34586
1533,52399.0,21143140150.34586
1534,523991.0,10571570075.17293
1535,523999.0,10571570075.17293
1536,524.0,253717681804.1503
1537,5241.0,126858840902.07515
1538,52411.0,42286280300.69172
1539,524113.0,21143140150.34586
1540,524114.0,21143140150.34586
1541,52412.0,42286280300.69172
1542,524126.0,14095426766.89724
1543,524127.0,14095426766.89724
1544,524128.0,14095426766.89724
1545,52413.0,42286280300.69172
1546,524130.0,42286280300.69172
1547,5242.0,126858840902.07515
1548,52421.0,63429420451.037575
1549,524210.0,63429420451.037575
1550,52429.0,63429420451.037575
1551,524291.0,21143140150.34586
1552,524292.0,21143140150.34586
1553,524298.0,21143140150.34586
1554,525.0,253717681804.1503
1555,5251.0,126858840902.07515
1556,52511.0,42286280300.69172
1557,525110.0,42286280300.69172
1558,52512.0,42286280300.69172
1559,525120.0,42286280300.69172
1560,52519.0,42286280300.69172
1561,525190.0,42286280300.69172
1562,5259.0,126858840902.07515
1563,52591.0,42286280300.69172
1564,525910.0,42286280300.69172
1565,52592.0,42286280300.69172
1566,525920.0,42286280300.69172
1567,52599.0,42286280300.69172
1568,525990.0,42286280300.69172
1569,53.0,806491079723.3124
1570,531.0,268830359907.77078
1571,5311.0,89610119969.25693
1572,53111.0,22402529992.31423
1573,531110.0,22402529992.31423
1574,53112.0,22402529992.31423
1575,531120.0,22402529992.31423
1576,53113.0,22402529992.31423
1577,531130.0,22402529992.31423
1578,53119.0,22402529992.31423
1579,531190.0,22402529992.31423
1580,5312.0,89610119969.25693
1581,53121.0,89610119969.25693
1582,531210.0,89610119969.25693
1583,5313.0,89610119969.25693
1584,53131.0,29870039989.752308
1585,531311.0,14935019994.876154
1586,531312.0,14935019994.876154
1587,53132.0,29870039989.752308
1588,531320.0,29870039989.752308
1589,53139.0,29870039989.752308
1590,531390.0,29870039989.752308
1591,532.0,268830359907.77078
1592,5321.0,67207589976.942696
1593,53211.0,33603794988.471348
1594,532111.0,16801897494.235674
1595,532112.0,16801897494.235674
1596,53212.0,33603794988.471348
1597,532120.0,33603794988.471348
1598,5322.0,67207589976.942696
1599,53221.0,16801897494.235674
1600,532210.0,16801897494.235674
1601,53222.0,16801897494.235674
1602,532220.0,16801897494.235674
1603,53223.0,16801897494.235674
1604,532230.0,16801897494.235674
1605,53229.0,16801897494.235674
1606,532291.0,5600632498.078558
1607,532292.0,5600632498.078558
1608,532299.0,5600632498.078558
1609,5323.0,67207589976.942696
1610,53231.0,67207589976.942696
1611,532310.0,67207589976.942696
1612,5324.0,67207589976.942696
1613,53241.0,22402529992.31423
1614,532411.0,11201264996.157116
1615,532412.0,11201264996.157116
1616,53242.0,22402529992.31423
1617,532420.0,22402529992.31423
1618,53249.0,22402529992.31423
1619,532490.0,22402529992.31423
1620,533.0,268830359907.77078
1621,5331.0,268830359907.77078
1622,53311.0,268830359907.77078
1623,533110.0,268830359907.77078
1624,54.0,1850256423453.099
1625,541.0,1850256423453.099
1626,5411.0,205584047050.34436
1627,54111.0,68528015683.44812
1628,541110.0,68528015683.44812
1629,54112.0,68528015683.44812
1630,541120.0,68528015683.44812
1631,54119.0,68528015683.44812
1632,541191.0,34264007841.72406
1633,541199.0,34264007841.72406
1634,5412.0,205584047050.34436
1635,54121.0,205584047050.34436
1636,541211.0,51396011762.58609
1637,541213.0,51396011762.58609
1638,541214.0,51396011762.58609
1639,541219.0,51396011762.58609
1640,5413.0,205584047050.34436
1641,54131.0,25698005881.293045
1642,541310.0,25698005881.293045
1643,54132.0,25698005881.293045
1644,541320.0,25698005881.293045
1645,54133.0,25698005881.293045
1646,541330.0,25698005881.293045
1647,54134.0,25698005881.293045
1648,541340.0,25698005881.293045
1649,54135.0,25698005881.293045
1650,541350.0,25698005881.293045
1651,54136.0,25698005881.293045
1652,541360.0,25698005881.293045
1653,54137.0,25698005881.293045
1654,541370.0,25698005881.293045
1655,54138.0,25698005881.293045
1656,541380.0,25698005881.293045
1657,5414.0,205584047050.34436
1658,54141.0,51396011762.58609
1659,541410.0,51396011762.58609
1660,54142.0,51396011762.58609
1661,541420.0,51396011762.58609
1662,54143.0,51396011762.58609
1663,541430.0,51396011762.58609
1664,54149.0,51396011762.58609
1665,541490.0,51396011762.58609
1666,5415.0,205584047050.34436
1667,54151.0,205584047050.34436
1668,541511.0,51396011762.58609
1669,541512.0,51396011762.58609
1670,541513.0,51396011762.58609
1671,541519.0,51396011762.58609
1672,5416.0,205584047050.34436
1673,54161.0,68528015683.44812
1674,541611.0,13705603136.689625
1675,541612.0,13705603136.689625
1676,541613.0,13705603136.689625
1677,541614.0,13705603136.689625
1678,541618.0,13705603136.689625
1679,54162.0,68528015683.44812
1680,541620.0,68528015683.44812
1681,54169.0,68528015683.44812
1682,541690.0,68528015683.44812
1683,5417.0,205584047050.34436
1684,54171.0,102792023525.17218
1685,541711.0,51396011762.58609
1686,541712.0,51396011762.58609
1687,54172.0,102792023525.17218
1688,541720.0,102792023525.17218
1689,5418.0,205584047050.34436
1690,54181.0,25698005881.293045
1691,541810.0,25698005881.293045
1692,54182.0,25698005881.293045
1693,541820.0,25698005881.293045
1694,54183.0,25698005881.293045
1695,541830.0,25698005881.293045
1696,54184.0,25698005881.293045
1697,541840.0,25698005881.293045
1698,54185.0,25698005881.293045
1699,541850.0,25698005881.293045
1700,54186.0,25698005881.293045
1701,541860.0,25698005881.293045
1702,54187.0,25698005881.293045
1703,541870.0,25698005881.293045
1704,54189.0,25698005881.293045
1705,541890.0,25698005881.293045
1706,5419.0,205584047050.34436
1707,54191.0,41116809410.06887
1708,541910.0,41116809410.06887
1709,54192.0,41116809410.06887
1710,541921.0,20558404705.034435
1711,541922.0,20558404705.034435
1712,54193.0,41116809410.06887
1713,541930.0,41116809410.06887
1714,54194.0,41116809410.06887
1715,541940.0,41116809410.06887
1716,54199.0,41116809410.06887
1717,541990.0,41116809410.06887
1718,55.0,85094515039.77768
1719,551.0,85094515039.77768
1720,5511.0,85094515039.77768
1721,55111.0,85094515039.77768
1722,551111.0,28364838346.59256
1723,551112.0,28364838346.59256
1724,551114.0,28364838346.59256
1725,56.0,-7196653442.257479
1726,561.0,-3598326721.1287394
1727,5611.0,-449790840.1410924
1728,56111.0,-449790840.1410924
1729,561110.0,-449790840.1410924
1730,5612.0,-449790840.1410924
1731,56121.0,-449790840.1410924
1732,561210.0,-449790840.1410924
1733,5613.0,-449790840.1410924
1734,56131.0,-149930280.0470308
1735,561311.0,-74965140.0235154
1736,561312.0,-74965140.0235154
1737,56132.0,-149930280.0470308
1738,561320.0,-149930280.0470308
1739,56133.0,-149930280.0470308
1740,561330.0,-149930280.0470308
1741,5614.0,-449790840.1410924
1742,56141.0,-74965140.0235154
1743,561410.0,-74965140.0235154
1744,56142.0,-74965140.0235154
1745,561421.0,-37482570.0117577
1746,561422.0,-37482570.0117577
1747,56143.0,-74965140.0235154
1748,561431.0,-37482570.0117577
1749,561439.0,-37482570.0117577
1750,56144.0,-74965140.0235154
1751,561440.0,-74965140.0235154
1752,56145.0,-74965140.0235154
1753,561450.0,-74965140.0235154
1754,56149.0,-74965140.0235154
1755,561491.0,-24988380.00783847
1756,561492.0,-24988380.00783847
1757,561499.0,-24988380.00783847
1758,5615.0,-449790840.1410924
1759,56151.0,-149930280.0470308
1760,561510.0,-149930280.0470308
1761,56152.0,-149930280.0470308
1762,561520.0,-149930280.0470308
1763,56159.0,-149930280.0470308
1764,561591.0,-74965140.0235154
1765,561599.0,-74965140.0235154
1766,5616.0,-449790840.1410924
1767,56161.0,-224895420.0705462
1768,561611.0,-74965140.0235154
1769,561612.0,-74965140.0235154
1770,561613.0,-74965140.0235154
1771,56162.0,-224895420.0705462
1772,561621.0,-112447710.0352731
1773,561622.0,-112447710.0352731
1774,5617.0,-449790840.1410924
1775,56171.0,-89958168.02821848
1776,561710.0,-89958168.02821848
1777,56172.0,-89958168.02821848
1778,561720.0,-89958168.02821848
1779,56173.0,-89958168.02821848
1780,561730.0,-89958168.02821848
1781,56174.0,-89958168.02821848
1782,561740.0,-89958168.02821848
1783,56179.0,-89958168.02821848
1784,561790.0,-89958168.02821848
1785,5619.0,-449790840.1410924
1786,56191.0,-149930280.0470308
1787,561910.0,-149930280.0470308
1788,56192.0,-149930280.0470308
1789,561920.0,-149930280.0470308
1790,56199.0,-149930280.0470308
1791,561990.0,-149930280.0470308
1792,562.0,-3598326721.1287394
1793,5621.0,-1199442240.3762465
1794,56211.0,-1199442240.3762465
1795,562111.0,-399814080.1254155
1796,562112.0,-399814080.1254155
1797,562119.0,-399814080.1254155
1798,5622.0,-1199442240.3762465
1799,56221.0,-1199442240.3762465
1800,562211.0,-299860560.0940616
1801,562212.0,-299860560.0940616
1802,562213.0,-299860560.0940616
1803,562219.0,-299860560.0940616
1804,5629.0,-1199442240.3762465
1805,56291.0,-399814080.1254155
1806,562910.0,-399814080.1254155
1807,56292.0,-399814080.1254155
1808,562920.0,-399814080.1254155
1809,56299.0,-399814080.1254155
1810,562991.0,-199907040.06270775
1811,562998.0,-199907040.06270775
1812,61.0,662981551051.3217
1813,611.0,662981551051.3217
1814,6111.0,94711650150.18881
1815,61111.0,94711650150.18881
1816,611110.0,94711650150.18881
1817,6112.0,94711650150.18881
1818,61121.0,94711650150.18881
1819,611210.0,94711650150.18881
1820,6113.0,94711650150.18881
1821,61131.0,94711650150.18881
1822,611310.0,94711650150.18881
1823,6114.0,94711650150.18881
1824,61141.0,31570550050.06294
1825,611410.0,31570550050.06294
1826,61142.0,31570550050.06294
1827,611420.0,31570550050.06294
1828,61143.0,31570550050.06294
1829,611430.0,31570550050.06294
1830,6115.0,94711650150.18881
1831,61151.0,94711650150.18881
1832,611511.0,23677912537.547203
1833,611512.0,23677912537.547203
1834,611513.0,23677912537.547203
1835,611519.0,23677912537.547203
1836,6116.0,94711650150.18881
1837,61161.0,23677912537.547203
1838,611610.0,23677912537.547203
1839,61162.0,23677912537.547203
1840,611620.0,23677912537.547203
1841,61163.0,23677912537.547203
1842,611630.0,23677912537.547203
1843,61169.0,23677912537.547203
1844,611691.0,7892637512.515735
1845,611692.0,7892637512.515735
1846,611699.0,7892637512.515735
1847,6117.0,94711650150.18881
1848,61171.0,94711650150.18881
1849,611710.0,94711650150.18881
1850,62.0,662981551051.3217
1851,621.0,165745387762.8304
1852,6211.0,23677912537.547203
1853,62111.0,23677912537.547203
1854,621111.0,11838956268.773602
1855,621112.0,11838956268.773602
1856,6212.0,23677912537.547203
1857,62121.0,23677912537.547203
1858,621210.0,23677912537.547203
1859,6213.0,23677912537.547203
1860,62131.0,4735582507.50944
1861,621310.0,4735582507.50944
1862,62132.0,4735582507.50944
1863,621320.0,4735582507.50944
1864,62133.0,4735582507.50944
1865,621330.0,4735582507.50944
1866,62134.0,4735582507.50944
1867,621340.0,4735582507.50944
1868,62139.0,4735582507.50944
1869,621391.0,2367791253.75472
1870,621399.0,2367791253.75472
1871,6214.0,23677912537.547203
1872,62141.0,7892637512.515735
1873,621410.0,7892637512.515735
1874,62142.0,7892637512.515735
1875,621420.0,7892637512.515735
1876,62149.0,7892637512.515735
1877,621491.0,1973159378.1289337
1878,621492.0,1973159378.1289337
1879,621493.0,1973159378.1289337
1880,621498.0,1973159378.1289337
1881,6215.0,23677912537.547203
1882,62151.0,23677912537.547203
1883,621511.0,11838956268.773602
1884,621512.0,11838956268.773602
1885,6216.0,23677912537.547203
1886,62161.0,23677912537.547203
1887,621610.0,23677912537.547203
1888,6219.0,23677912537.547203
1889,62191.0,11838956268.773602
1890,621910.0,11838956268.773602
1891,62199.0,11838956268.773602
1892,621991.0,5919478134.386801
1893,621999.0,5919478134.386801
1894,622.0,165745387762.8304
1895,6221.0,55248462587.61014
1896,62211.0,55248462587.61014
1897,622110.0,55248462587.61014
1898,6222.0,55248462587.61014
1899,62221.0,55248462587.61014
1900,622210.0,55248462587.61014
1901,6223.0,55248462587.61014
1902,62231.0,55248462587.61014
1903,622310.0,55248462587.61014
1904,623.0,165745387762.8304
1905,6231.0,41436346940.7076
1906,62311.0,41436346940.7076
1907,623110.0,41436346940.7076
1908,6232.0,41436346940.7076
1909,62321.0,20718173470.3538
1910,623210.0,20718173470.3538
1911,62322.0,20718173470.3538
1912,623220.0,20718173470.3538
1913,6233.0,41436346940.7076
1914,62331.0,41436346940.7076
1915,623311.0,20718173470.3538
1916,623312.0,20718173470.3538
1917,6239.0,41436346940.7076
1918,62399.0,41436346940.7076
1919,623990.0,41436346940.7076
1920,624.0,165745387762.8304
1921,6241.0,41436346940.7076
1922,62411.0,13812115646.902534
1923,624110.0,13812115646.902534
1924,62412.0,13812115646.902534
1925,624120.0,13812115646.902534
1926,62419.0,13812115646.902534
1927,624190.0,13812115646.902534
1928,6242.0,41436346940.7076
1929,62421.0,13812115646.902534
1930,624210.0,13812115646.902534
1931,62422.0,13812115646.902534
1932,624221.0,6906057823.451267
1933,624229.0,6906057823.451267
1934,62423.0,13812115646.902534
1935,624230.0,13812115646.902534
1936,6243.0,41436346940.7076
1937,62431.0,41436346940.7076
1938,624310.0,41436346940.7076
1939,6244.0,41436346940.7076
1940,62441.0,41436346940.7076
1941,624410.0,41436346940.7076
1942,71.0,266788396260.44067
1943,711.0,88929465420.1469
1944,7111.0,17785893084.02938
1945,71111.0,4446473271.007345
1946,711110.0,4446473271.007345
1947,71112.0,4446473271.007345
1948,711120.0,4446473271.007345
1949,71113.0,4446473271.007345
1950,711130.0,4446473271.007345
1951,71119.0,4446473271.007345
1952,711190.0,4446473271.007345
1953,7112.0,17785893084.02938
1954,71121.0,17785893084.02938
1955,711211.0,5928631028.009793
1956,711212.0,5928631028.009793
1957,711219.0,5928631028.009793
1958,7113.0,17785893084.02938
1959,71131.0,8892946542.01469
1960,711310.0,8892946542.01469
1961,71132.0,8892946542.01469
1962,711320.0,8892946542.01469
1963,7114.0,17785893084.02938
1964,71141.0,17785893084.02938
1965,711410.0,17785893084.02938
1966,7115.0,17785893084.02938
1967,71151.0,17785893084.02938
1968,711510.0,17785893084.02938
1969,712.0,88929465420.1469
1970,7121.0,88929465420.1469
1971,71211.0,22232366355.036724
1972,712110.0,22232366355.036724
1973,71212.0,22232366355.036724
1974,712120.0,22232366355.036724
1975,71213.0,22232366355.036724
1976,712130.0,22232366355.036724
1977,71219.0,22232366355.036724
1978,712190.0,22232366355.036724
1979,713.0,88929465420.1469
1980,7131.0,29643155140.048965
1981,71311.0,14821577570.024483
1982,713110.0,14821577570.024483
1983,71312.0,14821577570.024483
1984,713120.0,14821577570.024483
1985,7132.0,29643155140.048965
1986,71321.0,14821577570.024483
1987,713210.0,14821577570.024483
1988,71329.0,14821577570.024483
1989,713290.0,14821577570.024483
1990,7139.0,29643155140.048965
1991,71391.0,4940525856.674828
1992,713910.0,4940525856.674828
1993,71392.0,4940525856.674828
1994,713920.0,4940525856.674828
1995,71393.0,4940525856.674828
1996,713930.0,4940525856.674828
1997,71394.0,4940525856.674828
1998,713940.0,4940525856.674828
1999,71395.0,4940525856.674828
2000,713950.0,4940525856.674828
2001,71399.0,4940525856.674828
2002,713990.0,4940525856.674828
2003,72.0,266788396260.44067
2004,721.0,133394198130.22034
2005,7211.0,44464732710.07345
2006,72111.0,14821577570.024483
2007,721110.0,14821577570.024483
2008,72112.0,14821577570.024483
2009,721120.0,14821577570.024483
2010,72119.0,14821577570.024483
2011,721191.0,7410788785.012241
2012,721199.0,7410788785.012241
2013,7212.0,44464732710.07345
2014,72121.0,44464732710.07345
2015,721211.0,22232366355.036724
2016,721214.0,22232366355.036724
2017,7213.0,44464732710.07345
2018,72131.0,44464732710.07345
2019,721310.0,44464732710.07345
2020,722.0,133394198130.22034
2021,7223.0,44464732710.07345
2022,72231.0,14821577570.024483
2023,722310.0,14821577570.024483
2024,72232.0,14821577570.024483
2025,722320.0,14821577570.024483
2026,72233.0,14821577570.024483
2027,722330.0,14821577570.024483
2028,7224.0,44464732710.07345
2029,72241.0,44464732710.07345
2030,722410.0,44464732710.07345
2031,7225.0,44464732710.07345
2032,72251.0,44464732710.07345
2033,722511.0,11116183177.518362
2034,722513.0,11116183177.518362
2035,722514.0,11116183177.518362
2036,722515.0,11116183177.518362
2037,81.0,386829828650.3077
2038,811.0,96707457162.57692
2039,8111.0,24176864290.64423
2040,81111.0,8058954763.548077
2041,811111.0,2014738690.8870192
2042,811112.0,2014738690.8870192
2043,811113.0,2014738690.8870192
2044,811118.0,2014738690.8870192
2045,81112.0,8058954763.548077
2046,811121.0,4029477381.7740383
2047,811122.0,4029477381.7740383
2048,81119.0,8058954763.548077
2049,811191.0,2686318254.5160255
2050,811192.0,2686318254.5160255
2051,811198.0,2686318254.5160255
2052,8112.0,24176864290.64423
2053,81121.0,24176864290.64423
2054,811211.0,6044216072.661057
2055,811212.0,6044216072.661057
2056,811213.0,6044216072.661057
2057,811219.0,6044216072.661057
2058,8113.0,24176864290.64423
2059,81131.0,24176864290.64423
2060,811310.0,24176864290.64423
2061,8114.0,24176864290.64423
2062,81141.0,6044216072.661057
2063,811411.0,3022108036.3305287
2064,811412.0,3022108036.3305287
2065,81142.0,6044216072.661057
2066,811420.0,6044216072.661057
2067,81143.0,6044216072.661057
2068,811430.0,6044216072.661057
2069,81149.0,6044216072.661057
2070,811490.0,6044216072.661057
2071,812.0,96707457162.57692
2072,8121.0,24176864290.64423
2073,81211.0,12088432145.322115
2074,812111.0,4029477381.7740383
2075,812112.0,4029477381.7740383
2076,812113.0,4029477381.7740383
2077,81219.0,12088432145.322115
2078,812191.0,6044216072.661057
2079,812199.0,6044216072.661057
2080,8122.0,24176864290.64423
2081,81221.0,12088432145.322115
2082,812210.0,12088432145.322115
2083,81222.0,12088432145.322115
2084,812220.0,12088432145.322115
2085,8123.0,24176864290.64423
2086,81231.0,8058954763.548077
2087,812310.0,8058954763.548077
2088,81232.0,8058954763.548077
2089,812320.0,8058954763.548077
2090,81233.0,8058954763.548077
2091,812331.0,4029477381.7740383
2092,812332.0,4029477381.7740383
2093,8129.0,24176864290.64423
2094,81291.0,6044216072.661057
2095,812910.0,6044216072.661057
2096,81292.0,6044216072.661057
2097,812921.0,3022108036.3305287
2098,812922.0,3022108036.3305287
2099,81293.0,6044216072.661057
2100,812930.0,6044216072.661057
2101,81299.0,6044216072.661057
2102,812990.0,6044216072.661057
2103,813.0,96707457162.57692
2104,8131.0,19341491432.515385
2105,81311.0,19341491432.515385
2106,813110.0,19341491432.515385
2107,8132.0,19341491432.515385
2108,81321.0,19341491432.515385
2109,813211.0,6447163810.838462
2110,813212.0,6447163810.838462
2111,813219.0,6447163810.838462
2112,8133.0,19341491432.515385
2113,81331.0,19341491432.515385
2114,813311.0,6447163810.838462
2115,813312.0,6447163810.838462
2116,813319.0,6447163810.838462
2117,8134.0,19341491432.515385
2118,81341.0,19341491432.515385
2119,813410.0,19341491432.515385
2120,8139.0,19341491432.515385
2121,81391.0,3868298286.503077
2122,813910.0,3868298286.503077
2123,81392.0,3868298286.503077
2124,813920.0,3868298286.503077
2125,81393.0,3868298286.503077
2126,813930.0,3868298286.503077
2127,81394.0,3868298286.503077
2128,813940.0,3868298286.503077
2129,81399.0,3868298286.503077
2130,813990.0,3868298286.503077
2131,814.0,96707457162.57692
2132,8141.0,96707457162.57692
2133,81411.0,96707457162.57692
2134,814110.0,96707457162.57692
2135,92.0,1529244737711.6768
2136,921.0,191155592213.9596
2137,9211.0,191155592213.9596
2138,92111.0,31859265368.993267
2139,921110.0,31859265368.993267
2140,92112.0,31859265368.993267
2141,921120.0,31859265368.993267
2142,92113.0,31859265368.993267
2143,921130.0,31859265368.993267
2144,92114.0,31859265368.993267
2145,921140.0,31859265368.993267
2146,92115.0,31859265368.993267
2147,921150.0,31859265368.993267
2148,92119.0,31859265368.993267
2149,921190.0,31859265368.993267
2150,922.0,191155592213.9596
2151,9221.0,191155592213.9596
2152,92211.0,27307941744.85137
2153,922110.0,27307941744.85137
2154,92212.0,27307941744.85137
2155,922120.0,27307941744.85137
2156,92213.0,27307941744.85137
2157,922130.0,27307941744.85137
2158,92214.0,27307941744.85137
2159,922140.0,27307941744.85137
2160,92215.0,27307941744.85137
2161,922150.0,27307941744.85137
2162,92216.0,27307941744.85137
2163,922160.0,27307941744.85137
2164,92219.0,27307941744.85137
2165,922190.0,27307941744.85137
2166,923.0,191155592213.9596
2167,9231.0,191155592213.9596
2168,92311.0,47788898053.4899
2169,923110.0,47788898053.4899
2170,92312.0,47788898053.4899
2171,923120.0,47788898053.4899
2172,92313.0,47788898053.4899
2173,923130.0,47788898053.4899
2174,92314.0,47788898053.4899
2175,923140.0,47788898053.4899
2176,924.0,191155592213.9596
2177,9241.0,191155592213.9596
2178,92411.0,95577796106.9798
2179,924110.0,95577796106.9798
2180,92412.0,95577796106.9798
2181,924120.0,95577796106.9798
2182,925.0,191155592213.9596
2183,9251.0,191155592213.9596
2184,92511.0,95577796106.9798
2185,925110.0,95577796106.9798
2186,92512.0,95577796106.9798
2187,925120.0,95577796106.9798
2188,926.0,191155592213.9596
2189,9261.0,191155592213.9596
2190,92611.0,38231118442.791916
2191,926110.0,38231118442.791916
2192,92612.0,38231118442.791916
2193,926120.0,38231118442.791916
2194,92613.0,38231118442.791916
2195,926130.0,38231118442.791916
2196,92614.0,38231118442.791916
2197,926140.0,38231118442.791916
2198,92615.0,38231118442.791916
2199,926150.0,38231118442.791916
2200,927.0,191155592213.9596
2201,9271.0,191155592213.9596
2202,92711.0,191155592213.9596
2203,927110.0,191155592213.9596
2204,928.0,191155592213.9596
2205,9281.0,191155592213.9596
2206,92811.0,95577796106.9798
2207,928110.0,95577796106.9798
2208,92812.0,95577796106.9798
2209,928120.0,95577796106.9798
