Codes:,depreciation,total_net_income,total_net_loss
1,136841830000.0,1.068043099e+12,290118622000.0
11,1171356005.98,15224645000.0,6919758005.98
111,137256209.939,9606740000.0,2284762004.75
1111,27451241.9877,1921348000.0,456952400.95
11111,3921605.99825,274478285.714,65278914.4214
111110,3921605.99825,274478285.714,65278914.4214
11112,3921605.99825,274478285.714,65278914.4214
111120,3921605.99825,274478285.714,65278914.4214
11113,3921605.99825,274478285.714,65278914.4214
111130,3921605.99825,274478285.714,65278914.4214
11114,3921605.99825,274478285.714,65278914.4214
111140,3921605.99825,274478285.714,65278914.4214
11115,3921605.99825,274478285.714,65278914.4214
111150,3921605.99825,274478285.714,65278914.4214
11116,3921605.99825,274478285.714,65278914.4214
111160,3921605.99825,274478285.714,65278914.4214
11119,3921605.99825,274478285.714,65278914.4214
111191,1960802.99912,137239142.857,32639457.2107
111199,1960802.99912,137239142.857,32639457.2107
1112,27451241.9877,1921348000.0,456952400.95
11121,27451241.9877,1921348000.0,456952400.95
111211,13725620.9939,960674000.0,228476200.475
111219,13725620.9939,960674000.0,228476200.475
1113,27451241.9877,1921348000.0,456952400.95
11131,9150413.99591,640449333.333,152317466.983
111310,9150413.99591,640449333.333,152317466.983
11132,9150413.99591,640449333.333,152317466.983
111320,9150413.99591,640449333.333,152317466.983
11133,9150413.99591,640449333.333,152317466.983
111331,1307201.99942,91492761.9048,21759638.1405
111332,1307201.99942,91492761.9048,21759638.1405
111333,1307201.99942,91492761.9048,21759638.1405
111334,1307201.99942,91492761.9048,21759638.1405
111335,1307201.99942,91492761.9048,21759638.1405
111336,1307201.99942,91492761.9048,21759638.1405
111339,1307201.99942,91492761.9048,21759638.1405
1114,27451241.9877,1921348000.0,456952400.95
11141,13725620.9939,960674000.0,228476200.475
111411,6862810.49694,480337000.0,114238100.237
111419,6862810.49694,480337000.0,114238100.237
11142,13725620.9939,960674000.0,228476200.475
111421,6862810.49694,480337000.0,114238100.237
111422,6862810.49694,480337000.0,114238100.237
1119,27451241.9877,1921348000.0,456952400.95
11191,5490248.39755,384269600.0,91390480.19
111910,5490248.39755,384269600.0,91390480.19
11192,5490248.39755,384269600.0,91390480.19
111920,5490248.39755,384269600.0,91390480.19
11193,5490248.39755,384269600.0,91390480.19
111930,5490248.39755,384269600.0,91390480.19
11194,5490248.39755,384269600.0,91390480.19
111940,5490248.39755,384269600.0,91390480.19
11199,5490248.39755,384269600.0,91390480.19
111991,1830082.79918,128089866.667,30463493.3967
111992,1830082.79918,128089866.667,30463493.3967
111998,1830082.79918,128089866.667,30463493.3967
112,423807000.0,3266034000.0,3411899000.0
1121,70634500.0,544339000.0,568649833.333
11211,23544833.3333,181446333.333,189549944.444
112111,11772416.6667,90723166.6667,94774972.2222
112112,11772416.6667,90723166.6667,94774972.2222
11212,23544833.3333,181446333.333,189549944.444
112120,23544833.3333,181446333.333,189549944.444
11213,23544833.3333,181446333.333,189549944.444
112130,23544833.3333,181446333.333,189549944.444
1122,70634500.0,544339000.0,568649833.333
11221,70634500.0,544339000.0,568649833.333
112210,70634500.0,544339000.0,568649833.333
1123,70634500.0,544339000.0,568649833.333
11231,14126900.0,108867800.0,113729966.667
112310,14126900.0,108867800.0,113729966.667
11232,14126900.0,108867800.0,113729966.667
112320,14126900.0,108867800.0,113729966.667
11233,14126900.0,108867800.0,113729966.667
112330,14126900.0,108867800.0,113729966.667
11234,14126900.0,108867800.0,113729966.667
112340,14126900.0,108867800.0,113729966.667
11239,14126900.0,108867800.0,113729966.667
112390,14126900.0,108867800.0,113729966.667
1124,70634500.0,544339000.0,568649833.333
11241,35317250.0,272169500.0,284324916.667
112410,35317250.0,272169500.0,284324916.667
11242,35317250.0,272169500.0,284324916.667
112420,35317250.0,272169500.0,284324916.667
1125,70634500.0,544339000.0,568649833.333
11251,70634500.0,544339000.0,568649833.333
112511,23544833.3333,181446333.333,189549944.444
112512,23544833.3333,181446333.333,189549944.444
112519,23544833.3333,181446333.333,189549944.444
1129,70634500.0,544339000.0,568649833.333
11291,17658625.0,136084750.0,142162458.333
112910,17658625.0,136084750.0,142162458.333
11292,17658625.0,136084750.0,142162458.333
112920,17658625.0,136084750.0,142162458.333
11293,17658625.0,136084750.0,142162458.333
112930,17658625.0,136084750.0,142162458.333
11299,17658625.0,136084750.0,142162458.333
112990,17658625.0,136084750.0,142162458.333
113,125075924.508,911367000.0,947727000.454
1131,41691974.8362,303789000.0,315909000.151
11311,41691974.8362,303789000.0,315909000.151
113110,41691974.8362,303789000.0,315909000.151
1132,41691974.8362,303789000.0,315909000.151
11321,41691974.8362,303789000.0,315909000.151
113210,41691974.8362,303789000.0,315909000.151
1133,41691974.8362,303789000.0,315909000.151
11331,41691974.8362,303789000.0,315909000.151
113310,41691974.8362,303789000.0,315909000.151
114,116067871.529,338387000.0,125419000.772
1141,58033935.7644,169193500.0,62709500.3862
11411,58033935.7644,169193500.0,62709500.3862
114111,19344645.2548,56397833.3333,20903166.7954
114112,19344645.2548,56397833.3333,20903166.7954
114119,19344645.2548,56397833.3333,20903166.7954
1142,58033935.7644,169193500.0,62709500.3862
11421,58033935.7644,169193500.0,62709500.3862
114210,58033935.7644,169193500.0,62709500.3862
115,369149000.0,1102117000.0,149951000.0
1151,123049666.667,367372333.333,49983666.6667
11511,123049666.667,367372333.333,49983666.6667
115111,20508277.7778,61228722.2222,8330611.11111
115112,20508277.7778,61228722.2222,8330611.11111
115113,20508277.7778,61228722.2222,8330611.11111
115114,20508277.7778,61228722.2222,8330611.11111
115115,20508277.7778,61228722.2222,8330611.11111
115116,20508277.7778,61228722.2222,8330611.11111
1152,123049666.667,367372333.333,49983666.6667
11521,123049666.667,367372333.333,49983666.6667
115210,123049666.667,367372333.333,49983666.6667
1153,123049666.667,367372333.333,49983666.6667
11531,123049666.667,367372333.333,49983666.6667
115310,123049666.667,367372333.333,49983666.6667
21,15039473021.1,73402933000.0,14264510021.1
211,12204011673.7,66852956000.0,10787554673.7
2111,12204011673.7,66852956000.0,10787554673.7
21111,12204011673.7,66852956000.0,10787554673.7
211111,6102005836.85,33426478000.0,5393777336.85
211112,6102005836.85,33426478000.0,5393777336.85
212,908563673.7,4150986000.0,1676893673.7
2121,302854557.9,1383662000.0,558964557.9
21211,302854557.9,1383662000.0,558964557.9
212111,100951519.3,461220666.667,186321519.3
212112,100951519.3,461220666.667,186321519.3
212113,100951519.3,461220666.667,186321519.3
2122,302854557.9,1383662000.0,558964557.9
21221,75713639.475,345915500.0,139741139.475
212210,75713639.475,345915500.0,139741139.475
21222,75713639.475,345915500.0,139741139.475
212221,37856819.7375,172957750.0,69870569.7375
212222,37856819.7375,172957750.0,69870569.7375
21223,75713639.475,345915500.0,139741139.475
212231,37856819.7375,172957750.0,69870569.7375
212234,37856819.7375,172957750.0,69870569.7375
21229,75713639.475,345915500.0,139741139.475
212291,37856819.7375,172957750.0,69870569.7375
212299,37856819.7375,172957750.0,69870569.7375
2123,302854557.9,1383662000.0,558964557.9
21231,100951519.3,461220666.667,186321519.3
212311,25237879.825,115305166.667,46580379.825
212312,25237879.825,115305166.667,46580379.825
212313,25237879.825,115305166.667,46580379.825
212319,25237879.825,115305166.667,46580379.825
21232,100951519.3,461220666.667,186321519.3
212321,25237879.825,115305166.667,46580379.825
212322,25237879.825,115305166.667,46580379.825
212324,25237879.825,115305166.667,46580379.825
212325,25237879.825,115305166.667,46580379.825
21239,100951519.3,461220666.667,186321519.3
212391,25237879.825,115305166.667,46580379.825
212392,25237879.825,115305166.667,46580379.825
212393,25237879.825,115305166.667,46580379.825
212399,25237879.825,115305166.667,46580379.825
213,1926897673.7,2398991000.0,1800061673.7
2131,1926897673.7,2398991000.0,1800061673.7
21311,1926897673.7,2398991000.0,1800061673.7
213111,385379534.74,479798200.0,360012334.74
213112,385379534.74,479798200.0,360012334.74
213113,385379534.74,479798200.0,360012334.74
213114,385379534.74,479798200.0,360012334.74
213115,385379534.74,479798200.0,360012334.74
22,15595530043.9,7794516000.0,12511404043.9
221,15595530043.9,7794516000.0,12511404043.9
2212,15595530043.9,7794516000.0,12511404043.9
22121,15595530043.9,7794516000.0,12511404043.9
221210,15595530043.9,7794516000.0,12511404043.9
23,1653681015.42,17185990000.0,8515992015.42
236,394364003.786,6848305245.49,4343845003.79
2361,197182001.893,3424152622.75,2171922501.89
23611,197182001.893,3424152622.75,2171922501.89
236115,49295500.4733,856038155.686,542980625.473
236116,49295500.4733,856038155.686,542980625.473
236117,49295500.4733,856038155.686,542980625.473
236118,49295500.4733,856038155.686,542980625.473
2362,197182001.893,3424152622.75,2171922501.89
23621,98591000.9465,1712076311.37,1085961250.95
236210,98591000.9465,1712076311.37,1085961250.95
23622,98591000.9465,1712076311.37,1085961250.95
236220,98591000.9465,1712076311.37,1085961250.95
237,555726005.432,5879368352.22,2641734005.43
2371,232201000.0,903288000.0,396769000.0
23711,77400333.3333,301096000.0,132256333.333
237110,77400333.3333,301096000.0,132256333.333
23712,77400333.3333,301096000.0,132256333.333
237120,77400333.3333,301096000.0,132256333.333
23713,77400333.3333,301096000.0,132256333.333
237130,77400333.3333,301096000.0,132256333.333
2372,72198005.4321,1992723352.22,1710962005.43
23721,72198005.4321,1992723352.22,1710962005.43
237210,72198005.4321,1992723352.22,1710962005.43
2379,251327000.0,2983357000.0,534003000.0
23799,251327000.0,2983357000.0,534003000.0
237990,251327000.0,2983357000.0,534003000.0
238,703591006.204,4458316402.29,1530413006.2
2381,92607000.0,957848000.0,130491000.0
23811,11575875.0,119731000.0,16311375.0
238110,11575875.0,119731000.0,16311375.0
23812,11575875.0,119731000.0,16311375.0
238120,11575875.0,119731000.0,16311375.0
23813,11575875.0,119731000.0,16311375.0
238130,11575875.0,119731000.0,16311375.0
23814,11575875.0,119731000.0,16311375.0
238140,11575875.0,119731000.0,16311375.0
23815,11575875.0,119731000.0,16311375.0
238150,11575875.0,119731000.0,16311375.0
23816,11575875.0,119731000.0,16311375.0
238160,11575875.0,119731000.0,16311375.0
23817,11575875.0,119731000.0,16311375.0
238170,11575875.0,119731000.0,16311375.0
23819,11575875.0,119731000.0,16311375.0
238190,11575875.0,119731000.0,16311375.0
2382,173105006.204,1490503402.29,522058006.204
23821,56548002.8082,714750729.464,276307002.808
238210,56548002.8082,714750729.464,276307002.808
23822,116557003.396,775752672.823,245751003.396
238220,116557003.396,775752672.823,245751003.396
2383,28989000.0,602520000.0,102222000.0
23831,4831500.0,100420000.0,17037000.0
238310,4831500.0,100420000.0,17037000.0
23832,4831500.0,100420000.0,17037000.0
238320,4831500.0,100420000.0,17037000.0
23833,4831500.0,100420000.0,17037000.0
238330,4831500.0,100420000.0,17037000.0
23834,4831500.0,100420000.0,17037000.0
238340,4831500.0,100420000.0,17037000.0
23835,4831500.0,100420000.0,17037000.0
238350,4831500.0,100420000.0,17037000.0
23839,4831500.0,100420000.0,17037000.0
238390,4831500.0,100420000.0,17037000.0
2389,408890000.0,1407445000.0,775642000.0
23891,204445000.0,703722500.0,387821000.0
238910,204445000.0,703722500.0,387821000.0
23899,204445000.0,703722500.0,387821000.0
238990,204445000.0,703722500.0,387821000.0
31.32.33,14962554224.3,80828596000.0,19199837224.3
311,747232884.672,5207171935.05,1259441884.67
3116,747232884.672,5207171935.05,1259441884.67
31161,747232884.672,5207171935.05,1259441884.67
311615,747232884.672,5207171935.05,1259441884.67
312,495773951.473,2838047972.67,642439951.473
3121,495773951.473,2838047972.67,642439951.473
31212,495773951.473,2838047972.67,642439951.473
312120,495773951.473,2838047972.67,642439951.473
313,10852992.3222,214424995.676,24573992.3222
3131,3617664.10739,71474998.5587,8191330.77405
31311,3617664.10739,71474998.5587,8191330.77405
313110,3617664.10739,71474998.5587,8191330.77405
3132,3617664.10739,71474998.5587,8191330.77405
31321,904416.026847,17868749.6397,2047832.69351
313210,904416.026847,17868749.6397,2047832.69351
31322,904416.026847,17868749.6397,2047832.69351
313220,904416.026847,17868749.6397,2047832.69351
31323,904416.026847,17868749.6397,2047832.69351
313230,904416.026847,17868749.6397,2047832.69351
31324,904416.026847,17868749.6397,2047832.69351
313240,904416.026847,17868749.6397,2047832.69351
3133,3617664.10739,71474998.5587,8191330.77405
31331,1808832.05369,35737499.2793,4095665.38703
313310,1808832.05369,35737499.2793,4095665.38703
31332,1808832.05369,35737499.2793,4095665.38703
313320,1808832.05369,35737499.2793,4095665.38703
314,10853000.0,214425000.0,24574000.0
3141,5426500.0,107212500.0,12287000.0
31411,2713250.0,53606250.0,6143500.0
314110,2713250.0,53606250.0,6143500.0
31412,2713250.0,53606250.0,6143500.0
314120,2713250.0,53606250.0,6143500.0
3149,5426500.0,107212500.0,12287000.0
31491,2713250.0,53606250.0,6143500.0
314910,2713250.0,53606250.0,6143500.0
31499,2713250.0,53606250.0,6143500.0
314994,1356625.0,26803125.0,3071750.0
314999,1356625.0,26803125.0,3071750.0
315,23555993.9744,667301996.607,200116993.974
3151,943.466217902,26726.8233988,8015.09898703
31511,471.733108951,13363.4116994,4007.54949352
315110,471.733108951,13363.4116994,4007.54949352
31519,471.733108951,13363.4116994,4007.54949352
315190,471.733108951,13363.4116994,4007.54949352
3152,943.466217902,26726.8233988,8015.09898703
31521,235.866554476,6681.70584969,2003.77474676
315210,235.866554476,6681.70584969,2003.77474676
31522,235.866554476,6681.70584969,2003.77474676
315220,235.866554476,6681.70584969,2003.77474676
31524,235.866554476,6681.70584969,2003.77474676
315240,235.866554476,6681.70584969,2003.77474676
31528,235.866554476,6681.70584969,2003.77474676
315280,235.866554476,6681.70584969,2003.77474676
3159,23554107.042,667248542.96,200100963.776
31599,23554107.042,667248542.96,200100963.776
315990,23554107.042,667248542.96,200100963.776
316,1512998.63377,23263999.2306,25553998.6338
3161,504332.877923,7754666.41019,8517999.54459
31611,504332.877923,7754666.41019,8517999.54459
316110,504332.877923,7754666.41019,8517999.54459
3162,504332.877923,7754666.41019,8517999.54459
31621,504332.877923,7754666.41019,8517999.54459
316210,504332.877923,7754666.41019,8517999.54459
3169,504332.877923,7754666.41019,8517999.54459
31699,504332.877923,7754666.41019,8517999.54459
316992,252166.438961,3877333.2051,4258999.77229
316998,252166.438961,3877333.2051,4258999.77229
321,147992983.84,456489990.899,323977983.84
3211,49330994.6133,152163330.3,107992661.28
32111,49330994.6133,152163330.3,107992661.28
321113,24665497.3067,76081665.1499,53996330.64
321114,24665497.3067,76081665.1499,53996330.64
3212,49330994.6133,152163330.3,107992661.28
32121,49330994.6133,152163330.3,107992661.28
321211,9866198.92267,30432666.0599,21598532.256
321212,9866198.92267,30432666.0599,21598532.256
321213,9866198.92267,30432666.0599,21598532.256
321214,9866198.92267,30432666.0599,21598532.256
321219,9866198.92267,30432666.0599,21598532.256
3219,49330994.6133,152163330.3,107992661.28
32191,16443664.8711,50721110.0999,35997553.76
321911,5481221.6237,16907036.7,11999184.5867
321912,5481221.6237,16907036.7,11999184.5867
321918,5481221.6237,16907036.7,11999184.5867
32192,16443664.8711,50721110.0999,35997553.76
321920,16443664.8711,50721110.0999,35997553.76
32199,16443664.8711,50721110.0999,35997553.76
321991,5481221.6237,16907036.7,11999184.5867
321992,5481221.6237,16907036.7,11999184.5867
321999,5481221.6237,16907036.7,11999184.5867
322,109711944.882,996337968.959,592534944.882
3221,54855972.4409,498168984.479,296267472.441
32211,18285324.147,166056328.16,98755824.147
322110,18285324.147,166056328.16,98755824.147
32212,18285324.147,166056328.16,98755824.147
322121,9142662.07348,83028164.0799,49377912.0735
322122,9142662.07348,83028164.0799,49377912.0735
32213,18285324.147,166056328.16,98755824.147
322130,18285324.147,166056328.16,98755824.147
3222,54855972.4409,498168984.479,296267472.441
32221,13713993.1102,124542246.12,74066868.1102
322211,4571331.03674,41514082.04,24688956.0367
322212,4571331.03674,41514082.04,24688956.0367
322219,4571331.03674,41514082.04,24688956.0367
32222,13713993.1102,124542246.12,74066868.1102
322220,13713993.1102,124542246.12,74066868.1102
32223,13713993.1102,124542246.12,74066868.1102
322230,13713993.1102,124542246.12,74066868.1102
32229,13713993.1102,124542246.12,74066868.1102
322291,6856996.55511,62271123.0599,37033434.0551
322299,6856996.55511,62271123.0599,37033434.0551
323,181260984.808,419189991.444,496813984.808
3231,181260984.808,419189991.444,496813984.808
32311,90630492.4041,209594995.722,248406992.404
323111,30210164.1347,69864998.5741,82802330.8014
323113,30210164.1347,69864998.5741,82802330.8014
323117,30210164.1347,69864998.5741,82802330.8014
32312,90630492.4041,209594995.722,248406992.404
323120,90630492.4041,209594995.722,248406992.404
324,6147767653.82,25072256805.0,4388817653.82
3241,6147767653.82,25072256805.0,4388817653.82
32411,6147767653.82,25072256805.0,4388817653.82
324110,6147767653.82,25072256805.0,4388817653.82
325,2266898700.39,21687352831.3,3336795700.39
3251,323842671.485,3098193261.61,476685100.056
32511,64768534.2969,619638652.322,95337020.0112
325110,64768534.2969,619638652.322,95337020.0112
32512,64768534.2969,619638652.322,95337020.0112
325120,64768534.2969,619638652.322,95337020.0112
32513,64768534.2969,619638652.322,95337020.0112
325130,64768534.2969,619638652.322,95337020.0112
32518,64768534.2969,619638652.322,95337020.0112
325180,64768534.2969,619638652.322,95337020.0112
32519,64768534.2969,619638652.322,95337020.0112
325193,21589511.4323,206546217.441,31779006.6704
325194,21589511.4323,206546217.441,31779006.6704
325199,21589511.4323,206546217.441,31779006.6704
3252,323842671.485,3098193261.61,476685100.056
32521,161921335.742,1549096630.81,238342550.028
325211,80960667.8712,774548315.403,119171275.014
325212,80960667.8712,774548315.403,119171275.014
32522,161921335.742,1549096630.81,238342550.028
325220,161921335.742,1549096630.81,238342550.028
3253,323842671.485,3098193261.61,476685100.056
32531,161921335.742,1549096630.81,238342550.028
325311,53973778.5808,516365543.602,79447516.676
325312,53973778.5808,516365543.602,79447516.676
325314,53973778.5808,516365543.602,79447516.676
32532,161921335.742,1549096630.81,238342550.028
325320,161921335.742,1549096630.81,238342550.028
3254,323842671.485,3098193261.61,476685100.056
32541,323842671.485,3098193261.61,476685100.056
325411,80960667.8712,774548315.403,119171275.014
325412,80960667.8712,774548315.403,119171275.014
325413,80960667.8712,774548315.403,119171275.014
325414,80960667.8712,774548315.403,119171275.014
3255,323842671.485,3098193261.61,476685100.056
32551,161921335.742,1549096630.81,238342550.028
325510,161921335.742,1549096630.81,238342550.028
32552,161921335.742,1549096630.81,238342550.028
325520,161921335.742,1549096630.81,238342550.028
3256,323842671.485,3098193261.61,476685100.056
32561,161921335.742,1549096630.81,238342550.028
325611,53973778.5808,516365543.602,79447516.676
325612,53973778.5808,516365543.602,79447516.676
325613,53973778.5808,516365543.602,79447516.676
32562,161921335.742,1549096630.81,238342550.028
325620,161921335.742,1549096630.81,238342550.028
3259,323842671.485,3098193261.61,476685100.056
32591,107947557.162,1032731087.2,158895033.352
325910,107947557.162,1032731087.2,158895033.352
32592,107947557.162,1032731087.2,158895033.352
325920,107947557.162,1032731087.2,158895033.352
32599,107947557.162,1032731087.2,158895033.352
325991,35982519.0539,344243695.734,52965011.1174
325992,35982519.0539,344243695.734,52965011.1174
325998,35982519.0539,344243695.734,52965011.1174
326,232673965.608,1135822980.63,637889965.608
3261,116336982.804,567911490.316,318944982.804
32611,16619568.972,81130212.9023,45563568.972
326111,5539856.324,27043404.3008,15187856.324
326112,5539856.324,27043404.3008,15187856.324
326113,5539856.324,27043404.3008,15187856.324
32612,16619568.972,81130212.9023,45563568.972
326121,8309784.48601,40565106.4511,22781784.486
326122,8309784.48601,40565106.4511,22781784.486
32613,16619568.972,81130212.9023,45563568.972
326130,16619568.972,81130212.9023,45563568.972
32614,16619568.972,81130212.9023,45563568.972
326140,16619568.972,81130212.9023,45563568.972
32615,16619568.972,81130212.9023,45563568.972
326150,16619568.972,81130212.9023,45563568.972
32616,16619568.972,81130212.9023,45563568.972
326160,16619568.972,81130212.9023,45563568.972
32619,16619568.972,81130212.9023,45563568.972
326191,8309784.48601,40565106.4511,22781784.486
326199,8309784.48601,40565106.4511,22781784.486
3262,116336982.804,567911490.316,318944982.804
32621,38778994.268,189303830.105,106314994.268
326211,19389497.134,94651915.0526,53157497.134
326212,19389497.134,94651915.0526,53157497.134
32622,38778994.268,189303830.105,106314994.268
326220,38778994.268,189303830.105,106314994.268
32629,38778994.268,189303830.105,106314994.268
326291,19389497.134,94651915.0526,53157497.134
326299,19389497.134,94651915.0526,53157497.134
327,217197957.597,581814976.12,413917957.597
3271,43439591.5194,116362995.224,82783591.5194
32711,21719795.7597,58181497.612,41391795.7597
327110,21719795.7597,58181497.612,41391795.7597
32712,21719795.7597,58181497.612,41391795.7597
327120,21719795.7597,58181497.612,41391795.7597
3272,43439591.5194,116362995.224,82783591.5194
32721,43439591.5194,116362995.224,82783591.5194
327211,10859897.8798,29090748.806,20695897.8798
327212,10859897.8798,29090748.806,20695897.8798
327213,10859897.8798,29090748.806,20695897.8798
327215,10859897.8798,29090748.806,20695897.8798
3273,43439591.5194,116362995.224,82783591.5194
32731,10859897.8798,29090748.806,20695897.8798
327310,10859897.8798,29090748.806,20695897.8798
32732,10859897.8798,29090748.806,20695897.8798
327320,10859897.8798,29090748.806,20695897.8798
32733,10859897.8798,29090748.806,20695897.8798
327331,5429948.93992,14545374.403,10347948.9399
327332,5429948.93992,14545374.403,10347948.9399
32739,10859897.8798,29090748.806,20695897.8798
327390,10859897.8798,29090748.806,20695897.8798
3274,43439591.5194,116362995.224,82783591.5194
32741,21719795.7597,58181497.612,41391795.7597
327410,21719795.7597,58181497.612,41391795.7597
32742,21719795.7597,58181497.612,41391795.7597
327420,21719795.7597,58181497.612,41391795.7597
3279,43439591.5194,116362995.224,82783591.5194
32791,21719795.7597,58181497.612,41391795.7597
327910,21719795.7597,58181497.612,41391795.7597
32799,21719795.7597,58181497.612,41391795.7597
327991,5429948.93992,14545374.403,10347948.9399
327992,5429948.93992,14545374.403,10347948.9399
327993,5429948.93992,14545374.403,10347948.9399
327999,5429948.93992,14545374.403,10347948.9399
331,238327945.776,1890240969.46,854808945.776
3313,238327945.776,1890240969.46,854808945.776
33131,238327945.776,1890240969.46,854808945.776
331315,238327945.776,1890240969.46,854808945.776
332,523354936.317,2410151964.14,747321936.317
3322,523354936.317,2410151964.14,747321936.317
33221,523354936.317,2410151964.14,747321936.317
332215,523354936.317,2410151964.14,747321936.317
333,692092900.961,4355273944.22,870785900.961
3331,98870414.423,622181992.032,124397985.852
33311,32956804.8077,207393997.344,41465995.2839
333111,16478402.4038,103696998.672,20732997.6419
333112,16478402.4038,103696998.672,20732997.6419
33312,32956804.8077,207393997.344,41465995.2839
333120,32956804.8077,207393997.344,41465995.2839
33313,32956804.8077,207393997.344,41465995.2839
333131,16478402.4038,103696998.672,20732997.6419
333132,16478402.4038,103696998.672,20732997.6419
3332,98870414.423,622181992.032,124397985.852
33324,98870414.423,622181992.032,124397985.852
333241,19774082.8846,124436398.406,24879597.1703
333242,19774082.8846,124436398.406,24879597.1703
333243,19774082.8846,124436398.406,24879597.1703
333244,19774082.8846,124436398.406,24879597.1703
333249,19774082.8846,124436398.406,24879597.1703
3333,98870414.423,622181992.032,124397985.852
33331,98870414.423,622181992.032,124397985.852
333314,32956804.8077,207393997.344,41465995.2839
333316,32956804.8077,207393997.344,41465995.2839
333318,32956804.8077,207393997.344,41465995.2839
3334,98870414.423,622181992.032,124397985.852
33341,98870414.423,622181992.032,124397985.852
333413,32956804.8077,207393997.344,41465995.2839
333414,32956804.8077,207393997.344,41465995.2839
333415,32956804.8077,207393997.344,41465995.2839
3335,98870414.423,622181992.032,124397985.852
33351,98870414.423,622181992.032,124397985.852
333511,19774082.8846,124436398.406,24879597.1703
333514,19774082.8846,124436398.406,24879597.1703
333515,19774082.8846,124436398.406,24879597.1703
333517,19774082.8846,124436398.406,24879597.1703
333519,19774082.8846,124436398.406,24879597.1703
3336,98870414.423,622181992.032,124397985.852
33361,98870414.423,622181992.032,124397985.852
333611,24717603.6057,155545498.008,31099496.4629
333612,24717603.6057,155545498.008,31099496.4629
333613,24717603.6057,155545498.008,31099496.4629
333618,24717603.6057,155545498.008,31099496.4629
3339,98870414.423,622181992.032,124397985.852
33391,32956804.8077,207393997.344,41465995.2839
333911,10985601.6026,69131332.448,13821998.428
333912,10985601.6026,69131332.448,13821998.428
333913,10985601.6026,69131332.448,13821998.428
33392,32956804.8077,207393997.344,41465995.2839
333921,8239201.20192,51848499.336,10366498.821
333922,8239201.20192,51848499.336,10366498.821
333923,8239201.20192,51848499.336,10366498.821
333924,8239201.20192,51848499.336,10366498.821
33399,32956804.8077,207393997.344,41465995.2839
333991,4119600.60096,25924249.668,5183249.41048
333992,4119600.60096,25924249.668,5183249.41048
333993,4119600.60096,25924249.668,5183249.41048
333994,4119600.60096,25924249.668,5183249.41048
333995,4119600.60096,25924249.668,5183249.41048
333996,4119600.60096,25924249.668,5183249.41048
333997,4119600.60096,25924249.668,5183249.41048
333999,4119600.60096,25924249.668,5183249.41048
334,481069785.11,2488635878.98,1461262785.11
3341,80178297.5184,414772646.497,243543797.518
33411,80178297.5184,414772646.497,243543797.518
334111,26726099.1728,138257548.832,81181265.8395
334112,26726099.1728,138257548.832,81181265.8395
334118,26726099.1728,138257548.832,81181265.8395
3342,80178297.5184,414772646.497,243543797.518
33421,26726099.1728,138257548.832,81181265.8395
334210,26726099.1728,138257548.832,81181265.8395
33422,26726099.1728,138257548.832,81181265.8395
334220,26726099.1728,138257548.832,81181265.8395
33429,26726099.1728,138257548.832,81181265.8395
334290,26726099.1728,138257548.832,81181265.8395
3343,80178297.5184,414772646.497,243543797.518
33431,80178297.5184,414772646.497,243543797.518
334310,80178297.5184,414772646.497,243543797.518
3344,80178297.5184,414772646.497,243543797.518
33441,80178297.5184,414772646.497,243543797.518
334412,13363049.5864,69128774.4161,40590632.9197
334413,13363049.5864,69128774.4161,40590632.9197
334416,13363049.5864,69128774.4161,40590632.9197
334417,13363049.5864,69128774.4161,40590632.9197
334418,13363049.5864,69128774.4161,40590632.9197
334419,13363049.5864,69128774.4161,40590632.9197
3345,80178297.5184,414772646.497,243543797.518
33451,80178297.5184,414772646.497,243543797.518
334510,8908699.72426,46085849.6107,27060421.9465
334511,8908699.72426,46085849.6107,27060421.9465
334512,8908699.72426,46085849.6107,27060421.9465
334513,8908699.72426,46085849.6107,27060421.9465
334514,8908699.72426,46085849.6107,27060421.9465
334515,8908699.72426,46085849.6107,27060421.9465
334516,8908699.72426,46085849.6107,27060421.9465
334517,8908699.72426,46085849.6107,27060421.9465
334519,8908699.72426,46085849.6107,27060421.9465
3346,80178297.5184,414772646.497,243543797.518
33461,80178297.5184,414772646.497,243543797.518
334613,40089148.7592,207386323.248,121771898.759
334614,40089148.7592,207386323.248,121771898.759
335,35068893.2712,878913939.893,144576893.271
3351,8767223.31779,219728484.973,36144223.3178
33511,4383611.65889,109864242.487,18072111.6589
335110,4383611.65889,109864242.487,18072111.6589
33512,4383611.65889,109864242.487,18072111.6589
335121,1461203.8863,36621414.1622,6024037.21963
335122,1461203.8863,36621414.1622,6024037.21963
335129,1461203.8863,36621414.1622,6024037.21963
3352,8767223.31779,219728484.973,36144223.3178
33521,4383611.65889,109864242.487,18072111.6589
335210,4383611.65889,109864242.487,18072111.6589
33522,4383611.65889,109864242.487,18072111.6589
335221,1095902.91472,27466060.6217,4518027.91472
335222,1095902.91472,27466060.6217,4518027.91472
335224,1095902.91472,27466060.6217,4518027.91472
335228,1095902.91472,27466060.6217,4518027.91472
3353,8767223.31779,219728484.973,36144223.3178
33531,8767223.31779,219728484.973,36144223.3178
335311,2191805.82945,54932121.2433,9036055.82945
335312,2191805.82945,54932121.2433,9036055.82945
335313,2191805.82945,54932121.2433,9036055.82945
335314,2191805.82945,54932121.2433,9036055.82945
3359,8767223.31779,219728484.973,36144223.3178
33591,2191805.82945,54932121.2433,9036055.82945
335911,1095902.91472,27466060.6217,4518027.91472
335912,1095902.91472,27466060.6217,4518027.91472
33592,2191805.82945,54932121.2433,9036055.82945
335921,1095902.91472,27466060.6217,4518027.91472
335929,1095902.91472,27466060.6217,4518027.91472
33593,2191805.82945,54932121.2433,9036055.82945
335931,1095902.91472,27466060.6217,4518027.91472
335932,1095902.91472,27466060.6217,4518027.91472
33599,2191805.82945,54932121.2433,9036055.82945
335991,1095902.91472,27466060.6217,4518027.91472
335999,1095902.91472,27466060.6217,4518027.91472
336,2027697811.3,4698868893.73,747837811.3
3361,289671115.9,671266984.819,106833973.043
33611,144835557.95,335633492.409,53416986.5214
336111,72417778.975,167816746.205,26708493.2607
336112,72417778.975,167816746.205,26708493.2607
33612,144835557.95,335633492.409,53416986.5214
336120,144835557.95,335633492.409,53416986.5214
3362,289671115.9,671266984.819,106833973.043
33621,289671115.9,671266984.819,106833973.043
336211,72417778.975,167816746.205,26708493.2607
336212,72417778.975,167816746.205,26708493.2607
336213,72417778.975,167816746.205,26708493.2607
336214,72417778.975,167816746.205,26708493.2607
3363,289671115.9,671266984.819,106833973.043
33631,36208889.4875,83908373.1023,13354246.6304
336310,36208889.4875,83908373.1023,13354246.6304
33632,36208889.4875,83908373.1023,13354246.6304
336320,36208889.4875,83908373.1023,13354246.6304
33633,36208889.4875,83908373.1023,13354246.6304
336330,36208889.4875,83908373.1023,13354246.6304
33634,36208889.4875,83908373.1023,13354246.6304
336340,36208889.4875,83908373.1023,13354246.6304
33635,36208889.4875,83908373.1023,13354246.6304
336350,36208889.4875,83908373.1023,13354246.6304
33636,36208889.4875,83908373.1023,13354246.6304
336360,36208889.4875,83908373.1023,13354246.6304
33637,36208889.4875,83908373.1023,13354246.6304
336370,36208889.4875,83908373.1023,13354246.6304
33639,36208889.4875,83908373.1023,13354246.6304
336390,36208889.4875,83908373.1023,13354246.6304
3364,289671115.9,671266984.819,106833973.043
33641,289671115.9,671266984.819,106833973.043
336411,48278519.3167,111877830.803,17805662.1738
336412,48278519.3167,111877830.803,17805662.1738
336413,48278519.3167,111877830.803,17805662.1738
336414,48278519.3167,111877830.803,17805662.1738
336415,48278519.3167,111877830.803,17805662.1738
336419,48278519.3167,111877830.803,17805662.1738
3365,289671115.9,671266984.819,106833973.043
33651,289671115.9,671266984.819,106833973.043
336510,289671115.9,671266984.819,106833973.043
3366,289671115.9,671266984.819,106833973.043
33661,289671115.9,671266984.819,106833973.043
336611,144835557.95,335633492.409,53416986.5214
336612,144835557.95,335633492.409,53416986.5214
3369,289671115.9,671266984.819,106833973.043
33699,289671115.9,671266984.819,106833973.043
336991,96557038.6333,223755661.606,35611324.3476
336992,96557038.6333,223755661.606,35611324.3476
336999,96557038.6333,223755661.606,35611324.3476
337,34449990.8,124995994.819,328055990.8
3371,11483330.2667,41665331.6063,109351996.933
33711,5741665.13334,20832665.8031,54675998.4667
337110,5741665.13334,20832665.8031,54675998.4667
33712,5741665.13334,20832665.8031,54675998.4667
337121,1148333.02667,4166533.16063,10935199.6933
337122,1148333.02667,4166533.16063,10935199.6933
337124,1148333.02667,4166533.16063,10935199.6933
337125,1148333.02667,4166533.16063,10935199.6933
337127,1148333.02667,4166533.16063,10935199.6933
3372,11483330.2667,41665331.6063,109351996.933
33721,11483330.2667,41665331.6063,109351996.933
337211,2870832.56667,10416332.9016,27337999.2333
337212,2870832.56667,10416332.9016,27337999.2333
337214,2870832.56667,10416332.9016,27337999.2333
337215,2870832.56667,10416332.9016,27337999.2333
3379,11483330.2667,41665331.6063,109351996.933
33791,5741665.13334,20832665.8031,54675998.4667
337910,5741665.13334,20832665.8031,54675998.4667
33792,5741665.13334,20832665.8031,54675998.4667
337920,5741665.13334,20832665.8031,54675998.4667
339,337205948.781,4467612971.16,1677737948.78
3391,168602974.391,2233806485.58,838868974.391
33911,168602974.391,2233806485.58,838868974.391
339112,33720594.8781,446761297.116,167773794.878
339113,33720594.8781,446761297.116,167773794.878
339114,33720594.8781,446761297.116,167773794.878
339115,33720594.8781,446761297.116,167773794.878
339116,33720594.8781,446761297.116,167773794.878
3399,168602974.391,2233806485.58,838868974.391
33991,28100495.7318,372301080.93,139811495.732
339910,28100495.7318,372301080.93,139811495.732
33992,28100495.7318,372301080.93,139811495.732
339920,28100495.7318,372301080.93,139811495.732
33993,28100495.7318,372301080.93,139811495.732
339930,28100495.7318,372301080.93,139811495.732
33994,28100495.7318,372301080.93,139811495.732
339940,28100495.7318,372301080.93,139811495.732
33995,28100495.7318,372301080.93,139811495.732
339950,28100495.7318,372301080.93,139811495.732
33999,28100495.7318,372301080.93,139811495.732
339991,4683415.9553,62050180.1549,23301915.9553
339992,4683415.9553,62050180.1549,23301915.9553
339993,4683415.9553,62050180.1549,23301915.9553
339994,4683415.9553,62050180.1549,23301915.9553
339995,4683415.9553,62050180.1549,23301915.9553
339999,4683415.9553,62050180.1549,23301915.9553
42,4022991049.96,25445105000.0,6592577049.96
423,1102604019.03,9854661000.0,3641874019.03
4231,122511557.67,1094962333.33,404652668.781
42311,30627889.4176,273740583.333,101163167.195
423110,30627889.4176,273740583.333,101163167.195
42312,30627889.4176,273740583.333,101163167.195
423120,30627889.4176,273740583.333,101163167.195
42313,30627889.4176,273740583.333,101163167.195
423130,30627889.4176,273740583.333,101163167.195
42314,30627889.4176,273740583.333,101163167.195
423140,30627889.4176,273740583.333,101163167.195
4232,122511557.67,1094962333.33,404652668.781
42321,61255778.8351,547481166.667,202326334.391
423210,61255778.8351,547481166.667,202326334.391
42322,61255778.8351,547481166.667,202326334.391
423220,61255778.8351,547481166.667,202326334.391
4233,122511557.67,1094962333.33,404652668.781
42331,30627889.4176,273740583.333,101163167.195
423310,30627889.4176,273740583.333,101163167.195
42332,30627889.4176,273740583.333,101163167.195
423320,30627889.4176,273740583.333,101163167.195
42333,30627889.4176,273740583.333,101163167.195
423330,30627889.4176,273740583.333,101163167.195
42339,30627889.4176,273740583.333,101163167.195
423390,30627889.4176,273740583.333,101163167.195
4234,122511557.67,1094962333.33,404652668.781
42341,17501651.0958,156423190.476,57807524.1116
423410,17501651.0958,156423190.476,57807524.1116
42342,17501651.0958,156423190.476,57807524.1116
423420,17501651.0958,156423190.476,57807524.1116
42343,17501651.0958,156423190.476,57807524.1116
423430,17501651.0958,156423190.476,57807524.1116
42344,17501651.0958,156423190.476,57807524.1116
423440,17501651.0958,156423190.476,57807524.1116
42345,17501651.0958,156423190.476,57807524.1116
423450,17501651.0958,156423190.476,57807524.1116
42346,17501651.0958,156423190.476,57807524.1116
423460,17501651.0958,156423190.476,57807524.1116
42349,17501651.0958,156423190.476,57807524.1116
423490,17501651.0958,156423190.476,57807524.1116
4235,122511557.67,1094962333.33,404652668.781
42351,61255778.8351,547481166.667,202326334.391
423510,61255778.8351,547481166.667,202326334.391
42352,61255778.8351,547481166.667,202326334.391
423520,61255778.8351,547481166.667,202326334.391
4236,122511557.67,1094962333.33,404652668.781
42361,40837185.8901,364987444.444,134884222.927
423610,40837185.8901,364987444.444,134884222.927
42362,40837185.8901,364987444.444,134884222.927
423620,40837185.8901,364987444.444,134884222.927
42369,40837185.8901,364987444.444,134884222.927
423690,40837185.8901,364987444.444,134884222.927
4237,122511557.67,1094962333.33,404652668.781
42371,30627889.4176,273740583.333,101163167.195
423710,30627889.4176,273740583.333,101163167.195
42372,30627889.4176,273740583.333,101163167.195
423720,30627889.4176,273740583.333,101163167.195
42373,30627889.4176,273740583.333,101163167.195
423730,30627889.4176,273740583.333,101163167.195
42374,30627889.4176,273740583.333,101163167.195
423740,30627889.4176,273740583.333,101163167.195
4238,122511557.67,1094962333.33,404652668.781
42381,20418592.945,182493722.222,67442111.4636
423810,20418592.945,182493722.222,67442111.4636
42382,20418592.945,182493722.222,67442111.4636
423820,20418592.945,182493722.222,67442111.4636
42383,20418592.945,182493722.222,67442111.4636
423830,20418592.945,182493722.222,67442111.4636
42384,20418592.945,182493722.222,67442111.4636
423840,20418592.945,182493722.222,67442111.4636
42385,20418592.945,182493722.222,67442111.4636
423850,20418592.945,182493722.222,67442111.4636
42386,20418592.945,182493722.222,67442111.4636
423860,20418592.945,182493722.222,67442111.4636
4239,122511557.67,1094962333.33,404652668.781
42391,24502311.5341,218992466.667,80930533.7563
423910,24502311.5341,218992466.667,80930533.7563
42392,24502311.5341,218992466.667,80930533.7563
423920,24502311.5341,218992466.667,80930533.7563
42393,24502311.5341,218992466.667,80930533.7563
423930,24502311.5341,218992466.667,80930533.7563
42394,24502311.5341,218992466.667,80930533.7563
423940,24502311.5341,218992466.667,80930533.7563
42399,24502311.5341,218992466.667,80930533.7563
423990,24502311.5341,218992466.667,80930533.7563
424,2878864030.86,14846422000.0,2932294030.86
4242,2878864030.86,14846422000.0,2932294030.86
42421,2878864030.86,14846422000.0,2932294030.86
424210,2878864030.86,14846422000.0,2932294030.86
425,41523000.066,744022000.0,18409000.066
4251,41523000.066,744022000.0,18409000.066
42511,20761500.033,372011000.0,9204500.03302
425110,20761500.033,372011000.0,9204500.03302
42512,20761500.033,372011000.0,9204500.03302
425120,20761500.033,372011000.0,9204500.03302
44.45,4176546046.64,15074676000.0,4760800046.64
441,584297130.494,3358753875.32,726867881.137
4411,194765710.165,1119584625.11,242289293.712
44111,97382855.0823,559792312.554,121144646.856
441110,97382855.0823,559792312.554,121144646.856
44112,97382855.0823,559792312.554,121144646.856
441120,97382855.0823,559792312.554,121144646.856
4412,194765710.165,1119584625.11,242289293.712
44121,97382855.0823,559792312.554,121144646.856
441210,97382855.0823,559792312.554,121144646.856
44122,97382855.0823,559792312.554,121144646.856
441222,48691427.5412,279896156.277,60572323.4281
441228,48691427.5412,279896156.277,60572323.4281
4413,194765710.165,1119584625.11,242289293.712
44131,97382855.0823,559792312.554,121144646.856
441310,97382855.0823,559792312.554,121144646.856
44132,97382855.0823,559792312.554,121144646.856
441320,97382855.0823,559792312.554,121144646.856
442,146205030.865,708973970.511,160657971.886
4421,73102515.4324,354486985.255,80328985.9431
44211,73102515.4324,354486985.255,80328985.9431
442110,73102515.4324,354486985.255,80328985.9431
4422,73102515.4324,354486985.255,80328985.9431
44221,36551257.7162,177243492.628,40164492.9715
442210,36551257.7162,177243492.628,40164492.9715
44229,36551257.7162,177243492.628,40164492.9715
442291,18275628.8581,88621746.3138,20082246.4858
442299,18275628.8581,88621746.3138,20082246.4858
443,24707022.7173,276534978.295,274373979.307
4431,24707022.7173,276534978.295,274373979.307
44314,24707022.7173,276534978.295,274373979.307
443141,12353511.3586,138267489.148,137186989.654
443142,12353511.3586,138267489.148,137186989.654
444,109759099.051,515978905.363,271637909.777
4441,109759099.051,515978905.363,271637909.777
44413,33220094.9624,156168084.314,82214934.6726
444130,33220094.9624,156168084.314,82214934.6726
44419,76539004.0884,359810821.05,189422975.105
444190,76539004.0884,359810821.05,189422975.105
445,1155485161.48,1982578845.72,665226852.915
4451,45595.9689125,78233.461086,26250.1535428
44511,22797.9844562,39116.730543,13125.0767714
445110,22797.9844562,39116.730543,13125.0767714
44512,22797.9844562,39116.730543,13125.0767714
445120,22797.9844562,39116.730543,13125.0767714
4452,45595.9689125,78233.461086,26250.1535428
44521,11398.9922281,19558.3652715,6562.53838571
445210,11398.9922281,19558.3652715,6562.53838571
44522,11398.9922281,19558.3652715,6562.53838571
445220,11398.9922281,19558.3652715,6562.53838571
44523,11398.9922281,19558.3652715,6562.53838571
445230,11398.9922281,19558.3652715,6562.53838571
44529,11398.9922281,19558.3652715,6562.53838571
445291,3799.66407604,6519.4550905,2187.51279524
445292,3799.66407604,6519.4550905,2187.51279524
445299,3799.66407604,6519.4550905,2187.51279524
4453,1155393969.54,1982422378.8,665174352.608
44531,1155393969.54,1982422378.8,665174352.608
445310,1155393969.54,1982422378.8,665174352.608
446,211271087.826,1253567916.09,374949920.002
4461,211271087.826,1253567916.09,374949920.002
44611,52817771.9565,313391979.022,93737480.0004
446110,52817771.9565,313391979.022,93737480.0004
44612,52817771.9565,313391979.022,93737480.0004
446120,52817771.9565,313391979.022,93737480.0004
44613,52817771.9565,313391979.022,93737480.0004
446130,52817771.9565,313391979.022,93737480.0004
44619,52817771.9565,313391979.022,93737480.0004
446191,26408885.9783,156695989.511,46868740.0002
446199,26408885.9783,156695989.511,46868740.0002
447,796739041.232,1416149960.61,370580962.443
4471,796739041.232,1416149960.61,370580962.443
44711,398369520.616,708074980.303,185290481.222
447110,398369520.616,708074980.303,185290481.222
44719,398369520.616,708074980.303,185290481.222
447190,398369520.616,708074980.303,185290481.222
448,179420094.15,820333910.045,557022914.241
4481,59806698.0501,273444636.682,185674304.747
44811,9967783.00834,45574106.1136,30945717.4578
448110,9967783.00834,45574106.1136,30945717.4578
44812,9967783.00834,45574106.1136,30945717.4578
448120,9967783.00834,45574106.1136,30945717.4578
44813,9967783.00834,45574106.1136,30945717.4578
448130,9967783.00834,45574106.1136,30945717.4578
44814,9967783.00834,45574106.1136,30945717.4578
448140,9967783.00834,45574106.1136,30945717.4578
44815,9967783.00834,45574106.1136,30945717.4578
448150,9967783.00834,45574106.1136,30945717.4578
44819,9967783.00834,45574106.1136,30945717.4578
448190,9967783.00834,45574106.1136,30945717.4578
4482,59806698.0501,273444636.682,185674304.747
44821,59806698.0501,273444636.682,185674304.747
448210,59806698.0501,273444636.682,185674304.747
4483,59806698.0501,273444636.682,185674304.747
44831,29903349.025,136722318.341,92837152.3735
448310,29903349.025,136722318.341,92837152.3735
44832,29903349.025,136722318.341,92837152.3735
448320,29903349.025,136722318.341,92837152.3735
451,172653030.957,451339970.423,339991971.802
4511,86326515.4784,225669985.211,169995985.901
45111,21581628.8696,56417496.3028,42498996.4753
451110,21581628.8696,56417496.3028,42498996.4753
45112,21581628.8696,56417496.3028,42498996.4753
451120,21581628.8696,56417496.3028,42498996.4753
45113,21581628.8696,56417496.3028,42498996.4753
451130,21581628.8696,56417496.3028,42498996.4753
45114,21581628.8696,56417496.3028,42498996.4753
451140,21581628.8696,56417496.3028,42498996.4753
4512,86326515.4784,225669985.211,169995985.901
45121,86326515.4784,225669985.211,169995985.901
451211,43163257.7392,112834992.606,84997992.9506
451212,43163257.7392,112834992.606,84997992.9506
452,146049248.352,652597762.715,8515773.78244
4521,73024624.1762,326298881.357,4257886.89122
45211,73024624.1762,326298881.357,4257886.89122
452111,36512312.0881,163149440.679,2128943.44561
452112,36512312.0881,163149440.679,2128943.44561
4529,73024624.1762,326298881.357,4257886.89122
45291,36512312.0881,163149440.679,2128943.44561
452910,36512312.0881,163149440.679,2128943.44561
45299,36512312.0881,163149440.679,2128943.44561
452990,36512312.0881,163149440.679,2128943.44561
453,221010038.637,1083129963.09,412481964.807
4531,55252509.6592,270782490.771,103120491.202
45311,55252509.6592,270782490.771,103120491.202
453110,55252509.6592,270782490.771,103120491.202
4532,55252509.6592,270782490.771,103120491.202
45321,27626254.8296,135391245.386,51560245.6009
453210,27626254.8296,135391245.386,51560245.6009
45322,27626254.8296,135391245.386,51560245.6009
453220,27626254.8296,135391245.386,51560245.6009
4533,55252509.6592,270782490.771,103120491.202
45331,55252509.6592,270782490.771,103120491.202
453310,55252509.6592,270782490.771,103120491.202
4539,55252509.6592,270782490.771,103120491.202
45391,13813127.4148,67695622.6928,25780122.8004
453910,13813127.4148,67695622.6928,25780122.8004
45392,13813127.4148,67695622.6928,25780122.8004
453920,13813127.4148,67695622.6928,25780122.8004
45393,13813127.4148,67695622.6928,25780122.8004
453930,13813127.4148,67695622.6928,25780122.8004
45399,13813127.4148,67695622.6928,25780122.8004
453991,6906563.7074,33847811.3464,12890061.4002
453998,6906563.7074,33847811.3464,12890061.4002
454,428950060.885,2554735941.83,598491944.542
4541,142983353.628,851578647.276,199497314.847
45411,142983353.628,851578647.276,199497314.847
454111,47661117.8761,283859549.092,66499104.9491
454112,47661117.8761,283859549.092,66499104.9491
454113,47661117.8761,283859549.092,66499104.9491
4542,142983353.628,851578647.276,199497314.847
45421,142983353.628,851578647.276,199497314.847
454210,142983353.628,851578647.276,199497314.847
4543,142983353.628,851578647.276,199497314.847
45431,71491676.8141,425789323.638,99748657.4237
454310,71491676.8141,425789323.638,99748657.4237
45439,71491676.8141,425789323.638,99748657.4237
454390,71491676.8141,425789323.638,99748657.4237
48.49,17999347021.5,16614133000.0,9295409021.5
481,582043010.386,280148500.0,768490027.361
4811,291021505.193,140074250.0,384245013.681
48111,291021505.193,140074250.0,384245013.681
481111,145510752.597,70037125.0,192122506.84
481112,145510752.597,70037125.0,192122506.84
4812,291021505.193,140074250.0,384245013.681
48121,291021505.193,140074250.0,384245013.681
481211,97007168.3977,46691416.6667,128081671.227
481212,97007168.3977,46691416.6667,128081671.227
481219,97007168.3977,46691416.6667,128081671.227
482,582043000.0,280148500.0,768490500.0
4821,582043000.0,280148500.0,768490500.0
48211,582043000.0,280148500.0,768490500.0
482111,291021500.0,140074250.0,384245250.0
482112,291021500.0,140074250.0,384245250.0
483,591524000.0,840899000.0,613988000.0
4831,295762000.0,420449500.0,306994000.0
48311,295762000.0,420449500.0,306994000.0
483111,73940500.0,105112375.0,76748500.0
483112,73940500.0,105112375.0,76748500.0
483113,73940500.0,105112375.0,76748500.0
483114,73940500.0,105112375.0,76748500.0
4832,295762000.0,420449500.0,306994000.0
48321,295762000.0,420449500.0,306994000.0
483211,147881000.0,210224750.0,153497000.0
483212,147881000.0,210224750.0,153497000.0
484,1423298004.09,1535477000.0,741646813.814
4841,711649002.046,767738500.0,370823406.907
48411,355824501.023,383869250.0,185411703.454
484110,355824501.023,383869250.0,185411703.454
48412,355824501.023,383869250.0,185411703.454
484121,177912250.511,191934625.0,92705851.7268
484122,177912250.511,191934625.0,92705851.7268
4842,711649002.046,767738500.0,370823406.907
48421,237216334.015,255912833.333,123607802.302
484210,237216334.015,255912833.333,123607802.302
48422,237216334.015,255912833.333,123607802.302
484220,237216334.015,255912833.333,123607802.302
48423,237216334.015,255912833.333,123607802.302
484230,237216334.015,255912833.333,123607802.302
485,170258000.543,165582000.0,141298975.294
4851,28376333.4238,27597000.0,23549829.2157
48511,28376333.4238,27597000.0,23549829.2157
485111,7094083.35595,6899250.0,5887457.30393
485112,7094083.35595,6899250.0,5887457.30393
485113,7094083.35595,6899250.0,5887457.30393
485119,7094083.35595,6899250.0,5887457.30393
4852,28376333.4238,27597000.0,23549829.2157
48521,28376333.4238,27597000.0,23549829.2157
485210,28376333.4238,27597000.0,23549829.2157
4853,28376333.4238,27597000.0,23549829.2157
48531,14188166.7119,13798500.0,11774914.6079
485310,14188166.7119,13798500.0,11774914.6079
48532,14188166.7119,13798500.0,11774914.6079
485320,14188166.7119,13798500.0,11774914.6079
4854,28376333.4238,27597000.0,23549829.2157
48541,28376333.4238,27597000.0,23549829.2157
485410,28376333.4238,27597000.0,23549829.2157
4855,28376333.4238,27597000.0,23549829.2157
48551,28376333.4238,27597000.0,23549829.2157
485510,28376333.4238,27597000.0,23549829.2157
4859,28376333.4238,27597000.0,23549829.2157
48599,28376333.4238,27597000.0,23549829.2157
485991,14188166.7119,13798500.0,11774914.6079
485999,14188166.7119,13798500.0,11774914.6079
486,13638533001.7,9732131000.0,4767918920.47
4861,4546177667.25,3244043666.67,1589306306.82
48611,4546177667.25,3244043666.67,1589306306.82
486110,4546177667.25,3244043666.67,1589306306.82
4862,4546177667.25,3244043666.67,1589306306.82
48621,4546177667.25,3244043666.67,1589306306.82
486210,4546177667.25,3244043666.67,1589306306.82
4869,4546177667.25,3244043666.67,1589306306.82
48691,2273088833.62,1622021833.33,794653153.411
486910,2273088833.62,1622021833.33,794653153.411
48699,2273088833.62,1622021833.33,794653153.411
486990,2273088833.62,1622021833.33,794653153.411
487,18448003.9334,45809000.0,-178.994177581
4871,6149334.64448,15269666.6667,-59.6647258604
48711,6149334.64448,15269666.6667,-59.6647258604
487110,6149334.64448,15269666.6667,-59.6647258604
4872,6149334.64448,15269666.6667,-59.6647258604
48721,6149334.64448,15269666.6667,-59.6647258604
487210,6149334.64448,15269666.6667,-59.6647258604
4879,6149334.64448,15269666.6667,-59.6647258604
48799,6149334.64448,15269666.6667,-59.6647258604
487990,6149334.64448,15269666.6667,-59.6647258604
488,628372000.0,2278119000.0,1373938000.0
4881,104728666.667,379686500.0,228989666.667
48811,52364333.3333,189843250.0,114494833.333
488111,26182166.6667,94921625.0,57247416.6667
488119,26182166.6667,94921625.0,57247416.6667
48819,52364333.3333,189843250.0,114494833.333
488190,52364333.3333,189843250.0,114494833.333
4882,104728666.667,379686500.0,228989666.667
48821,104728666.667,379686500.0,228989666.667
488210,104728666.667,379686500.0,228989666.667
4883,104728666.667,379686500.0,228989666.667
48831,26182166.6667,94921625.0,57247416.6667
488310,26182166.6667,94921625.0,57247416.6667
48832,26182166.6667,94921625.0,57247416.6667
488320,26182166.6667,94921625.0,57247416.6667
48833,26182166.6667,94921625.0,57247416.6667
488330,26182166.6667,94921625.0,57247416.6667
48839,26182166.6667,94921625.0,57247416.6667
488390,26182166.6667,94921625.0,57247416.6667
4884,104728666.667,379686500.0,228989666.667
48841,52364333.3333,189843250.0,114494833.333
488410,52364333.3333,189843250.0,114494833.333
48849,52364333.3333,189843250.0,114494833.333
488490,52364333.3333,189843250.0,114494833.333
4885,104728666.667,379686500.0,228989666.667
48851,104728666.667,379686500.0,228989666.667
488510,104728666.667,379686500.0,228989666.667
4889,104728666.667,379686500.0,228989666.667
48899,104728666.667,379686500.0,228989666.667
488991,52364333.3333,189843250.0,114494833.333
488999,52364333.3333,189843250.0,114494833.333
492,1170000.0,48533000.0,1578000.0
4921,585000.0,24266500.0,789000.0
49211,585000.0,24266500.0,789000.0
492110,585000.0,24266500.0,789000.0
4922,585000.0,24266500.0,789000.0
49221,585000.0,24266500.0,789000.0
492210,585000.0,24266500.0,789000.0
493,363658000.801,1407286000.0,118059963.558
4931,363658000.801,1407286000.0,118059963.558
49311,90914500.2002,351821500.0,29514990.8896
493110,90914500.2002,351821500.0,29514990.8896
49312,90914500.2002,351821500.0,29514990.8896
493120,90914500.2002,351821500.0,29514990.8896
49313,90914500.2002,351821500.0,29514990.8896
493130,90914500.2002,351821500.0,29514990.8896
49319,90914500.2002,351821500.0,29514990.8896
493190,90914500.2002,351821500.0,29514990.8896
51,21774165057.2,64115284000.0,14222472057.2
511,258834582.368,2130168000.0,1032679227.27
5111,54933496.3931,452094055.88,219169633.7
51111,23225290.1461,191140493.698,92662558.6959
511110,23225290.1461,191140493.698,92662558.6959
51112,14813977.0104,121916706.383,59103718.6451
511120,14813977.0104,121916706.383,59103718.6451
51113,16894229.2366,139036855.799,67403356.3588
511130,16894229.2366,139036855.799,67403356.3588
5112,203901085.975,1678073944.12,813509593.569
51121,203901085.975,1678073944.12,813509593.569
511210,203901085.975,1678073944.12,813509593.569
512,365147824.646,2727163000.0,2919792095.43
5121,182573912.323,1363581500.0,1459896047.71
51211,45643478.0807,340895375.0,364974011.928
512110,45643478.0807,340895375.0,364974011.928
51212,45643478.0807,340895375.0,364974011.928
512120,45643478.0807,340895375.0,364974011.928
51213,45643478.0807,340895375.0,364974011.928
512131,22821739.0404,170447687.5,182487005.964
512132,22821739.0404,170447687.5,182487005.964
51219,45643478.0807,340895375.0,364974011.928
512191,22821739.0404,170447687.5,182487005.964
512199,22821739.0404,170447687.5,182487005.964
5122,182573912.323,1363581500.0,1459896047.71
51221,36514782.4646,272716300.0,291979209.543
512210,36514782.4646,272716300.0,291979209.543
51222,36514782.4646,272716300.0,291979209.543
512220,36514782.4646,272716300.0,291979209.543
51223,36514782.4646,272716300.0,291979209.543
512230,36514782.4646,272716300.0,291979209.543
51224,36514782.4646,272716300.0,291979209.543
512240,36514782.4646,272716300.0,291979209.543
51229,36514782.4646,272716300.0,291979209.543
512290,36514782.4646,272716300.0,291979209.543
515,3518389857.91,10537511000.0,2317799077.32
5151,1759194928.95,5268755500.0,1158899538.66
51511,879597464.477,2634377750.0,579449769.331
515111,439798732.238,1317188875.0,289724884.666
515112,439798732.238,1317188875.0,289724884.666
51512,879597464.477,2634377750.0,579449769.331
515120,879597464.477,2634377750.0,579449769.331
5152,1759194928.95,5268755500.0,1158899538.66
51521,1759194928.95,5268755500.0,1158899538.66
515210,1759194928.95,5268755500.0,1158899538.66
517,17119129951.3,43175161000.0,6117079570.66
5171,4279782487.84,10793790250.0,1529269892.67
51711,4279782487.84,10793790250.0,1529269892.67
517110,4279782487.84,10793790250.0,1529269892.67
5172,4279782487.84,10793790250.0,1529269892.67
51721,4279782487.84,10793790250.0,1529269892.67
517210,4279782487.84,10793790250.0,1529269892.67
5174,4279782487.84,10793790250.0,1529269892.67
51741,4279782487.84,10793790250.0,1529269892.67
517410,4279782487.84,10793790250.0,1529269892.67
5179,4279782487.84,10793790250.0,1529269892.67
51791,4279782487.84,10793790250.0,1529269892.67
517911,2139891243.92,5396895125.0,764634946.333
517919,2139891243.92,5396895125.0,764634946.333
518,173350944.13,768994000.0,830537030.403
5182,173350944.13,768994000.0,830537030.403
51821,173350944.13,768994000.0,830537030.403
518210,173350944.13,768994000.0,830537030.403
519,339311896.835,4776287000.0,1004585056.14
5191,339311896.835,4776287000.0,1004585056.14
51911,84827974.2086,1194071750.0,251146264.035
519110,84827974.2086,1194071750.0,251146264.035
51912,84827974.2086,1194071750.0,251146264.035
519120,84827974.2086,1194071750.0,251146264.035
51913,84827974.2086,1194071750.0,251146264.035
519130,84827974.2086,1194071750.0,251146264.035
51919,84827974.2086,1194071750.0,251146264.035
519190,84827974.2086,1194071750.0,251146264.035
52,3441345359.96,378963472000.0,43556712360.0
521,4.88663414124,-13.5755680745,4.88663412829
5211,4.88663414124,-13.5755680745,4.88663412829
52111,4.88663414124,-13.5755680745,4.88663412829
521110,4.88663414124,-13.5755680745,4.88663412829
522,537203009.032,19080324974.9,2003988009.03
5221,3411009.39649,330220973.896,618009.396494
52211,3411009.39649,330220973.896,618009.396494
522110,3411009.39649,330220973.896,618009.396494
5222,314971999.636,16235684001.0,1489586999.64
52229,314971999.636,16235684001.0,1489586999.64
522292,314971999.636,16235684001.0,1489586999.64
5223,218820000.0,2514420000.0,513783000.0
52231,72940000.0,838140000.0,171261000.0
522310,72940000.0,838140000.0,171261000.0
52232,72940000.0,838140000.0,171261000.0
522320,72940000.0,838140000.0,171261000.0
52239,72940000.0,838140000.0,171261000.0
522390,72940000.0,838140000.0,171261000.0
523,2633538017.09,308530311953.0,36592949017.1
5231,602394017.095,10338766952.5,5203219017.09
52311,447264847.878,7676316326.25,3863280338.31
523110,447264847.878,7676316326.25,3863280338.31
52312,155129169.217,2662450626.26,1339938678.79
523120,155129169.217,2662450626.26,1339938678.79
5239,2031144000.0,298191545000.0,31389730000.0
52391,507786000.0,74547886250.0,7847432500.0
523910,507786000.0,74547886250.0,7847432500.0
52392,507786000.0,74547886250.0,7847432500.0
523920,507786000.0,74547886250.0,7847432500.0
52393,507786000.0,74547886250.0,7847432500.0
523930,507786000.0,74547886250.0,7847432500.0
52399,507786000.0,74547886250.0,7847432500.0
523991,253893000.0,37273943125.0,3923716250.0
523999,253893000.0,37273943125.0,3923716250.0
524,132227046.785,3490405870.03,755824046.785
5242,132227046.785,3490405870.03,755824046.785
52421,132227046.785,3490405870.03,755824046.785
524210,132227046.785,3490405870.03,755824046.785
525,138377282.159,47862429216.1,4203951282.16
5251,13258.6596239,4585952.60616,402802.817457
52511,4419.55320798,1528650.86872,134267.605819
525110,4419.55320798,1528650.86872,134267.605819
52512,4419.55320798,1528650.86872,134267.605819
525120,4419.55320798,1528650.86872,134267.605819
52519,4419.55320798,1528650.86872,134267.605819
525190,4419.55320798,1528650.86872,134267.605819
5259,138364023.499,47857843263.5,4203548479.34
52591,138355184.393,47854785961.8,4203279944.13
525910,138355184.393,47854785961.8,4203279944.13
52592,4419.55320798,1528650.86872,134267.605819
525920,4419.55320798,1528650.86872,134267.605819
52599,4419.55320798,1528650.86872,134267.605819
525990,4419.55320798,1528650.86872,134267.605819
53,10386400042.7,171770447000.0,104904653043.0
531,2547152035.74,156541273836.0,100155899036.0
5311,1334386000.0,119248743000.0,68074240000.0
53111,284531000.0,27117639000.0,36476839000.0
531110,284531000.0,27117639000.0,36476839000.0
53112,756001000.0,82060048000.0,28946165000.0
531120,756001000.0,82060048000.0,28946165000.0
53113,66022000.0,2465255000.0,222459000.0
531130,66022000.0,2465255000.0,222459000.0
53119,227832000.0,7605801000.0,2428777000.0
531190,227832000.0,7605801000.0,2428777000.0
5312,1212766035.74,37292530836.3,32081659035.7
53121,1212766035.74,37292530836.3,32081659035.7
531210,1212766035.74,37292530836.3,32081659035.7
532,7718748006.52,6846508152.52,4507877006.52
5321,1929687001.63,1711627038.13,1126969251.63
53211,964843500.815,855813519.065,563484625.815
532111,482421750.407,427906759.532,281742312.907
532112,482421750.407,427906759.532,281742312.907
53212,964843500.815,855813519.065,563484625.815
532120,964843500.815,855813519.065,563484625.815
5322,1929687001.63,1711627038.13,1126969251.63
53221,482421750.407,427906759.532,281742312.907
532210,482421750.407,427906759.532,281742312.907
53222,482421750.407,427906759.532,281742312.907
532220,482421750.407,427906759.532,281742312.907
53223,482421750.407,427906759.532,281742312.907
532230,482421750.407,427906759.532,281742312.907
53229,482421750.407,427906759.532,281742312.907
532291,160807250.136,142635586.511,93914104.3025
532292,160807250.136,142635586.511,93914104.3025
532299,160807250.136,142635586.511,93914104.3025
5323,1929687001.63,1711627038.13,1126969251.63
53231,1929687001.63,1711627038.13,1126969251.63
532310,1929687001.63,1711627038.13,1126969251.63
5324,1929687001.63,1711627038.13,1126969251.63
53241,643229000.543,570542346.043,375656417.21
532411,321614500.272,285271173.022,187828208.605
532412,321614500.272,285271173.022,187828208.605
53242,643229000.543,570542346.043,375656417.21
532420,643229000.543,570542346.043,375656417.21
53249,643229000.543,570542346.043,375656417.21
532490,643229000.543,570542346.043,375656417.21
533,120500000.478,8382665011.18,240877000.478
5331,120500000.478,8382665011.18,240877000.478
53311,120500000.478,8382665011.18,240877000.478
533110,120500000.478,8382665011.18,240877000.478
54,4148261014.46,99467004000.0,8291577014.46
541,4148261014.46,99467004000.0,8291577014.46
5411,1016150668.27,51458701888.9,-327125887.282
54111,338716889.425,17152900629.6,-109041962.427
541110,338716889.425,17152900629.6,-109041962.427
54112,338716889.425,17152900629.6,-109041962.427
541120,338716889.425,17152900629.6,-109041962.427
54119,338716889.425,17152900629.6,-109041962.427
541191,169358444.712,8576450314.81,-54520981.2136
541199,169358444.712,8576450314.81,-54520981.2136
5412,382094668.274,14440981888.9,-440261887.282
54121,382094668.274,14440981888.9,-440261887.282
541211,95523667.0684,3610245472.22,-110065471.82
541213,95523667.0684,3610245472.22,-110065471.82
541214,95523667.0684,3610245472.22,-110065471.82
541219,95523667.0684,3610245472.22,-110065471.82
5413,96874668.2737,961556888.889,-161895887.282
54131,12109333.5342,120194611.111,-20236985.9102
541310,12109333.5342,120194611.111,-20236985.9102
54132,12109333.5342,120194611.111,-20236985.9102
541320,12109333.5342,120194611.111,-20236985.9102
54133,12109333.5342,120194611.111,-20236985.9102
541330,12109333.5342,120194611.111,-20236985.9102
54134,12109333.5342,120194611.111,-20236985.9102
541340,12109333.5342,120194611.111,-20236985.9102
54135,12109333.5342,120194611.111,-20236985.9102
541350,12109333.5342,120194611.111,-20236985.9102
54136,12109333.5342,120194611.111,-20236985.9102
541360,12109333.5342,120194611.111,-20236985.9102
54137,12109333.5342,120194611.111,-20236985.9102
541370,12109333.5342,120194611.111,-20236985.9102
54138,12109333.5342,120194611.111,-20236985.9102
541380,12109333.5342,120194611.111,-20236985.9102
5414,-148152331.726,-1973427111.11,-527000887.282
54141,-37038082.9316,-493356777.778,-131750221.82
541410,-37038082.9316,-493356777.778,-131750221.82
54142,-37038082.9316,-493356777.778,-131750221.82
541420,-37038082.9316,-493356777.778,-131750221.82
54143,-37038082.9316,-493356777.778,-131750221.82
541430,-37038082.9316,-493356777.778,-131750221.82
54149,-37038082.9316,-493356777.778,-131750221.82
541490,-37038082.9316,-493356777.778,-131750221.82
5415,254156668.274,1340500888.89,707769112.718
54151,254156668.274,1340500888.89,707769112.718
541511,63539167.0684,335125222.222,176942278.18
541512,63539167.0684,335125222.222,176942278.18
541513,63539167.0684,335125222.222,176942278.18
541519,63539167.0684,335125222.222,176942278.18
5416,1354871668.27,18148868222.2,3332324779.38
54161,451623889.425,6049622740.74,1110774926.46
541611,90324777.8849,1209924548.15,222154985.292
541612,90324777.8849,1209924548.15,222154985.292
541613,90324777.8849,1209924548.15,222154985.292
541614,90324777.8849,1209924548.15,222154985.292
541618,90324777.8849,1209924548.15,222154985.292
54162,451623889.425,6049622740.74,1110774926.46
541620,451623889.425,6049622740.74,1110774926.46
54169,451623889.425,6049622740.74,1110774926.46
541690,451623889.425,6049622740.74,1110774926.46
5417,-181938331.726,-2374192111.11,-645720887.282
54171,-90969165.8631,-1187096055.56,-322860443.641
541711,-45484582.9316,-593548027.778,-161430221.82
541712,-45484582.9316,-593548027.778,-161430221.82
54172,-90969165.8631,-1187096055.56,-322860443.641
541720,-90969165.8631,-1187096055.56,-322860443.641
5418,568246668.274,7132005222.22,1901688779.38
54181,71030833.5342,891500652.778,237711097.423
541810,71030833.5342,891500652.778,237711097.423
54182,71030833.5342,891500652.778,237711097.423
541820,71030833.5342,891500652.778,237711097.423
54183,71030833.5342,891500652.778,237711097.423
541830,71030833.5342,891500652.778,237711097.423
54184,71030833.5342,891500652.778,237711097.423
541840,71030833.5342,891500652.778,237711097.423
54185,71030833.5342,891500652.778,237711097.423
541850,71030833.5342,891500652.778,237711097.423
54186,71030833.5342,891500652.778,237711097.423
541860,71030833.5342,891500652.778,237711097.423
54187,71030833.5342,891500652.778,237711097.423
541870,71030833.5342,891500652.778,237711097.423
54189,71030833.5342,891500652.778,237711097.423
541890,71030833.5342,891500652.778,237711097.423
5419,805956668.274,10332008222.2,4451799779.38
54191,161191333.655,2066401644.44,890359955.877
541910,161191333.655,2066401644.44,890359955.877
54192,161191333.655,2066401644.44,890359955.877
541921,80595666.8274,1033200822.22,445179977.938
541922,80595666.8274,1033200822.22,445179977.938
54193,161191333.655,2066401644.44,890359955.877
541930,161191333.655,2066401644.44,890359955.877
54194,161191333.655,2066401644.44,890359955.877
541940,161191333.655,2066401644.44,890359955.877
54199,161191333.655,2066401644.44,890359955.877
541990,161191333.655,2066401644.44,890359955.877
55,496732060.435,32106410000.0,8442279060.44
551,496732060.435,32106410000.0,8442279060.44
5511,496732060.435,32106410000.0,8442279060.44
55111,496732060.435,32106410000.0,8442279060.44
551111,433177038.949,27998514134.3,7362120822.59
551112,63555021.4867,4107895865.67,1080158237.85
56,1550937007.55,9222194000.0,4608020007.55
561,996674004.711,8303261376.06,3863245004.71
5611,124584250.589,1037907672.01,482905625.589
56111,124584250.589,1037907672.01,482905625.589
561110,124584250.589,1037907672.01,482905625.589
5612,124584250.589,1037907672.01,482905625.589
56121,124584250.589,1037907672.01,482905625.589
561210,124584250.589,1037907672.01,482905625.589
5613,124584250.589,1037907672.01,482905625.589
56131,41528083.5296,345969224.002,160968541.863
561311,20764041.7648,172984612.001,80484270.9315
561312,20764041.7648,172984612.001,80484270.9315
56132,41528083.5296,345969224.002,160968541.863
561320,41528083.5296,345969224.002,160968541.863
56133,41528083.5296,345969224.002,160968541.863
561330,41528083.5296,345969224.002,160968541.863
5614,124584250.589,1037907672.01,482905625.589
56141,20764041.7648,172984612.001,80484270.9315
561410,20764041.7648,172984612.001,80484270.9315
56142,20764041.7648,172984612.001,80484270.9315
561421,10382020.8824,86492306.0006,40242135.4657
561422,10382020.8824,86492306.0006,40242135.4657
56143,20764041.7648,172984612.001,80484270.9315
561431,10382020.8824,86492306.0006,40242135.4657
561439,10382020.8824,86492306.0006,40242135.4657
56144,20764041.7648,172984612.001,80484270.9315
561440,20764041.7648,172984612.001,80484270.9315
56145,20764041.7648,172984612.001,80484270.9315
561450,20764041.7648,172984612.001,80484270.9315
56149,20764041.7648,172984612.001,80484270.9315
561491,6921347.25493,57661537.3337,26828090.3105
561492,6921347.25493,57661537.3337,26828090.3105
561499,6921347.25493,57661537.3337,26828090.3105
5615,124584250.589,1037907672.01,482905625.589
56151,41528083.5296,345969224.002,160968541.863
561510,41528083.5296,345969224.002,160968541.863
56152,41528083.5296,345969224.002,160968541.863
561520,41528083.5296,345969224.002,160968541.863
56159,41528083.5296,345969224.002,160968541.863
561591,20764041.7648,172984612.001,80484270.9315
561599,20764041.7648,172984612.001,80484270.9315
5616,124584250.589,1037907672.01,482905625.589
56161,62292125.2944,518953836.004,241452812.794
561611,20764041.7648,172984612.001,80484270.9315
561612,20764041.7648,172984612.001,80484270.9315
561613,20764041.7648,172984612.001,80484270.9315
56162,62292125.2944,518953836.004,241452812.794
561621,31146062.6472,259476918.002,120726406.397
561622,31146062.6472,259476918.002,120726406.397
5617,124584250.589,1037907672.01,482905625.589
56171,24916850.1178,207581534.401,96581125.1178
561710,24916850.1178,207581534.401,96581125.1178
56172,24916850.1178,207581534.401,96581125.1178
561720,24916850.1178,207581534.401,96581125.1178
56173,24916850.1178,207581534.401,96581125.1178
561730,24916850.1178,207581534.401,96581125.1178
56174,24916850.1178,207581534.401,96581125.1178
561740,24916850.1178,207581534.401,96581125.1178
56179,24916850.1178,207581534.401,96581125.1178
561790,24916850.1178,207581534.401,96581125.1178
5619,124584250.589,1037907672.01,482905625.589
56191,41528083.5296,345969224.002,160968541.863
561910,41528083.5296,345969224.002,160968541.863
56192,41528083.5296,345969224.002,160968541.863
561920,41528083.5296,345969224.002,160968541.863
56199,41528083.5296,345969224.002,160968541.863
561990,41528083.5296,345969224.002,160968541.863
562,554263002.839,918932623.942,744775002.839
5621,184754334.28,306310874.647,248258334.28
56211,184754334.28,306310874.647,248258334.28
562111,61584778.0932,102103624.882,82752778.0932
562112,61584778.0932,102103624.882,82752778.0932
562119,61584778.0932,102103624.882,82752778.0932
5622,184754334.28,306310874.647,248258334.28
56221,184754334.28,306310874.647,248258334.28
562211,46188583.5699,76577718.6619,62064583.5699
562212,46188583.5699,76577718.6619,62064583.5699
562213,46188583.5699,76577718.6619,62064583.5699
562219,46188583.5699,76577718.6619,62064583.5699
5629,184754334.28,306310874.647,248258334.28
56291,61584778.0932,102103624.882,82752778.0932
562910,61584778.0932,102103624.882,82752778.0932
56292,61584778.0932,102103624.882,82752778.0932
562920,61584778.0932,102103624.882,82752778.0932
56299,61584778.0932,102103624.882,82752778.0932
562991,30792389.0466,51051812.4412,41376389.0466
562998,30792389.0466,51051812.4412,41376389.0466
61,128478000.969,982016000.0,302767000.969
611,128478000.969,982016000.0,302767000.969
6111,18354000.1385,140288000.0,43252428.7099
61111,18354000.1385,140288000.0,43252428.7099
611110,18354000.1385,140288000.0,43252428.7099
6112,18354000.1385,140288000.0,43252428.7099
61121,18354000.1385,140288000.0,43252428.7099
611210,18354000.1385,140288000.0,43252428.7099
6113,18354000.1385,140288000.0,43252428.7099
61131,18354000.1385,140288000.0,43252428.7099
611310,18354000.1385,140288000.0,43252428.7099
6114,18354000.1385,140288000.0,43252428.7099
61141,6118000.04617,46762666.6667,14417476.2366
611410,6118000.04617,46762666.6667,14417476.2366
61142,6118000.04617,46762666.6667,14417476.2366
611420,6118000.04617,46762666.6667,14417476.2366
61143,6118000.04617,46762666.6667,14417476.2366
611430,6118000.04617,46762666.6667,14417476.2366
6115,18354000.1385,140288000.0,43252428.7099
61151,18354000.1385,140288000.0,43252428.7099
611511,4588500.03462,35072000.0,10813107.1775
611512,4588500.03462,35072000.0,10813107.1775
611513,4588500.03462,35072000.0,10813107.1775
611519,4588500.03462,35072000.0,10813107.1775
6116,18354000.1385,140288000.0,43252428.7099
61161,4588500.03462,35072000.0,10813107.1775
611610,4588500.03462,35072000.0,10813107.1775
61162,4588500.03462,35072000.0,10813107.1775
611620,4588500.03462,35072000.0,10813107.1775
61163,4588500.03462,35072000.0,10813107.1775
611630,4588500.03462,35072000.0,10813107.1775
61169,4588500.03462,35072000.0,10813107.1775
611691,1529500.01154,11690666.6667,3604369.05916
611692,1529500.01154,11690666.6667,3604369.05916
611699,1529500.01154,11690666.6667,3604369.05916
6117,18354000.1385,140288000.0,43252428.7099
61171,18354000.1385,140288000.0,43252428.7099
611710,18354000.1385,140288000.0,43252428.7099
62,5088240007.95,37646388000.0,4742331007.95
621,2009716007.95,28393553000.0,1984624007.95
6211,281401500.0,7890920500.0,182692500.0
62111,281401500.0,7890920500.0,182692500.0
621111,140700750.0,3945460250.0,91346250.0
621112,140700750.0,3945460250.0,91346250.0
6212,281400507.948,7890919500.0,182693507.948
62121,281400507.948,7890919500.0,182693507.948
621210,281400507.948,7890919500.0,182693507.948
6213,50655000.0,1466808000.0,190003000.0
62131,10131000.0,293361600.0,38000600.0
621310,10131000.0,293361600.0,38000600.0
62132,10131000.0,293361600.0,38000600.0
621320,10131000.0,293361600.0,38000600.0
62133,10131000.0,293361600.0,38000600.0
621330,10131000.0,293361600.0,38000600.0
62134,10131000.0,293361600.0,38000600.0
621340,10131000.0,293361600.0,38000600.0
62139,10131000.0,293361600.0,38000600.0
621391,5065500.0,146680800.0,19000300.0
621399,5065500.0,146680800.0,19000300.0
6214,692091000.0,7726341000.0,734394000.0
62141,230697000.0,2575447000.0,244798000.0
621410,230697000.0,2575447000.0,244798000.0
62142,230697000.0,2575447000.0,244798000.0
621420,230697000.0,2575447000.0,244798000.0
62149,230697000.0,2575447000.0,244798000.0
621491,57674250.0,643861750.0,61199500.0
621492,57674250.0,643861750.0,61199500.0
621493,57674250.0,643861750.0,61199500.0
621498,57674250.0,643861750.0,61199500.0
6215,574592000.0,2774373000.0,382620000.0
62151,574592000.0,2774373000.0,382620000.0
621511,287296000.0,1387186500.0,191310000.0
621512,287296000.0,1387186500.0,191310000.0
6216,54702000.0,537067000.0,177149000.0
62161,54702000.0,537067000.0,177149000.0
621610,54702000.0,537067000.0,177149000.0
6219,74874000.0,107124000.0,135072000.0
62191,37437000.0,53562000.0,67536000.0
621910,37437000.0,53562000.0,67536000.0
62199,37437000.0,53562000.0,67536000.0
621991,18718500.0,26781000.0,33768000.0
621999,18718500.0,26781000.0,33768000.0
622,1616026000.0,6179166000.0,843293000.0
6221,538675333.333,2059722000.0,281097666.667
62211,538675333.333,2059722000.0,281097666.667
622110,538675333.333,2059722000.0,281097666.667
6222,538675333.333,2059722000.0,281097666.667
62221,538675333.333,2059722000.0,281097666.667
622210,538675333.333,2059722000.0,281097666.667
6223,538675333.333,2059722000.0,281097666.667
62231,538675333.333,2059722000.0,281097666.667
622310,538675333.333,2059722000.0,281097666.667
623,1407893000.0,2643958000.0,1827548000.0
6231,351973250.0,660989500.0,456887000.0
62311,351973250.0,660989500.0,456887000.0
623110,351973250.0,660989500.0,456887000.0
6232,351973250.0,660989500.0,456887000.0
62321,175986625.0,330494750.0,228443500.0
623210,175986625.0,330494750.0,228443500.0
62322,175986625.0,330494750.0,228443500.0
623220,175986625.0,330494750.0,228443500.0
6233,351973250.0,660989500.0,456887000.0
62331,351973250.0,660989500.0,456887000.0
623311,175986625.0,330494750.0,228443500.0
623312,175986625.0,330494750.0,228443500.0
6239,351973250.0,660989500.0,456887000.0
62399,351973250.0,660989500.0,456887000.0
623990,351973250.0,660989500.0,456887000.0
624,54605000.0,429711000.0,86866000.0
6241,13651250.0,107427750.0,21716500.0
62411,4550416.66667,35809250.0,7238833.33333
624110,4550416.66667,35809250.0,7238833.33333
62412,4550416.66667,35809250.0,7238833.33333
624120,4550416.66667,35809250.0,7238833.33333
62419,4550416.66667,35809250.0,7238833.33333
624190,4550416.66667,35809250.0,7238833.33333
6242,13651250.0,107427750.0,21716500.0
62421,4550416.66667,35809250.0,7238833.33333
624210,4550416.66667,35809250.0,7238833.33333
62422,4550416.66667,35809250.0,7238833.33333
624221,2275208.33333,17904625.0,3619416.66667
624229,2275208.33333,17904625.0,3619416.66667
62423,4550416.66667,35809250.0,7238833.33333
624230,4550416.66667,35809250.0,7238833.33333
6243,13651250.0,107427750.0,21716500.0
62431,13651250.0,107427750.0,21716500.0
624310,13651250.0,107427750.0,21716500.0
6244,13651250.0,107427750.0,21716500.0
62441,13651250.0,107427750.0,21716500.0
624410,13651250.0,107427750.0,21716500.0
71,3957682003.33,8218512000.0,7467580003.33
711,1361216739.59,4484262738.72,4420623739.59
7111,272243347.919,896852547.745,884124747.919
71111,68060836.9797,224213136.936,221031186.98
711110,68060836.9797,224213136.936,221031186.98
71112,68060836.9797,224213136.936,221031186.98
711120,68060836.9797,224213136.936,221031186.98
71113,68060836.9797,224213136.936,221031186.98
711130,68060836.9797,224213136.936,221031186.98
71119,68060836.9797,224213136.936,221031186.98
711190,68060836.9797,224213136.936,221031186.98
7112,272243347.919,896852547.745,884124747.919
71121,272243347.919,896852547.745,884124747.919
711211,90747782.6396,298950849.248,294708249.306
711212,90747782.6396,298950849.248,294708249.306
711219,90747782.6396,298950849.248,294708249.306
7113,272243347.919,896852547.745,884124747.919
71131,136121673.959,448426273.872,442062373.959
711310,136121673.959,448426273.872,442062373.959
71132,136121673.959,448426273.872,442062373.959
711320,136121673.959,448426273.872,442062373.959
7114,272243347.919,896852547.745,884124747.919
71141,272243347.919,896852547.745,884124747.919
711410,272243347.919,896852547.745,884124747.919
7115,272243347.919,896852547.745,884124747.919
71151,272243347.919,896852547.745,884124747.919
711510,272243347.919,896852547.745,884124747.919
712,3327000.0,6235000.0,21308000.0
7121,3327000.0,6235000.0,21308000.0
71211,831750.0,1558750.0,5327000.0
712110,831750.0,1558750.0,5327000.0
71212,831750.0,1558750.0,5327000.0
712120,831750.0,1558750.0,5327000.0
71213,831750.0,1558750.0,5327000.0
712130,831750.0,1558750.0,5327000.0
71219,831750.0,1558750.0,5327000.0
712190,831750.0,1558750.0,5327000.0
713,2593138263.74,3728014261.28,3025648263.74
7131,864379421.247,1242671420.43,1008549421.25
71311,432189710.623,621335710.213,504274710.623
713110,432189710.623,621335710.213,504274710.623
71312,432189710.623,621335710.213,504274710.623
713120,432189710.623,621335710.213,504274710.623
7132,864379421.247,1242671420.43,1008549421.25
71321,432189710.623,621335710.213,504274710.623
713210,432189710.623,621335710.213,504274710.623
71329,432189710.623,621335710.213,504274710.623
713290,432189710.623,621335710.213,504274710.623
7139,864379421.247,1242671420.43,1008549421.25
71391,144063236.874,207111903.404,168091570.208
713910,144063236.874,207111903.404,168091570.208
71392,144063236.874,207111903.404,168091570.208
713920,144063236.874,207111903.404,168091570.208
71393,144063236.874,207111903.404,168091570.208
713930,144063236.874,207111903.404,168091570.208
71394,144063236.874,207111903.404,168091570.208
713940,144063236.874,207111903.404,168091570.208
71395,144063236.874,207111903.404,168091570.208
713950,144063236.874,207111903.404,168091570.208
71399,144063236.874,207111903.404,168091570.208
713990,144063236.874,207111903.404,168091570.208
72,10252521013.3,11298985000.0,10442819013.3
721,6881579615.04,5067443609.85,6334308005.19
7211,2293859871.68,1689147869.95,2111436001.73
72111,764619957.227,563049289.983,703812000.577
721110,764619957.227,563049289.983,703812000.577
72112,764619957.227,563049289.983,703812000.577
721120,764619957.227,563049289.983,703812000.577
72119,764619957.227,563049289.983,703812000.577
721191,382309978.613,281524644.992,351906000.288
721199,382309978.613,281524644.992,351906000.288
7212,2293859871.68,1689147869.95,2111436001.73
72121,2293859871.68,1689147869.95,2111436001.73
721211,1146929935.84,844573934.975,1055718000.87
721214,1146929935.84,844573934.975,1055718000.87
7213,2293859871.68,1689147869.95,2111436001.73
72131,2293859871.68,1689147869.95,2111436001.73
721310,2293859871.68,1689147869.95,2111436001.73
722,3370941398.26,6231541390.15,4108511008.11
7223,1123647132.75,2077180463.38,1369503669.37
72231,374549044.251,692393487.794,456501223.124
722310,374549044.251,692393487.794,456501223.124
72232,374549044.251,692393487.794,456501223.124
722320,374549044.251,692393487.794,456501223.124
72233,374549044.251,692393487.794,456501223.124
722330,374549044.251,692393487.794,456501223.124
7224,1123647132.75,2077180463.38,1369503669.37
72241,1123647132.75,2077180463.38,1369503669.37
722410,1123647132.75,2077180463.38,1369503669.37
7225,1123647132.75,2077180463.38,1369503669.37
72251,1123647132.75,2077180463.38,1369503669.37
722511,280911783.189,519295115.846,342375917.343
722513,280911783.189,519295115.846,342375917.343
722514,280911783.189,519295115.846,342375917.343
722515,280911783.189,519295115.846,342375917.343
81,995590003.22,2681793000.0,1077124003.22
811,525261001.373,1202279426.39,527618001.373
8111,414668250.343,677326356.599,427139750.343
81111,138222750.114,225775452.2,142379916.781
811111,34555687.5286,56443863.0499,35594979.1953
811112,34555687.5286,56443863.0499,35594979.1953
811113,34555687.5286,56443863.0499,35594979.1953
811118,34555687.5286,56443863.0499,35594979.1953
81112,138222750.114,225775452.2,142379916.781
811121,69111375.0572,112887726.1,71189958.3905
811122,69111375.0572,112887726.1,71189958.3905
81119,138222750.114,225775452.2,142379916.781
811191,46074250.0381,75258484.0665,47459972.2604
811192,46074250.0381,75258484.0665,47459972.2604
811198,46074250.0381,75258484.0665,47459972.2604
8112,36864250.3432,174984356.599,33492750.3432
81121,36864250.3432,174984356.599,33492750.3432
811211,9216062.58581,43746089.1497,8373187.58581
811212,9216062.58581,43746089.1497,8373187.58581
811213,9216062.58581,43746089.1497,8373187.58581
811219,9216062.58581,43746089.1497,8373187.58581
8113,36864250.3432,174984356.599,33492750.3432
81131,36864250.3432,174984356.599,33492750.3432
811310,36864250.3432,174984356.599,33492750.3432
8114,36864250.3432,174984356.599,33492750.3432
81141,9216062.58581,43746089.1497,8373187.58581
811411,4608031.2929,21873044.5748,4186593.7929
811412,4608031.2929,21873044.5748,4186593.7929
81142,9216062.58581,43746089.1497,8373187.58581
811420,9216062.58581,43746089.1497,8373187.58581
81143,9216062.58581,43746089.1497,8373187.58581
811430,9216062.58581,43746089.1497,8373187.58581
81149,9216062.58581,43746089.1497,8373187.58581
811490,9216062.58581,43746089.1497,8373187.58581
812,470171001.481,1401781459.91,543075001.481
8121,117542750.37,350445364.978,135768750.37
81211,58771375.1851,175222682.489,67884375.1851
812111,19590458.395,58407560.8297,22628125.0617
812112,19590458.395,58407560.8297,22628125.0617
812113,19590458.395,58407560.8297,22628125.0617
81219,58771375.1851,175222682.489,67884375.1851
812191,29385687.5926,87611341.2446,33942187.5926
812199,29385687.5926,87611341.2446,33942187.5926
8122,117542750.37,350445364.978,135768750.37
81221,58771375.1851,175222682.489,67884375.1851
812210,58771375.1851,175222682.489,67884375.1851
81222,58771375.1851,175222682.489,67884375.1851
812220,58771375.1851,175222682.489,67884375.1851
8123,117542750.37,350445364.978,135768750.37
81231,39180916.7901,116815121.659,45256250.1234
812310,39180916.7901,116815121.659,45256250.1234
81232,39180916.7901,116815121.659,45256250.1234
812320,39180916.7901,116815121.659,45256250.1234
81233,39180916.7901,116815121.659,45256250.1234
812331,19590458.395,58407560.8297,22628125.0617
812332,19590458.395,58407560.8297,22628125.0617
8129,117542750.37,350445364.978,135768750.37
81291,29385687.5926,87611341.2446,33942187.5926
812910,29385687.5926,87611341.2446,33942187.5926
81292,29385687.5926,87611341.2446,33942187.5926
812921,14692843.7963,43805670.6223,16971093.7963
812922,14692843.7963,43805670.6223,16971093.7963
81293,29385687.5926,87611341.2446,33942187.5926
812930,29385687.5926,87611341.2446,33942187.5926
81299,29385687.5926,87611341.2446,33942187.5926
812990,29385687.5926,87611341.2446,33942187.5926
813,158000.366062,77732113.6919,6431000.36606
8131,31600.0732124,15546422.7384,1286200.07321
81311,31600.0732124,15546422.7384,1286200.07321
813110,31600.0732124,15546422.7384,1286200.07321
8132,31600.0732124,15546422.7384,1286200.07321
81321,31600.0732124,15546422.7384,1286200.07321
813211,10533.3577375,5182140.9128,428733.357737
813212,10533.3577375,5182140.9128,428733.357737
813219,10533.3577375,5182140.9128,428733.357737
8133,31600.0732124,15546422.7384,1286200.07321
81331,31600.0732124,15546422.7384,1286200.07321
813311,10533.3577375,5182140.9128,428733.357737
813312,10533.3577375,5182140.9128,428733.357737
813319,10533.3577375,5182140.9128,428733.357737
8134,31600.0732124,15546422.7384,1286200.07321
81341,31600.0732124,15546422.7384,1286200.07321
813410,31600.0732124,15546422.7384,1286200.07321
8139,31600.0732124,15546422.7384,1286200.07321
81391,6320.01464247,3109284.54768,257240.014642
813910,6320.01464247,3109284.54768,257240.014642
81392,6320.01464247,3109284.54768,257240.014642
813920,6320.01464247,3109284.54768,257240.014642
81393,6320.01464247,3109284.54768,257240.014642
813930,6320.01464247,3109284.54768,257240.014642
81394,6320.01464247,3109284.54768,257240.014642
813940,6320.01464247,3109284.54768,257240.014642
81399,6320.01464247,3109284.54768,257240.014642
813990,6320.01464247,3109284.54768,257240.014642
