Codes:,depreciation_deductions
1,58675856000.0
11,2544975000.0
112,209071000.0
1121,34845166.6667
11211,11615055.5556
112111,5807527.77778
112112,5807527.77778
11212,11615055.5556
112120,11615055.5556
11213,11615055.5556
112130,11615055.5556
1122,34845166.6667
11221,34845166.6667
112210,34845166.6667
1123,34845166.6667
11231,6969033.33333
112310,6969033.33333
11232,6969033.33333
112320,6969033.33333
11233,6969033.33333
112330,6969033.33333
11234,6969033.33333
112340,6969033.33333
11239,6969033.33333
112390,6969033.33333
1124,34845166.6667
11241,17422583.3333
112410,17422583.3333
11242,17422583.3333
112420,17422583.3333
1125,34845166.6667
11251,34845166.6667
112511,11615055.5556
112512,11615055.5556
112519,11615055.5556
1129,34845166.6667
11291,8711291.66667
112910,8711291.66667
11292,8711291.66667
112920,8711291.66667
11293,8711291.66667
112930,8711291.66667
11299,8711291.66667
112990,8711291.66667
113,707407000.0
1131,235802333.333
11311,235802333.333
113110,235802333.333
1132,235802333.333
11321,235802333.333
113210,235802333.333
1133,235802333.333
11331,235802333.333
113310,235802333.333
114,476654000.0
1141,238327000.0
11411,238327000.0
114111,79442333.3333
114112,79442333.3333
114119,79442333.3333
1142,238327000.0
11421,238327000.0
114210,238327000.0
115,1151843000.0
1151,383947666.667
11511,383947666.667
115111,63991277.7778
115112,63991277.7778
115113,63991277.7778
115114,63991277.7778
115115,63991277.7778
115116,63991277.7778
1152,383947666.667
11521,383947666.667
115210,383947666.667
1153,383947666.667
11531,383947666.667
115310,383947666.667
21,1697652000.0
211,1289809000.0
2111,1289809000.0
21111,1289809000.0
211111,644904500.0
211112,644904500.0
212,87110000.0
2121,29036666.6667
21211,29036666.6667
212111,9678888.88889
212112,9678888.88889
212113,9678888.88889
2122,29036666.6667
21221,7259166.66667
212210,7259166.66667
21222,7259166.66667
212221,3629583.33333
212222,3629583.33333
21223,7259166.66667
212231,3629583.33333
212234,3629583.33333
21229,7259166.66667
212291,3629583.33333
212299,3629583.33333
2123,29036666.6667
21231,9678888.88889
212311,2419722.22222
212312,2419722.22222
212313,2419722.22222
212319,2419722.22222
21232,9678888.88889
212321,2419722.22222
212322,2419722.22222
212324,2419722.22222
212325,2419722.22222
21239,9678888.88889
212391,2419722.22222
212392,2419722.22222
212393,2419722.22222
212399,2419722.22222
213,320733000.0
2131,320733000.0
21311,320733000.0
213111,64146600.0
213112,64146600.0
213113,64146600.0
213114,64146600.0
213115,64146600.0
22,136008000.0
221,136008000.0
2212,136008000.0
22121,136008000.0
221210,136008000.0
23,9023649000.0
236,1576985245.49
2361,788492622.745
23611,788492622.745
236115,197123155.686
236116,197123155.686
236117,197123155.686
236118,197123155.686
2362,788492622.745
23621,394246311.373
236210,394246311.373
23622,394246311.373
236220,394246311.373
237,640183352.222
2372,640183352.222
23721,640183352.222
237210,640183352.222
238,6806480402.29
2382,6806480402.29
23821,3080740022.33
238210,3080740022.33
23822,3725740379.96
238220,3725740379.96
31.32.33,1805905000.0
311,254882064.949
3116,254882064.949
31161,254882064.949
311615,254882064.949
312,27.3292168647
3121,27.3292168647
31212,27.3292168647
312120,27.3292168647
313,19827504.3239
3131,6609168.10798
31311,6609168.10798
313110,6609168.10798
3132,6609168.10798
31321,1652292.02699
313210,1652292.02699
31322,1652292.02699
313220,1652292.02699
31323,1652292.02699
313230,1652292.02699
31324,1652292.02699
313240,1652292.02699
3133,6609168.10798
31331,3304584.05399
313310,3304584.05399
31332,3304584.05399
313320,3304584.05399
314,19827500.0
3141,9913750.0
31411,4956875.0
314110,4956875.0
31412,4956875.0
314120,4956875.0
3149,9913750.0
31491,4956875.0
314910,4956875.0
31499,4956875.0
314994,2478437.5
314999,2478437.5
315,97982003.3934
3151,3924.38163571
31511,1962.19081785
315110,1962.19081785
31519,1962.19081785
315190,1962.19081785
3152,3924.38163571
31521,981.095408927
315210,981.095408927
31522,981.095408927
315220,981.095408927
31524,981.095408927
315240,981.095408927
31528,981.095408927
315280,981.095408927
3159,97974154.6302
31599,97974154.6302
315990,97974154.6302
316,1561000.76942
3161,520333.589807
31611,520333.589807
316110,520333.589807
3162,520333.589807
31621,520333.589807
316210,520333.589807
3169,520333.589807
31699,520333.589807
316992,260166.794904
316998,260166.794904
321,160617009.101
3211,53539003.0336
32111,53539003.0336
321113,26769501.5168
321114,26769501.5168
3212,53539003.0336
32121,53539003.0336
321211,10707800.6067
321212,10707800.6067
321213,10707800.6067
321214,10707800.6067
321219,10707800.6067
3219,53539003.0336
32191,17846334.3445
321911,5948778.11485
321912,5948778.11485
321918,5948778.11485
32192,17846334.3445
321920,17846334.3445
32199,17846334.3445
321991,5948778.11485
321992,5948778.11485
321999,5948778.11485
322,31.0410100068
3221,15.5205050034
32211,5.1735016678
322110,5.1735016678
32212,5.1735016678
322121,2.5867508339
322122,2.5867508339
32213,5.1735016678
322130,5.1735016678
3222,15.5205050034
32221,3.88012625085
322211,1.29337541695
322212,1.29337541695
322219,1.29337541695
32222,3.88012625085
322220,3.88012625085
32223,3.88012625085
322230,3.88012625085
32229,3.88012625085
322291,1.94006312542
322299,1.94006312542
323,144919008.556
3231,144919008.556
32311,72459504.2778
323111,24153168.0926
323113,24153168.0926
323117,24153168.0926
32312,72459504.2778
323120,72459504.2778
324,7105194.95855
3241,7105194.95855
32411,7105194.95855
324110,7105194.95855
325,28616168.7299
3251,4088024.10427
32511,817604.820853
325110,817604.820853
32512,817604.820853
325120,817604.820853
32513,817604.820853
325130,817604.820853
32518,817604.820853
325180,817604.820853
32519,817604.820853
325193,272534.940284
325194,272534.940284
325199,272534.940284
3252,4088024.10427
32521,2044012.05213
325211,1022006.02607
325212,1022006.02607
32522,2044012.05213
325220,2044012.05213
3253,4088024.10427
32531,2044012.05213
325311,681337.350711
325312,681337.350711
325314,681337.350711
32532,2044012.05213
325320,2044012.05213
3254,4088024.10427
32541,4088024.10427
325411,1022006.02607
325412,1022006.02607
325413,1022006.02607
325414,1022006.02607
3255,4088024.10427
32551,2044012.05213
325510,2044012.05213
32552,2044012.05213
325520,2044012.05213
3256,4088024.10427
32561,2044012.05213
325611,681337.350711
325612,681337.350711
325613,681337.350711
32562,2044012.05213
325620,2044012.05213
3259,4088024.10427
32591,1362674.70142
325910,1362674.70142
32592,1362674.70142
325920,1362674.70142
32599,1362674.70142
325991,454224.900474
325992,454224.900474
325998,454224.900474
326,26219019.3685
3261,13109509.6842
32611,1872787.09775
326111,624262.365916
326112,624262.365916
326113,624262.365916
32612,1872787.09775
326121,936393.548874
326122,936393.548874
32613,1872787.09775
326130,1872787.09775
32614,1872787.09775
326140,1872787.09775
32615,1872787.09775
326150,1872787.09775
32616,1872787.09775
326160,1872787.09775
32619,1872787.09775
326191,936393.548874
326199,936393.548874
3262,13109509.6842
32621,4369836.56141
326211,2184918.28071
326212,2184918.28071
32622,4369836.56141
326220,4369836.56141
32629,4369836.56141
326291,2184918.28071
326299,2184918.28071
327,27081023.8802
3271,5416204.77604
32711,2708102.38802
327110,2708102.38802
32712,2708102.38802
327120,2708102.38802
3272,5416204.77604
32721,5416204.77604
327211,1354051.19401
327212,1354051.19401
327213,1354051.19401
327215,1354051.19401
3273,5416204.77604
32731,1354051.19401
327310,1354051.19401
32732,1354051.19401
327320,1354051.19401
32733,1354051.19401
327331,677025.597005
327332,677025.597005
32739,1354051.19401
327390,1354051.19401
3274,5416204.77604
32741,2708102.38802
327410,2708102.38802
32742,2708102.38802
327420,2708102.38802
3279,5416204.77604
32791,2708102.38802
327910,2708102.38802
32799,2708102.38802
327991,677025.597005
327992,677025.597005
327993,677025.597005
327999,677025.597005
331,10363030.5376
3313,10363030.5376
33131,10363030.5376
331315,10363030.5376
332,314981035.864
3322,314981035.864
33221,314981035.864
332215,314981035.864
333,235610055.776
3331,33658579.3966
33311,11219526.4655
333111,5609763.23276
333112,5609763.23276
33312,11219526.4655
333120,11219526.4655
33313,11219526.4655
333131,5609763.23276
333132,5609763.23276
3332,33658579.3966
33324,33658579.3966
333241,6731715.87931
333242,6731715.87931
333243,6731715.87931
333244,6731715.87931
333249,6731715.87931
3333,33658579.3966
33331,33658579.3966
333314,11219526.4655
333316,11219526.4655
333318,11219526.4655
3334,33658579.3966
33341,33658579.3966
333413,11219526.4655
333414,11219526.4655
333415,11219526.4655
3335,33658579.3966
33351,33658579.3966
333511,6731715.87931
333514,6731715.87931
333515,6731715.87931
333517,6731715.87931
333519,6731715.87931
3336,33658579.3966
33361,33658579.3966
333611,8414644.84914
333612,8414644.84914
333613,8414644.84914
333618,8414644.84914
3339,33658579.3966
33391,11219526.4655
333911,3739842.15517
333912,3739842.15517
333913,3739842.15517
33392,11219526.4655
333921,2804881.61638
333922,2804881.61638
333923,2804881.61638
333924,2804881.61638
33399,11219526.4655
333991,1402440.80819
333992,1402440.80819
333993,1402440.80819
333994,1402440.80819
333995,1402440.80819
333996,1402440.80819
333997,1402440.80819
333999,1402440.80819
334,76272121.0197
3341,12712020.1699
33411,12712020.1699
334111,4237340.05665
334112,4237340.05665
334118,4237340.05665
3342,12712020.1699
33421,4237340.05665
334210,4237340.05665
33422,4237340.05665
334220,4237340.05665
33429,4237340.05665
334290,4237340.05665
3343,12712020.1699
33431,12712020.1699
334310,12712020.1699
3344,12712020.1699
33441,12712020.1699
334412,2118670.02832
334413,2118670.02832
334416,2118670.02832
334417,2118670.02832
334418,2118670.02832
334419,2118670.02832
3345,12712020.1699
33451,12712020.1699
334510,1412446.68555
334511,1412446.68555
334512,1412446.68555
334513,1412446.68555
334514,1412446.68555
334515,1412446.68555
334516,1412446.68555
334517,1412446.68555
334519,1412446.68555
3346,12712020.1699
33461,12712020.1699
334613,6356010.08497
334614,6356010.08497
335,21354060.1066
3351,5338515.02664
33511,2669257.51332
335110,2669257.51332
33512,2669257.51332
335121,889752.50444
335122,889752.50444
335129,889752.50444
3352,5338515.02664
33521,2669257.51332
335210,2669257.51332
33522,2669257.51332
335221,667314.37833
335222,667314.37833
335224,667314.37833
335228,667314.37833
3353,5338515.02664
33531,5338515.02664
335311,1334628.75666
335312,1334628.75666
335313,1334628.75666
335314,1334628.75666
3359,5338515.02664
33591,1334628.75666
335911,667314.37833
335912,667314.37833
33592,1334628.75666
335921,667314.37833
335929,667314.37833
33593,1334628.75666
335931,667314.37833
335932,667314.37833
33599,1334628.75666
335991,667314.37833
335999,667314.37833
336,36143106.2703
3361,5163300.89575
33611,2581650.44788
336111,1290825.22394
336112,1290825.22394
33612,2581650.44788
336120,2581650.44788
3362,5163300.89575
33621,5163300.89575
336211,1290825.22394
336212,1290825.22394
336213,1290825.22394
336214,1290825.22394
3363,5163300.89575
33631,645412.611969
336310,645412.611969
33632,645412.611969
336320,645412.611969
33633,645412.611969
336330,645412.611969
33634,645412.611969
336340,645412.611969
33635,645412.611969
336350,645412.611969
33636,645412.611969
336360,645412.611969
33637,645412.611969
336370,645412.611969
33639,645412.611969
336390,645412.611969
3364,5163300.89575
33641,5163300.89575
336411,860550.149292
336412,860550.149292
336413,860550.149292
336414,860550.149292
336415,860550.149292
336419,860550.149292
3365,5163300.89575
33651,5163300.89575
336510,5163300.89575
3366,5163300.89575
33661,5163300.89575
336611,2581650.44788
336612,2581650.44788
3369,5163300.89575
33699,5163300.89575
336991,1721100.29858
336992,1721100.29858
336999,1721100.29858
337,129004005.181
3371,43001335.0604
33711,21500667.5302
337110,21500667.5302
33712,21500667.5302
337121,4300133.50604
337122,4300133.50604
337124,4300133.50604
337125,4300133.50604
337127,4300133.50604
3372,43001335.0604
33721,43001335.0604
337211,10750333.7651
337212,10750333.7651
337214,10750333.7651
337215,10750333.7651
3379,43001335.0604
33791,21500667.5302
337910,21500667.5302
33792,21500667.5302
337920,21500667.5302
339,193540028.845
3391,96770014.4224
33911,96770014.4224
339112,19354002.8845
339113,19354002.8845
339114,19354002.8845
339115,19354002.8845
339116,19354002.8845
3399,96770014.4224
33991,16128335.7371
339910,16128335.7371
33992,16128335.7371
339920,16128335.7371
33993,16128335.7371
339930,16128335.7371
33994,16128335.7371
339940,16128335.7371
33995,16128335.7371
339950,16128335.7371
33999,16128335.7371
339991,2688055.95618
339992,2688055.95618
339993,2688055.95618
339994,2688055.95618
339995,2688055.95618
339999,2688055.95618
42,962584000.0
423,525078761.967
4231,58342084.663
42311,14585521.1657
423110,14585521.1657
42312,14585521.1657
423120,14585521.1657
42313,14585521.1657
423130,14585521.1657
42314,14585521.1657
423140,14585521.1657
4232,58342084.663
42321,29171042.3315
423210,29171042.3315
42322,29171042.3315
423220,29171042.3315
4233,58342084.663
42331,14585521.1657
423310,14585521.1657
42332,14585521.1657
423320,14585521.1657
42333,14585521.1657
423330,14585521.1657
42339,14585521.1657
423390,14585521.1657
4234,58342084.663
42341,8334583.52328
423410,8334583.52328
42342,8334583.52328
423420,8334583.52328
42343,8334583.52328
423430,8334583.52328
42344,8334583.52328
423440,8334583.52328
42345,8334583.52328
423450,8334583.52328
42346,8334583.52328
423460,8334583.52328
42349,8334583.52328
423490,8334583.52328
4235,58342084.663
42351,29171042.3315
423510,29171042.3315
42352,29171042.3315
423520,29171042.3315
4236,58342084.663
42361,19447361.5543
423610,19447361.5543
42362,19447361.5543
423620,19447361.5543
42369,19447361.5543
423690,19447361.5543
4237,58342084.663
42371,14585521.1657
423710,14585521.1657
42372,14585521.1657
423720,14585521.1657
42373,14585521.1657
423730,14585521.1657
42374,14585521.1657
423740,14585521.1657
4238,58342084.663
42381,9723680.77716
423810,9723680.77716
42382,9723680.77716
423820,9723680.77716
42383,9723680.77716
423830,9723680.77716
42384,9723680.77716
423840,9723680.77716
42385,9723680.77716
423850,9723680.77716
42386,9723680.77716
423860,9723680.77716
4239,58342084.663
42391,11668416.9326
423910,11668416.9326
42392,11668416.9326
423920,11668416.9326
42393,11668416.9326
423930,11668416.9326
42394,11668416.9326
423940,11668416.9326
42399,11668416.9326
423990,11668416.9326
424,339734235.389
4242,339734235.389
42421,339734235.389
424210,339734235.389
425,97771002.6438
4251,97771002.6438
42511,48885501.3219
425110,48885501.3219
42512,48885501.3219
425120,48885501.3219
44.45,3564572000.0
441,423604124.679
4411,141201374.893
44111,70600687.4464
441110,70600687.4464
44112,70600687.4464
441120,70600687.4464
4412,141201374.893
44121,70600687.4464
441210,70600687.4464
44122,70600687.4464
441222,35300343.7232
441228,35300343.7232
4413,141201374.893
44131,70600687.4464
441310,70600687.4464
44132,70600687.4464
441320,70600687.4464
442,69000029.4893
4421,34500014.7446
44211,34500014.7446
442110,34500014.7446
4422,34500014.7446
44221,17250007.3723
442210,17250007.3723
44229,17250007.3723
442291,8625003.68616
442299,8625003.68616
443,89287021.7049
4431,89287021.7049
44314,89287021.7049
443141,44643510.8525
443142,44643510.8525
444,294027094.637
4441,294027094.637
44413,88991328.1889
444130,88991328.1889
44419,205035766.448
444190,205035766.448
445,429185154.281
4451,16935.8409824
44511,8467.92049119
445110,8467.92049119
44512,8467.92049119
445120,8467.92049119
4452,16935.8409824
44521,4233.9602456
445210,4233.9602456
44522,4233.9602456
445220,4233.9602456
44523,4233.9602456
445230,4233.9602456
44529,4233.9602456
445291,1411.32008187
445292,1411.32008187
445299,1411.32008187
4453,429151282.599
44531,429151282.599
445310,429151282.599
446,120548083.912
4461,120548083.912
44611,30137020.9781
446110,30137020.9781
44612,30137020.9781
446120,30137020.9781
44613,30137020.9781
446130,30137020.9781
44619,30137020.9781
446191,15068510.489
446199,15068510.489
447,263219039.394
4471,263219039.394
44711,131609519.697
447110,131609519.697
44719,131609519.697
447190,131609519.697
448,208051089.955
4481,69350363.3182
44811,11558393.8864
448110,11558393.8864
44812,11558393.8864
448120,11558393.8864
44813,11558393.8864
448130,11558393.8864
44814,11558393.8864
448140,11558393.8864
44815,11558393.8864
448150,11558393.8864
44819,11558393.8864
448190,11558393.8864
4482,69350363.3182
44821,69350363.3182
448210,69350363.3182
4483,69350363.3182
44831,34675181.6591
448310,34675181.6591
44832,34675181.6591
448320,34675181.6591
451,190681029.577
4511,95340514.7886
45111,23835128.6972
451110,23835128.6972
45112,23835128.6972
451120,23835128.6972
45113,23835128.6972
451130,23835128.6972
45114,23835128.6972
451140,23835128.6972
4512,95340514.7886
45121,95340514.7886
451211,47670257.3943
451212,47670257.3943
452,43480237.285
4521,21740118.6425
45211,21740118.6425
452111,10870059.3213
452112,10870059.3213
4529,21740118.6425
45291,10870059.3213
452910,10870059.3213
45299,10870059.3213
452990,10870059.3213
453,823046036.915
4531,205761509.229
45311,205761509.229
453110,205761509.229
4532,205761509.229
45321,102880754.614
453210,102880754.614
45322,102880754.614
453220,102880754.614
4533,205761509.229
45331,205761509.229
453310,205761509.229
4539,205761509.229
45391,51440377.3072
453910,51440377.3072
45392,51440377.3072
453920,51440377.3072
45393,51440377.3072
453930,51440377.3072
45399,51440377.3072
453991,25720188.6536
453998,25720188.6536
454,610443058.171
4541,203481019.39
45411,203481019.39
454111,67827006.4635
454112,67827006.4635
454113,67827006.4635
4542,203481019.39
45421,203481019.39
454210,203481019.39
4543,203481019.39
45431,101740509.695
454310,101740509.695
45439,101740509.695
454390,101740509.695
48.49,7977612000.0
481,173657000.0
4811,86828500.0
48111,86828500.0
481111,43414250.0
481112,43414250.0
4812,86828500.0
48121,86828500.0
481211,28942833.3333
481212,28942833.3333
481219,28942833.3333
482,173657000.0
4821,173657000.0
48211,173657000.0
482111,86828500.0
482112,86828500.0
483,272325000.0
4831,136162500.0
48311,136162500.0
483111,34040625.0
483112,34040625.0
483113,34040625.0
483114,34040625.0
4832,136162500.0
48321,136162500.0
483211,68081250.0
483212,68081250.0
484,6345070000.0
4841,3172535000.0
48411,1586267500.0
484110,1586267500.0
48412,1586267500.0
484121,793133750.0
484122,793133750.0
4842,3172535000.0
48421,1057511666.67
484210,1057511666.67
48422,1057511666.67
484220,1057511666.67
48423,1057511666.67
484230,1057511666.67
485,464615000.0
4851,77435833.3333
48511,77435833.3333
485111,19358958.3333
485112,19358958.3333
485113,19358958.3333
485119,19358958.3333
4852,77435833.3333
48521,77435833.3333
485210,77435833.3333
4853,77435833.3333
48531,38717916.6667
485310,38717916.6667
48532,38717916.6667
485320,38717916.6667
4854,77435833.3333
48541,77435833.3333
485410,77435833.3333
4855,77435833.3333
48551,77435833.3333
485510,77435833.3333
4859,77435833.3333
48599,77435833.3333
485991,38717916.6667
485999,38717916.6667
486,5397000.0
4861,1799000.0
48611,1799000.0
486110,1799000.0
4862,1799000.0
48621,1799000.0
486210,1799000.0
4869,1799000.0
48691,899500.0
486910,899500.0
48699,899500.0
486990,899500.0
487,90739000.0
4871,30246333.3333
48711,30246333.3333
487110,30246333.3333
4872,30246333.3333
48721,30246333.3333
487210,30246333.3333
4879,30246333.3333
48799,30246333.3333
487990,30246333.3333
488,261555000.0
4881,43592500.0
48811,21796250.0
488111,10898125.0
488119,10898125.0
48819,21796250.0
488190,21796250.0
4882,43592500.0
48821,43592500.0
488210,43592500.0
4883,43592500.0
48831,10898125.0
488310,10898125.0
48832,10898125.0
488320,10898125.0
48833,10898125.0
488330,10898125.0
48839,10898125.0
488390,10898125.0
4884,43592500.0
48841,21796250.0
488410,21796250.0
48849,21796250.0
488490,21796250.0
4885,43592500.0
48851,43592500.0
488510,43592500.0
4889,43592500.0
48899,43592500.0
488991,21796250.0
488999,21796250.0
492,154754000.0
4921,77377000.0
49211,77377000.0
492110,77377000.0
4922,77377000.0
49221,77377000.0
492210,77377000.0
493,35843000.0
4931,35843000.0
49311,8960750.0
493110,8960750.0
49312,8960750.0
493120,8960750.0
49313,8960750.0
493130,8960750.0
49319,8960750.0
493190,8960750.0
51,595061000.0
511,28014214.967
5111,5945568.64375
51111,2513722.33521
511110,2513722.33521
51112,1603348.10244
511120,1603348.10244
51113,1828498.20609
511130,1828498.20609
5112,22068646.3232
51121,22068646.3232
511210,22068646.3232
512,332147090.26
5121,166073545.13
51211,41518386.2825
512110,41518386.2825
51212,41518386.2825
512120,41518386.2825
51213,41518386.2825
512131,20759193.1412
512132,20759193.1412
51219,41518386.2825
512191,20759193.1412
512199,20759193.1412
5122,166073545.13
51221,33214709.026
512210,33214709.026
51222,33214709.026
512220,33214709.026
51223,33214709.026
512230,33214709.026
51224,33214709.026
512240,33214709.026
51229,33214709.026
512290,33214709.026
515,90987573.1391
5151,45493786.5696
51511,22746893.2848
515111,11373446.6424
515112,11373446.6424
51512,22746893.2848
515120,22746893.2848
5152,45493786.5696
51521,45493786.5696
515210,45493786.5696
517,90988039.7743
5171,22747009.9436
51711,22747009.9436
517110,22747009.9436
5172,22747009.9436
51721,22747009.9436
517210,22747009.9436
5174,22747009.9436
51741,22747009.9436
517410,22747009.9436
5179,22747009.9436
51791,22747009.9436
517911,11373504.9718
517919,11373504.9718
518,26462028.7576
5182,26462028.7576
51821,26462028.7576
518210,26462028.7576
519,26462053.1021
5191,26462053.1021
51911,13.2755360045
519110,13.2755360045
51912,13.2755360045
519120,13.2755360045
51913,26462013.2755
519130,26462013.2755
51919,13.2755360045
519190,13.2755360045
52,1197558000.0
521,-1625538.52124
5211,-1625538.52124
52111,-1625538.52124
521110,-1625538.52124
522,85286455.9595
5221,88726790.036
52211,88726790.036
522110,88726790.036
5222,-3440334.07657
52229,-3440334.07657
522292,-3440334.07657
523,366641394.754
5231,68484394.7539
52311,1169558.06443
523110,1169558.06443
52312,57814836.6895
523120,57814836.6895
52313,4750000.0
523130,4750000.0
52314,4750000.0
523140,4750000.0
5232,20862000.0
52321,20862000.0
523210,20862000.0
5239,277295000.0
52391,69323750.0
523910,69323750.0
52392,69323750.0
523920,69323750.0
52393,69323750.0
523930,69323750.0
52399,69323750.0
523991,34661875.0
523999,34661875.0
524,721376889.488
5242,721376889.488
52421,721376889.488
524210,721376889.488
525,25878798.3195
5251,2479.58460407
52511,826.528201357
525110,826.528201357
52512,826.528201357
525120,826.528201357
52519,826.528201357
525190,826.528201357
5259,25876318.7349
52591,25874665.6785
525910,25874665.6785
52592,826.528201357
525920,826.528201357
52599,826.528201357
525990,826.528201357
53,4319980000.0
531,2632708000.0
5311,451693000.0
53111,112923250.0
531110,112923250.0
53112,112923250.0
531120,112923250.0
53113,112923250.0
531130,112923250.0
53119,112923250.0
531190,112923250.0
5312,546862333.333
53121,546862333.333
531210,546862333.333
5313,1634152666.67
53131,546863333.333
531311,273431666.667
531312,273431666.667
53132,546863333.333
531320,546863333.333
53139,540426000.0
531390,540426000.0
532,1686986000.0
5321,316771000.0
53211,158385500.0
532111,79192750.0
532112,79192750.0
53212,158385500.0
532120,158385500.0
5322,29184000.0
53221,3327000.0
532210,3327000.0
53222,1700000.0
532220,1700000.0
53223,24157000.0
532230,24157000.0
5323,199212000.0
53231,199212000.0
532310,199212000.0
5324,1141819000.0
53241,380606333.333
532411,190303166.667
532412,190303166.667
53242,380606333.333
532420,380606333.333
53249,380606333.333
532490,380606333.333
533,286000.0
5331,286000.0
53311,286000.0
533110,286000.0
54,6609666000.0
541,6609666000.0
5411,679286000.0
54111,226428666.667
541110,226428666.667
54112,226428666.667
541120,226428666.667
54119,226428666.667
541191,113214333.333
541199,113214333.333
5412,370602000.0
54121,370602000.0
541211,58784000.0
541213,-55015000.0
541214,-55015000.0
541219,421848000.0
5413,386528000.0
54131,237052250.0
541310,237052250.0
54132,-27507750.0
541320,-27507750.0
54133,238827250.0
541330,238827250.0
54134,-3773750.0
541340,-3773750.0
54135,-27507750.0
541350,-27507750.0
54136,-3773750.0
541360,-3773750.0
54137,-9719750.0
541370,-9719750.0
54138,-17068750.0
541380,-17068750.0
5414,112412000.0
54141,28103000.0
541410,28103000.0
54142,28103000.0
541420,28103000.0
54143,28103000.0
541430,28103000.0
54149,28103000.0
541490,28103000.0
5415,203621000.0
54151,203621000.0
541511,50905250.0
541512,50905250.0
541513,50905250.0
541519,50905250.0
5416,1499110000.0
54161,499703333.333
541611,99940666.6667
541612,99940666.6667
541613,99940666.6667
541614,99940666.6667
541618,99940666.6667
54162,499703333.333
541620,499703333.333
54169,499703333.333
541690,499703333.333
5417,-150283000.0
54171,-75141500.0
541711,-37570750.0
541712,-37570750.0
54172,-75141500.0
541720,-75141500.0
5418,-28467000.0
54181,-3558375.0
541810,-3558375.0
54182,-3558375.0
541820,-3558375.0
54183,-3558375.0
541830,-3558375.0
54184,-3558375.0
541840,-3558375.0
54185,-3558375.0
541850,-3558375.0
54186,-3558375.0
541860,-3558375.0
54187,-3558375.0
541870,-3558375.0
54189,-3558375.0
541890,-3558375.0
5419,3536857000.0
54191,371815200.0
541910,371815200.0
54192,352096200.0
541921,176048100.0
541922,176048100.0
54193,352096200.0
541930,352096200.0
54194,352096200.0
541940,352096200.0
54199,2108753200.0
541990,2108753200.0
56,3556359000.0
561,3313478000.0
5611,414184750.0
56111,414184750.0
561110,414184750.0
5612,414184750.0
56121,414184750.0
561210,414184750.0
5613,414184750.0
56131,138061583.333
561311,69030791.6667
561312,69030791.6667
56132,138061583.333
561320,138061583.333
56133,138061583.333
561330,138061583.333
5614,414184750.0
56141,69030791.6667
561410,69030791.6667
56142,69030791.6667
561421,34515395.8333
561422,34515395.8333
56143,69030791.6667
561431,34515395.8333
561439,34515395.8333
56144,69030791.6667
561440,69030791.6667
56145,69030791.6667
561450,69030791.6667
56149,69030791.6667
561491,23010263.8889
561492,23010263.8889
561499,23010263.8889
5615,414184750.0
56151,138061583.333
561510,138061583.333
56152,138061583.333
561520,138061583.333
56159,138061583.333
561591,69030791.6667
561599,69030791.6667
5616,414184750.0
56161,207092375.0
561611,69030791.6667
561612,69030791.6667
561613,69030791.6667
56162,207092375.0
561621,103546187.5
561622,103546187.5
5617,414184750.0
56171,82836950.0
561710,82836950.0
56172,82836950.0
561720,82836950.0
56173,82836950.0
561730,82836950.0
56174,82836950.0
561740,82836950.0
56179,82836950.0
561790,82836950.0
5619,414184750.0
56191,138061583.333
561910,138061583.333
56192,138061583.333
561920,138061583.333
56199,138061583.333
561990,138061583.333
562,242881000.0
5621,80960333.3333
56211,80960333.3333
562111,26986777.7778
562112,26986777.7778
562119,26986777.7778
5622,80960333.3333
56221,80960333.3333
562211,20240083.3333
562212,20240083.3333
562213,20240083.3333
562219,20240083.3333
5629,80960333.3333
56291,26986777.7778
562910,26986777.7778
56292,26986777.7778
562920,26986777.7778
56299,26986777.7778
562991,13493388.8889
562998,13493388.8889
61,435118000.0
611,435118000.0
6111,62159714.2857
61111,62159714.2857
611110,62159714.2857
6112,62159714.2857
61121,62159714.2857
611210,62159714.2857
6113,62159714.2857
61131,62159714.2857
611310,62159714.2857
6114,62159714.2857
61141,20719904.7619
611410,20719904.7619
61142,20719904.7619
611420,20719904.7619
61143,20719904.7619
611430,20719904.7619
6115,62159714.2857
61151,62159714.2857
611511,15539928.5714
611512,15539928.5714
611513,15539928.5714
611519,15539928.5714
6116,62159714.2857
61161,15539928.5714
611610,15539928.5714
61162,15539928.5714
611620,15539928.5714
61163,15539928.5714
611630,15539928.5714
61169,15539928.5714
611691,5179976.19048
611692,5179976.19048
611699,5179976.19048
6117,62159714.2857
61171,62159714.2857
611710,62159714.2857
62,4818733000.0
621,3920531000.0
6211,1038891000.0
62111,1038891000.0
621111,960137000.0
621112,78754000.0
6212,1706671000.0
62121,1706671000.0
621210,1706671000.0
6213,888865000.0
62131,234241000.0
621310,234241000.0
62132,228714000.0
621320,228714000.0
62133,260142000.0
621330,260142000.0
62139,165768000.0
621391,59075000.0
621399,106693000.0
6214,106693000.0
62141,35564333.3333
621410,35564333.3333
62142,35564333.3333
621420,35564333.3333
62149,35564333.3333
621491,8891083.33333
621492,8891083.33333
621493,8891083.33333
621498,8891083.33333
6215,32401000.0
62151,32401000.0
621511,16200500.0
621512,16200500.0
6216,88776000.0
62161,88776000.0
621610,88776000.0
6219,58234000.0
62191,29117000.0
621910,29117000.0
62199,29117000.0
621991,14558500.0
621999,14558500.0
622,17521000.0
6221,5840333.33333
62211,5840333.33333
622110,5840333.33333
6222,5840333.33333
62221,5840333.33333
622210,5840333.33333
6223,5840333.33333
62231,5840333.33333
622310,5840333.33333
623,178420000.0
6231,44605000.0
62311,44605000.0
623110,44605000.0
6232,44605000.0
62321,22302500.0
623210,22302500.0
62322,22302500.0
623220,22302500.0
6233,44605000.0
62331,44605000.0
623311,22302500.0
623312,22302500.0
6239,44605000.0
62399,44605000.0
623990,44605000.0
624,702261000.0
6241,175565250.0
62411,58521750.0
624110,58521750.0
62412,58521750.0
624120,58521750.0
62419,58521750.0
624190,58521750.0
6242,175565250.0
62421,58521750.0
624210,58521750.0
62422,58521750.0
624221,29260875.0
624229,29260875.0
62423,58521750.0
624230,58521750.0
6243,175565250.0
62431,175565250.0
624310,175565250.0
6244,175565250.0
62441,175565250.0
624410,175565250.0
71,2528603000.0
711,1701693000.0
7111,340338600.0
71111,85084650.0
711110,85084650.0
71112,85084650.0
711120,85084650.0
71113,85084650.0
711130,85084650.0
71119,85084650.0
711190,85084650.0
7112,340338600.0
71121,340338600.0
711211,113446200.0
711212,113446200.0
711219,113446200.0
7113,340338600.0
71131,170169300.0
711310,170169300.0
71132,170169300.0
711320,170169300.0
7114,340338600.0
71141,340338600.0
711410,340338600.0
7115,340338600.0
71151,340338600.0
711510,340338600.0
712,1265000.0
7121,1265000.0
71211,316250.0
712110,316250.0
71212,316250.0
712120,316250.0
71213,316250.0
712130,316250.0
71219,316250.0
712190,316250.0
713,825645000.0
7131,275215000.0
71311,137607500.0
713110,137607500.0
71312,137607500.0
713120,137607500.0
7132,275215000.0
71321,137607500.0
713210,137607500.0
71329,137607500.0
713290,137607500.0
7139,275215000.0
71391,45869166.6667
713910,45869166.6667
71392,45869166.6667
713920,45869166.6667
71393,45869166.6667
713930,45869166.6667
71394,45869166.6667
713940,45869166.6667
71395,45869166.6667
713950,45869166.6667
71399,45869166.6667
713990,45869166.6667
72,2672416000.0
721,803732609.851
7211,640401536.617
72111,213467178.872
721110,213467178.872
72112,213467178.872
721120,213467178.872
72119,213467178.872
721191,106733589.436
721199,106733589.436
7212,124467536.617
72121,124467536.617
721211,62233768.3086
721214,62233768.3086
7213,38863536.6172
72131,38863536.6172
721310,38863536.6172
722,1868683390.15
7223,-203.283820868
72231,-67.7612736225
722310,-67.7612736225
72232,-67.7612736225
722320,-67.7612736225
72233,-67.7612736225
722330,-67.7612736225
7224,934341796.716
72241,934341796.716
722410,934341796.716
7225,934341796.716
72251,934341796.716
722511,233585449.179
722513,233585449.179
722514,233585449.179
722515,233585449.179
81,4229405000.0
811,1718266274.07
8111,1523452068.52
81111,756720022.839
811111,189180005.71
811112,189180005.71
811113,189180005.71
811118,189180005.71
81112,315523022.839
811121,157761511.42
811122,157761511.42
81119,451209022.839
811191,-52658325.7203
811192,-52658325.7203
811198,556525674.28
8112,64938068.5173
81121,64938068.5173
811211,16234517.1293
811212,16234517.1293
811213,16234517.1293
811219,16234517.1293
8113,64938068.5173
81131,64938068.5173
811310,64938068.5173
8114,64938068.5173
81141,16234517.1293
811411,8117258.56466
811412,8117258.56466
81142,16234517.1293
811420,16234517.1293
81143,16234517.1293
811430,16234517.1293
81149,16234517.1293
811490,16234517.1293
812,2338228525.46
8121,584557131.365
81211,292278565.682
812111,97426188.5608
812112,97426188.5608
812113,97426188.5608
81219,292278565.682
812191,146139282.841
812199,146139282.841
8122,584557131.365
81221,292278565.682
812210,292278565.682
81222,292278565.682
812220,292278565.682
8123,584557131.365
81231,194852377.122
812310,194852377.122
81232,194852377.122
812320,194852377.122
81233,194852377.122
812331,97426188.5608
812332,97426188.5608
8129,584557131.365
81291,146139282.841
812910,146139282.841
81292,146139282.841
812921,73069641.4206
812922,73069641.4206
81293,146139282.841
812930,146139282.841
81299,146139282.841
812990,146139282.841
813,172910200.472
8131,34582040.0945
81311,34582040.0945
813110,34582040.0945
8132,34582040.0945
81321,34582040.0945
813211,11527346.6982
813212,11527346.6982
813219,11527346.6982
8133,34582040.0945
81331,34582040.0945
813311,11527346.6982
813312,11527346.6982
813319,11527346.6982
8134,34582040.0945
81341,34582040.0945
813410,34582040.0945
8139,34582040.0945
81391,6916408.0189
813910,6916408.0189
81392,6916408.0189
813920,6916408.0189
81393,6916408.0189
813930,6916408.0189
81394,6916408.0189
813940,6916408.0189
81399,6916408.0189
813990,6916408.0189
