Codes:,Financial_Income
1,1.36497e+13
11,149692476061.0
111,29938495212.2
1111,5987699042.44
11111,855385577.492
111110,855385577.492
11112,855385577.492
111120,855385577.492
11113,855385577.492
111130,855385577.492
11114,855385577.492
111140,855385577.492
11115,855385577.492
111150,855385577.492
11116,855385577.492
111160,855385577.492
11119,855385577.492
111191,427692788.746
111199,427692788.746
1112,5987699042.44
11121,5987699042.44
111211,2993849521.22
111219,2993849521.22
1113,5987699042.44
11131,1995899680.81
111310,1995899680.81
11132,1995899680.81
111320,1995899680.81
11133,1995899680.81
111331,285128525.831
111332,285128525.831
111333,285128525.831
111334,285128525.831
111335,285128525.831
111336,285128525.831
111339,285128525.831
1114,5987699042.44
11141,2993849521.22
111411,1496924760.61
111419,1496924760.61
11142,2993849521.22
111421,1496924760.61
111422,1496924760.61
1119,5987699042.44
11191,1197539808.49
111910,1197539808.49
11192,1197539808.49
111920,1197539808.49
11193,1197539808.49
111930,1197539808.49
11194,1197539808.49
111940,1197539808.49
11199,1197539808.49
111991,399179936.163
111992,399179936.163
111998,399179936.163
112,29938495212.2
1121,4989749202.04
11211,1663249734.01
112111,831624867.006
112112,831624867.006
11212,1663249734.01
112120,1663249734.01
11213,1663249734.01
112130,1663249734.01
1122,4989749202.04
11221,4989749202.04
112210,4989749202.04
1123,4989749202.04
11231,997949840.407
112310,997949840.407
11232,997949840.407
112320,997949840.407
11233,997949840.407
112330,997949840.407
11234,997949840.407
112340,997949840.407
11239,997949840.407
112390,997949840.407
1124,4989749202.04
11241,2494874601.02
112410,2494874601.02
11242,2494874601.02
112420,2494874601.02
1125,4989749202.04
11251,4989749202.04
112511,1663249734.01
112512,1663249734.01
112519,1663249734.01
1129,4989749202.04
11291,1247437300.51
112910,1247437300.51
11292,1247437300.51
112920,1247437300.51
11293,1247437300.51
112930,1247437300.51
11299,1247437300.51
112990,1247437300.51
113,29938495212.2
1131,9979498404.07
11311,9979498404.07
113110,9979498404.07
1132,9979498404.07
11321,9979498404.07
113210,9979498404.07
1133,9979498404.07
11331,9979498404.07
113310,9979498404.07
114,29938495212.2
1141,14969247606.1
11411,14969247606.1
114111,4989749202.04
114112,4989749202.04
114119,4989749202.04
1142,14969247606.1
11421,14969247606.1
114210,14969247606.1
115,29938495212.2
1151,9979498404.07
11511,9979498404.07
115111,1663249734.01
115112,1663249734.01
115113,1663249734.01
115114,1663249734.01
115115,1663249734.01
115116,1663249734.01
1152,9979498404.07
11521,9979498404.07
115210,9979498404.07
1153,9979498404.07
11531,9979498404.07
115310,9979498404.07
21,236650760910.0
211,78883586969.9
2111,78883586969.9
21111,78883586969.9
211111,39441793485.0
211112,39441793485.0
212,78883586969.9
2121,26294528990.0
21211,26294528990.0
212111,8764842996.66
212112,8764842996.66
212113,8764842996.66
2122,26294528990.0
21221,6573632247.5
212210,6573632247.5
21222,6573632247.5
212221,3286816123.75
212222,3286816123.75
21223,6573632247.5
212231,3286816123.75
212234,3286816123.75
21229,6573632247.5
212291,3286816123.75
212299,3286816123.75
2123,26294528990.0
21231,8764842996.66
212311,2191210749.17
212312,2191210749.17
212313,2191210749.17
212319,2191210749.17
21232,8764842996.66
212321,2191210749.17
212322,2191210749.17
212324,2191210749.17
212325,2191210749.17
21239,8764842996.66
212391,2191210749.17
212392,2191210749.17
212393,2191210749.17
212399,2191210749.17
213,78883586969.9
2131,78883586969.9
21311,78883586969.9
213111,15776717394.0
213112,15776717394.0
213113,15776717394.0
213114,15776717394.0
213115,15776717394.0
22,188823704243.0
221,188823704243.0
2211,62941234747.7
22111,31470617373.8
221111,3933827171.73
221112,3933827171.73
221113,3933827171.73
221114,3933827171.73
221115,3933827171.73
221116,3933827171.73
221117,3933827171.73
221118,3933827171.73
22112,31470617373.8
221121,15735308686.9
221122,15735308686.9
2212,62941234747.7
22121,62941234747.7
221210,62941234747.7
2213,62941234747.7
22131,20980411582.6
221310,20980411582.6
22132,20980411582.6
221320,20980411582.6
22133,20980411582.6
221330,20980411582.6
23,616250294158.0
236,205416764719.0
2361,102708382360.0
23611,102708382360.0
236115,25677095589.9
236116,25677095589.9
236117,25677095589.9
236118,25677095589.9
2362,102708382360.0
23621,51354191179.8
236210,51354191179.8
23622,51354191179.8
236220,51354191179.8
237,205416764719.0
2371,51354191179.8
23711,17118063726.6
237110,17118063726.6
23712,17118063726.6
237120,17118063726.6
23713,17118063726.6
237130,17118063726.6
2372,51354191179.8
23721,51354191179.8
237210,51354191179.8
2373,51354191179.8
23731,51354191179.8
237310,51354191179.8
2379,51354191179.8
23799,51354191179.8
237990,51354191179.8
238,205416764719.0
2381,51354191179.8
23811,6419273897.48
238110,6419273897.48
23812,6419273897.48
238120,6419273897.48
23813,6419273897.48
238130,6419273897.48
23814,6419273897.48
238140,6419273897.48
23815,6419273897.48
238150,6419273897.48
23816,6419273897.48
238160,6419273897.48
23817,6419273897.48
238170,6419273897.48
23819,6419273897.48
238190,6419273897.48
2382,51354191179.8
23821,17118063726.6
238210,17118063726.6
23822,17118063726.6
238220,17118063726.6
23829,17118063726.6
238290,17118063726.6
2383,51354191179.8
23831,8559031863.3
238310,8559031863.3
23832,8559031863.3
238320,8559031863.3
23833,8559031863.3
238330,8559031863.3
23834,8559031863.3
238340,8559031863.3
23835,8559031863.3
238350,8559031863.3
23839,8559031863.3
238390,8559031863.3
2389,51354191179.8
23891,25677095589.9
238910,25677095589.9
23899,25677095589.9
238990,25677095589.9
31.32.33,1.56161107659e+12
311,60201269000.6
3111,6689029888.95
31111,6689029888.95
311111,3344514944.48
311119,3344514944.48
3112,6689029888.95
31121,2229676629.65
311211,743225543.217
311212,743225543.217
311213,743225543.217
31122,2229676629.65
311221,743225543.217
311224,743225543.217
311225,743225543.217
31123,2229676629.65
311230,2229676629.65
3113,6689029888.95
31131,2229676629.65
311313,1114838314.83
311314,1114838314.83
31134,2229676629.65
311340,2229676629.65
31135,2229676629.65
311351,1114838314.83
311352,1114838314.83
3114,6689029888.95
31141,3344514944.48
311411,1672257472.24
311412,1672257472.24
31142,3344514944.48
311421,1114838314.83
311422,1114838314.83
311423,1114838314.83
3115,6689029888.95
31151,3344514944.48
311511,836128736.119
311512,836128736.119
311513,836128736.119
311514,836128736.119
31152,3344514944.48
311520,3344514944.48
3116,6689029888.95
31161,6689029888.95
311611,1672257472.24
311612,1672257472.24
311613,1672257472.24
311615,1672257472.24
3117,6689029888.95
31171,6689029888.95
311710,6689029888.95
3118,6689029888.95
31181,2229676629.65
311811,743225543.217
311812,743225543.217
311813,743225543.217
31182,2229676629.65
311821,1114838314.83
311824,1114838314.83
31183,2229676629.65
311830,2229676629.65
3119,6689029888.95
31191,1337805977.79
311911,668902988.895
311919,668902988.895
31192,1337805977.79
311920,1337805977.79
31193,1337805977.79
311930,1337805977.79
31194,1337805977.79
311941,668902988.895
311942,668902988.895
31199,1337805977.79
311991,668902988.895
311999,668902988.895
312,60201269000.6
3121,30100634500.3
31211,7525158625.07
312111,2508386208.36
312112,2508386208.36
312113,2508386208.36
31212,7525158625.07
312120,7525158625.07
31213,7525158625.07
312130,7525158625.07
31214,7525158625.07
312140,7525158625.07
3122,30100634500.3
31223,30100634500.3
312230,30100634500.3
313,60201269000.6
3131,20067089666.9
31311,20067089666.9
313110,20067089666.9
3132,20067089666.9
31321,5016772416.72
313210,5016772416.72
31322,5016772416.72
313220,5016772416.72
31323,5016772416.72
313230,5016772416.72
31324,5016772416.72
313240,5016772416.72
3133,20067089666.9
31331,10033544833.4
313310,10033544833.4
31332,10033544833.4
313320,10033544833.4
314,60201269000.6
3141,30100634500.3
31411,15050317250.1
314110,15050317250.1
31412,15050317250.1
314120,15050317250.1
3149,30100634500.3
31491,15050317250.1
314910,15050317250.1
31499,15050317250.1
314994,7525158625.07
314999,7525158625.07
315,60201269000.6
3151,20067089666.9
31511,10033544833.4
315110,10033544833.4
31519,10033544833.4
315190,10033544833.4
3152,20067089666.9
31521,5016772416.72
315210,5016772416.72
31522,5016772416.72
315220,5016772416.72
31524,5016772416.72
315240,5016772416.72
31528,5016772416.72
315280,5016772416.72
3159,20067089666.9
31599,20067089666.9
315990,20067089666.9
316,60201269000.6
3161,20067089666.9
31611,20067089666.9
316110,20067089666.9
3162,20067089666.9
31621,20067089666.9
316210,20067089666.9
3169,20067089666.9
31699,20067089666.9
316992,10033544833.4
316998,10033544833.4
321,89939711757.9
3211,29979903919.3
32111,29979903919.3
321113,14989951959.6
321114,14989951959.6
3212,29979903919.3
32121,29979903919.3
321211,5995980783.86
321212,5995980783.86
321213,5995980783.86
321214,5995980783.86
321219,5995980783.86
3219,29979903919.3
32191,9993301306.43
321911,3331100435.48
321912,3331100435.48
321918,3331100435.48
32192,9993301306.43
321920,9993301306.43
32199,9993301306.43
321991,3331100435.48
321992,3331100435.48
321999,3331100435.48
322,60201269000.6
3221,30100634500.3
32211,10033544833.4
322110,10033544833.4
32212,10033544833.4
322121,5016772416.72
322122,5016772416.72
32213,10033544833.4
322130,10033544833.4
3222,30100634500.3
32221,7525158625.07
322211,2508386208.36
322212,2508386208.36
322219,2508386208.36
32222,7525158625.07
322220,7525158625.07
32223,7525158625.07
322230,7525158625.07
32229,7525158625.07
322291,3762579312.54
322299,3762579312.54
323,60201269000.6
3231,60201269000.6
32311,30100634500.3
323111,10033544833.4
323113,10033544833.4
323117,10033544833.4
32312,30100634500.3
323120,30100634500.3
324,60201269000.6
3241,60201269000.6
32411,20067089666.9
324110,20067089666.9
32412,20067089666.9
324121,10033544833.4
324122,10033544833.4
32419,20067089666.9
324191,10033544833.4
324199,10033544833.4
325,60201269000.6
3251,8600181285.8
32511,1720036257.16
325110,1720036257.16
32512,1720036257.16
325120,1720036257.16
32513,1720036257.16
325130,1720036257.16
32518,1720036257.16
325180,1720036257.16
32519,1720036257.16
325193,573345419.053
325194,573345419.053
325199,573345419.053
3252,8600181285.8
32521,4300090642.9
325211,2150045321.45
325212,2150045321.45
32522,4300090642.9
325220,4300090642.9
3253,8600181285.8
32531,4300090642.9
325311,1433363547.63
325312,1433363547.63
325314,1433363547.63
32532,4300090642.9
325320,4300090642.9
3254,8600181285.8
32541,8600181285.8
325411,2150045321.45
325412,2150045321.45
325413,2150045321.45
325414,2150045321.45
3255,8600181285.8
32551,4300090642.9
325510,4300090642.9
32552,4300090642.9
325520,4300090642.9
3256,8600181285.8
32561,4300090642.9
325611,1433363547.63
325612,1433363547.63
325613,1433363547.63
32562,4300090642.9
325620,4300090642.9
3259,8600181285.8
32591,2866727095.27
325910,2866727095.27
32592,2866727095.27
325920,2866727095.27
32599,2866727095.27
325991,955575698.422
325992,955575698.422
325998,955575698.422
326,60201269000.6
3261,30100634500.3
32611,4300090642.9
326111,1433363547.63
326112,1433363547.63
326113,1433363547.63
32612,4300090642.9
326121,2150045321.45
326122,2150045321.45
32613,4300090642.9
326130,4300090642.9
32614,4300090642.9
326140,4300090642.9
32615,4300090642.9
326150,4300090642.9
32616,4300090642.9
326160,4300090642.9
32619,4300090642.9
326191,2150045321.45
326199,2150045321.45
3262,30100634500.3
32621,10033544833.4
326211,5016772416.72
326212,5016772416.72
32622,10033544833.4
326220,10033544833.4
32629,10033544833.4
326291,5016772416.72
326299,5016772416.72
327,89939711757.9
3271,17987942351.6
32711,8993971175.79
327110,8993971175.79
32712,8993971175.79
327120,8993971175.79
3272,17987942351.6
32721,17987942351.6
327211,4496985587.89
327212,4496985587.89
327213,4496985587.89
327215,4496985587.89
3273,17987942351.6
32731,4496985587.89
327310,4496985587.89
32732,4496985587.89
327320,4496985587.89
32733,4496985587.89
327331,2248492793.95
327332,2248492793.95
32739,4496985587.89
327390,4496985587.89
3274,17987942351.6
32741,8993971175.79
327410,8993971175.79
32742,8993971175.79
327420,8993971175.79
3279,17987942351.6
32791,8993971175.79
327910,8993971175.79
32799,8993971175.79
327991,2248492793.95
327992,2248492793.95
327993,2248492793.95
327999,2248492793.95
331,89939711757.9
3311,17987942351.6
33111,17987942351.6
331110,17987942351.6
3312,17987942351.6
33121,8993971175.79
331210,8993971175.79
33122,8993971175.79
331221,4496985587.89
331222,4496985587.89
3313,17987942351.6
33131,17987942351.6
331313,4496985587.89
331314,4496985587.89
331315,4496985587.89
331318,4496985587.89
3314,17987942351.6
33141,5995980783.86
331410,5995980783.86
33142,5995980783.86
331420,5995980783.86
33149,5995980783.86
331491,2997990391.93
331492,2997990391.93
3315,17987942351.6
33151,8993971175.79
331511,2997990391.93
331512,2997990391.93
331513,2997990391.93
33152,8993971175.79
331523,2997990391.93
331524,2997990391.93
331529,2997990391.93
332,89939711757.9
3321,9993301306.43
33211,9993301306.43
332111,1998660261.29
332112,1998660261.29
332114,1998660261.29
332117,1998660261.29
332119,1998660261.29
3322,9993301306.43
33221,9993301306.43
332215,4996650653.21
332216,4996650653.21
3323,9993301306.43
33231,4996650653.21
332311,1665550217.74
332312,1665550217.74
332313,1665550217.74
33232,4996650653.21
332321,1665550217.74
332322,1665550217.74
332323,1665550217.74
3324,9993301306.43
33241,3331100435.48
332410,3331100435.48
33242,3331100435.48
332420,3331100435.48
33243,3331100435.48
332431,1665550217.74
332439,1665550217.74
3325,9993301306.43
33251,9993301306.43
332510,9993301306.43
3326,9993301306.43
33261,9993301306.43
332613,4996650653.21
332618,4996650653.21
3327,9993301306.43
33271,4996650653.21
332710,4996650653.21
33272,4996650653.21
332721,2498325326.61
332722,2498325326.61
3328,9993301306.43
33281,9993301306.43
332811,3331100435.48
332812,3331100435.48
332813,3331100435.48
3329,9993301306.43
33291,4996650653.21
332911,1249162663.3
332912,1249162663.3
332913,1249162663.3
332919,1249162663.3
33299,4996650653.21
332991,832775108.869
332992,832775108.869
332993,832775108.869
332994,832775108.869
332996,832775108.869
332999,832775108.869
333,89939711757.9
3331,12848530251.1
33311,4282843417.04
333111,2141421708.52
333112,2141421708.52
33312,4282843417.04
333120,4282843417.04
33313,4282843417.04
333131,2141421708.52
333132,2141421708.52
3332,12848530251.1
33324,12848530251.1
333241,2569706050.22
333242,2569706050.22
333243,2569706050.22
333244,2569706050.22
333249,2569706050.22
3333,12848530251.1
33331,12848530251.1
333314,4282843417.04
333316,4282843417.04
333318,4282843417.04
3334,12848530251.1
33341,12848530251.1
333413,4282843417.04
333414,4282843417.04
333415,4282843417.04
3335,12848530251.1
33351,12848530251.1
333511,2569706050.22
333514,2569706050.22
333515,2569706050.22
333517,2569706050.22
333519,2569706050.22
3336,12848530251.1
33361,12848530251.1
333611,3212132562.78
333612,3212132562.78
333613,3212132562.78
333618,3212132562.78
3339,12848530251.1
33391,4282843417.04
333911,1427614472.35
333912,1427614472.35
333913,1427614472.35
33392,4282843417.04
333921,1070710854.26
333922,1070710854.26
333923,1070710854.26
333924,1070710854.26
33399,4282843417.04
333991,535355427.13
333992,535355427.13
333993,535355427.13
333994,535355427.13
333995,535355427.13
333996,535355427.13
333997,535355427.13
333999,535355427.13
334,89939711757.9
3341,14989951959.6
33411,14989951959.6
334111,4996650653.21
334112,4996650653.21
334118,4996650653.21
3342,14989951959.6
33421,4996650653.21
334210,4996650653.21
33422,4996650653.21
334220,4996650653.21
33429,4996650653.21
334290,4996650653.21
3343,14989951959.6
33431,14989951959.6
334310,14989951959.6
3344,14989951959.6
33441,14989951959.6
334412,2498325326.61
334413,2498325326.61
334416,2498325326.61
334417,2498325326.61
334418,2498325326.61
334419,2498325326.61
3345,14989951959.6
33451,14989951959.6
334510,1665550217.74
334511,1665550217.74
334512,1665550217.74
334513,1665550217.74
334514,1665550217.74
334515,1665550217.74
334516,1665550217.74
334517,1665550217.74
334519,1665550217.74
3346,14989951959.6
33461,14989951959.6
334613,7494975979.82
334614,7494975979.82
335,89939711757.9
3351,22484927939.5
33511,11242463969.7
335110,11242463969.7
33512,11242463969.7
335121,3747487989.91
335122,3747487989.91
335129,3747487989.91
3352,22484927939.5
33521,11242463969.7
335210,11242463969.7
33522,11242463969.7
335221,2810615992.43
335222,2810615992.43
335224,2810615992.43
335228,2810615992.43
3353,22484927939.5
33531,22484927939.5
335311,5621231984.87
335312,5621231984.87
335313,5621231984.87
335314,5621231984.87
3359,22484927939.5
33591,5621231984.87
335911,2810615992.43
335912,2810615992.43
33592,5621231984.87
335921,2810615992.43
335929,2810615992.43
33593,5621231984.87
335931,2810615992.43
335932,2810615992.43
33599,5621231984.87
335991,2810615992.43
335999,2810615992.43
336,89939711757.9
3361,12848530251.1
33611,6424265125.56
336111,3212132562.78
336112,3212132562.78
33612,6424265125.56
336120,6424265125.56
3362,12848530251.1
33621,12848530251.1
336211,3212132562.78
336212,3212132562.78
336213,3212132562.78
336214,3212132562.78
3363,12848530251.1
33631,1606066281.39
336310,1606066281.39
33632,1606066281.39
336320,1606066281.39
33633,1606066281.39
336330,1606066281.39
33634,1606066281.39
336340,1606066281.39
33635,1606066281.39
336350,1606066281.39
33636,1606066281.39
336360,1606066281.39
33637,1606066281.39
336370,1606066281.39
33639,1606066281.39
336390,1606066281.39
3364,12848530251.1
33641,12848530251.1
336411,2141421708.52
336412,2141421708.52
336413,2141421708.52
336414,2141421708.52
336415,2141421708.52
336419,2141421708.52
3365,12848530251.1
33651,12848530251.1
336510,12848530251.1
3366,12848530251.1
33661,12848530251.1
336611,6424265125.56
336612,6424265125.56
3369,12848530251.1
33699,12848530251.1
336991,4282843417.04
336992,4282843417.04
336999,4282843417.04
337,89939711757.9
3371,29979903919.3
33711,14989951959.6
337110,14989951959.6
33712,14989951959.6
337121,2997990391.93
337122,2997990391.93
337124,2997990391.93
337125,2997990391.93
337127,2997990391.93
3372,29979903919.3
33721,29979903919.3
337211,7494975979.82
337212,7494975979.82
337214,7494975979.82
337215,7494975979.82
3379,29979903919.3
33791,14989951959.6
337910,14989951959.6
33792,14989951959.6
337920,14989951959.6
339,89939711757.9
3391,44969855878.9
33911,44969855878.9
339112,8993971175.79
339113,8993971175.79
339114,8993971175.79
339115,8993971175.79
339116,8993971175.79
3399,44969855878.9
33991,7494975979.82
339910,7494975979.82
33992,7494975979.82
339920,7494975979.82
33993,7494975979.82
339930,7494975979.82
33994,7494975979.82
339940,7494975979.82
33995,7494975979.82
339950,7494975979.82
33999,7494975979.82
339991,1249162663.3
339992,1249162663.3
339993,1249162663.3
339994,1249162663.3
339995,1249162663.3
339999,1249162663.3
42,846778481951.0
423,282259493984.0
4231,31362165998.2
42311,7840541499.54
423110,7840541499.54
42312,7840541499.54
423120,7840541499.54
42313,7840541499.54
423130,7840541499.54
42314,7840541499.54
423140,7840541499.54
4232,31362165998.2
42321,15681082999.1
423210,15681082999.1
42322,15681082999.1
423220,15681082999.1
4233,31362165998.2
42331,7840541499.54
423310,7840541499.54
42332,7840541499.54
423320,7840541499.54
42333,7840541499.54
423330,7840541499.54
42339,7840541499.54
423390,7840541499.54
4234,31362165998.2
42341,4480309428.31
423410,4480309428.31
42342,4480309428.31
423420,4480309428.31
42343,4480309428.31
423430,4480309428.31
42344,4480309428.31
423440,4480309428.31
42345,4480309428.31
423450,4480309428.31
42346,4480309428.31
423460,4480309428.31
42349,4480309428.31
423490,4480309428.31
4235,31362165998.2
42351,15681082999.1
423510,15681082999.1
42352,15681082999.1
423520,15681082999.1
4236,31362165998.2
42361,10454055332.7
423610,10454055332.7
42362,10454055332.7
423620,10454055332.7
42369,10454055332.7
423690,10454055332.7
4237,31362165998.2
42371,7840541499.54
423710,7840541499.54
42372,7840541499.54
423720,7840541499.54
42373,7840541499.54
423730,7840541499.54
42374,7840541499.54
423740,7840541499.54
4238,31362165998.2
42381,5227027666.36
423810,5227027666.36
42382,5227027666.36
423820,5227027666.36
42383,5227027666.36
423830,5227027666.36
42384,5227027666.36
423840,5227027666.36
42385,5227027666.36
423850,5227027666.36
42386,5227027666.36
423860,5227027666.36
4239,31362165998.2
42391,6272433199.64
423910,6272433199.64
42392,6272433199.64
423920,6272433199.64
42393,6272433199.64
423930,6272433199.64
42394,6272433199.64
423940,6272433199.64
42399,6272433199.64
423990,6272433199.64
424,282259493984.0
4241,31362165998.2
42411,10454055332.7
424110,10454055332.7
42412,10454055332.7
424120,10454055332.7
42413,10454055332.7
424130,10454055332.7
4242,31362165998.2
42421,31362165998.2
424210,31362165998.2
4243,31362165998.2
42431,7840541499.54
424310,7840541499.54
42432,7840541499.54
424320,7840541499.54
42433,7840541499.54
424330,7840541499.54
42434,7840541499.54
424340,7840541499.54
4244,31362165998.2
42441,3484685110.91
424410,3484685110.91
42442,3484685110.91
424420,3484685110.91
42443,3484685110.91
424430,3484685110.91
42444,3484685110.91
424440,3484685110.91
42445,3484685110.91
424450,3484685110.91
42446,3484685110.91
424460,3484685110.91
42447,3484685110.91
424470,3484685110.91
42448,3484685110.91
424480,3484685110.91
42449,3484685110.91
424490,3484685110.91
4245,31362165998.2
42451,10454055332.7
424510,10454055332.7
42452,10454055332.7
424520,10454055332.7
42459,10454055332.7
424590,10454055332.7
4246,31362165998.2
42461,15681082999.1
424610,15681082999.1
42469,15681082999.1
424690,15681082999.1
4247,31362165998.2
42471,15681082999.1
424710,15681082999.1
42472,15681082999.1
424720,15681082999.1
4248,31362165998.2
42481,15681082999.1
424810,15681082999.1
42482,15681082999.1
424820,15681082999.1
4249,31362165998.2
42491,5227027666.36
424910,5227027666.36
42492,5227027666.36
424920,5227027666.36
42493,5227027666.36
424930,5227027666.36
42494,5227027666.36
424940,5227027666.36
42495,5227027666.36
424950,5227027666.36
42499,5227027666.36
424990,5227027666.36
425,282259493984.0
4251,282259493984.0
42511,141129746992.0
425110,141129746992.0
42512,141129746992.0
425120,141129746992.0
44.45,959291854592.0
441,79940987882.6
4411,26646995960.9
44111,13323497980.4
441110,13323497980.4
44112,13323497980.4
441120,13323497980.4
4412,26646995960.9
44121,13323497980.4
441210,13323497980.4
44122,13323497980.4
441222,6661748990.22
441228,6661748990.22
4413,26646995960.9
44131,13323497980.4
441310,13323497980.4
44132,13323497980.4
441320,13323497980.4
442,79940987882.6
4421,39970493941.3
44211,39970493941.3
442110,39970493941.3
4422,39970493941.3
44221,19985246970.7
442210,19985246970.7
44229,19985246970.7
442291,9992623485.33
442299,9992623485.33
443,79940987882.6
4431,79940987882.6
44314,79940987882.6
443141,39970493941.3
443142,39970493941.3
444,79940987882.6
4441,39970493941.3
44411,9992623485.33
444110,9992623485.33
44412,9992623485.33
444120,9992623485.33
44413,9992623485.33
444130,9992623485.33
44419,9992623485.33
444190,9992623485.33
4442,39970493941.3
44421,19985246970.7
444210,19985246970.7
44422,19985246970.7
444220,19985246970.7
445,79940987882.6
4451,26646995960.9
44511,13323497980.4
445110,13323497980.4
44512,13323497980.4
445120,13323497980.4
4452,26646995960.9
44521,6661748990.22
445210,6661748990.22
44522,6661748990.22
445220,6661748990.22
44523,6661748990.22
445230,6661748990.22
44529,6661748990.22
445291,2220582996.74
445292,2220582996.74
445299,2220582996.74
4453,26646995960.9
44531,26646995960.9
445310,26646995960.9
446,79940987882.6
4461,79940987882.6
44611,19985246970.7
446110,19985246970.7
44612,19985246970.7
446120,19985246970.7
44613,19985246970.7
446130,19985246970.7
44619,19985246970.7
446191,9992623485.33
446199,9992623485.33
447,79940987882.6
4471,79940987882.6
44711,39970493941.3
447110,39970493941.3
44719,39970493941.3
447190,39970493941.3
448,79940987882.6
4481,26646995960.9
44811,4441165993.48
448110,4441165993.48
44812,4441165993.48
448120,4441165993.48
44813,4441165993.48
448130,4441165993.48
44814,4441165993.48
448140,4441165993.48
44815,4441165993.48
448150,4441165993.48
44819,4441165993.48
448190,4441165993.48
4482,26646995960.9
44821,26646995960.9
448210,26646995960.9
4483,26646995960.9
44831,13323497980.4
448310,13323497980.4
44832,13323497980.4
448320,13323497980.4
451,79940987882.6
4511,39970493941.3
45111,9992623485.33
451110,9992623485.33
45112,9992623485.33
451120,9992623485.33
45113,9992623485.33
451130,9992623485.33
45114,9992623485.33
451140,9992623485.33
4512,39970493941.3
45121,39970493941.3
451211,19985246970.7
451212,19985246970.7
452,79940987882.6
4521,39970493941.3
45211,39970493941.3
452111,19985246970.7
452112,19985246970.7
4529,39970493941.3
45291,19985246970.7
452910,19985246970.7
45299,19985246970.7
452990,19985246970.7
453,79940987882.6
4531,19985246970.7
45311,19985246970.7
453110,19985246970.7
4532,19985246970.7
45321,9992623485.33
453210,9992623485.33
45322,9992623485.33
453220,9992623485.33
4533,19985246970.7
45331,19985246970.7
453310,19985246970.7
4539,19985246970.7
45391,4996311742.67
453910,4996311742.67
45392,4996311742.67
453920,4996311742.67
45393,4996311742.67
453930,4996311742.67
45399,4996311742.67
453991,2498155871.33
453998,2498155871.33
454,79940987882.6
4541,26646995960.9
45411,26646995960.9
454111,8882331986.96
454112,8882331986.96
454113,8882331986.96
4542,26646995960.9
45421,26646995960.9
454210,26646995960.9
4543,26646995960.9
45431,13323497980.4
454310,13323497980.4
45439,13323497980.4
454390,13323497980.4
48.49,422901209785.0
481,38445564525.9
4811,19222782262.9
48111,19222782262.9
481111,9611391131.47
481112,9611391131.47
4812,19222782262.9
48121,19222782262.9
481211,6407594087.65
481212,6407594087.65
481219,6407594087.65
482,38445564525.9
4821,38445564525.9
48211,38445564525.9
482111,19222782262.9
482112,19222782262.9
483,38445564525.9
4831,19222782262.9
48311,19222782262.9
483111,4805695565.74
483112,4805695565.74
483113,4805695565.74
483114,4805695565.74
4832,19222782262.9
48321,19222782262.9
483211,9611391131.47
483212,9611391131.47
484,38445564525.9
4841,19222782262.9
48411,9611391131.47
484110,9611391131.47
48412,9611391131.47
484121,4805695565.74
484122,4805695565.74
4842,19222782262.9
48421,6407594087.65
484210,6407594087.65
48422,6407594087.65
484220,6407594087.65
48423,6407594087.65
484230,6407594087.65
485,38445564525.9
4851,6407594087.65
48511,6407594087.65
485111,1601898521.91
485112,1601898521.91
485113,1601898521.91
485119,1601898521.91
4852,6407594087.65
48521,6407594087.65
485210,6407594087.65
4853,6407594087.65
48531,3203797043.82
485310,3203797043.82
48532,3203797043.82
485320,3203797043.82
4854,6407594087.65
48541,6407594087.65
485410,6407594087.65
4855,6407594087.65
48551,6407594087.65
485510,6407594087.65
4859,6407594087.65
48599,6407594087.65
485991,3203797043.82
485999,3203797043.82
486,38445564525.9
4861,12815188175.3
48611,12815188175.3
486110,12815188175.3
4862,12815188175.3
48621,12815188175.3
486210,12815188175.3
4869,12815188175.3
48691,6407594087.65
486910,6407594087.65
48699,6407594087.65
486990,6407594087.65
487,38445564525.9
4871,12815188175.3
48711,12815188175.3
487110,12815188175.3
4872,12815188175.3
48721,12815188175.3
487210,12815188175.3
4879,12815188175.3
48799,12815188175.3
487990,12815188175.3
488,38445564525.9
4881,6407594087.65
48811,3203797043.82
488111,1601898521.91
488119,1601898521.91
48819,3203797043.82
488190,3203797043.82
4882,6407594087.65
48821,6407594087.65
488210,6407594087.65
4883,6407594087.65
48831,1601898521.91
488310,1601898521.91
48832,1601898521.91
488320,1601898521.91
48833,1601898521.91
488330,1601898521.91
48839,1601898521.91
488390,1601898521.91
4884,6407594087.65
48841,3203797043.82
488410,3203797043.82
48849,3203797043.82
488490,3203797043.82
4885,6407594087.65
48851,6407594087.65
488510,6407594087.65
4889,6407594087.65
48899,6407594087.65
488991,3203797043.82
488999,3203797043.82
491,38445564525.9
4911,38445564525.9
49111,38445564525.9
491110,38445564525.9
492,38445564525.9
4921,19222782262.9
49211,19222782262.9
492110,19222782262.9
4922,19222782262.9
49221,19222782262.9
492210,19222782262.9
493,38445564525.9
4931,38445564525.9
49311,9611391131.47
493110,9611391131.47
49312,9611391131.47
493120,9611391131.47
49313,9611391131.47
493130,9611391131.47
49319,9611391131.47
493190,9611391131.47
51,512965147664.0
511,85494191277.3
5111,42747095638.7
51111,8549419127.73
511110,8549419127.73
51112,8549419127.73
511120,8549419127.73
51113,8549419127.73
511130,8549419127.73
51114,8549419127.73
511140,8549419127.73
51119,8549419127.73
511191,4274709563.87
511199,4274709563.87
5112,42747095638.7
51121,42747095638.7
511210,42747095638.7
512,85494191277.3
5121,42747095638.7
51211,10686773909.7
512110,10686773909.7
51212,10686773909.7
512120,10686773909.7
51213,10686773909.7
512131,5343386954.83
512132,5343386954.83
51219,10686773909.7
512191,5343386954.83
512199,5343386954.83
5122,42747095638.7
51221,8549419127.73
512210,8549419127.73
51222,8549419127.73
512220,8549419127.73
51223,8549419127.73
512230,8549419127.73
51224,8549419127.73
512240,8549419127.73
51229,8549419127.73
512290,8549419127.73
515,85494191277.3
5151,42747095638.7
51511,21373547819.3
515111,10686773909.7
515112,10686773909.7
51512,21373547819.3
515120,21373547819.3
5152,42747095638.7
51521,42747095638.7
515210,42747095638.7
517,85494191277.3
5171,21373547819.3
51711,21373547819.3
517110,21373547819.3
5172,21373547819.3
51721,21373547819.3
517210,21373547819.3
5174,21373547819.3
51741,21373547819.3
517410,21373547819.3
5179,21373547819.3
51791,21373547819.3
517911,10686773909.7
517919,10686773909.7
518,85494191277.3
5182,85494191277.3
51821,85494191277.3
518210,85494191277.3
519,85494191277.3
5191,85494191277.3
51911,21373547819.3
519110,21373547819.3
51912,21373547819.3
519120,21373547819.3
51913,21373547819.3
519130,21373547819.3
51919,21373547819.3
519190,21373547819.3
52,1.22708787875e+12
521,245417575750.0
5211,245417575750.0
52111,245417575750.0
521110,245417575750.0
522,245417575750.0
5221,81805858583.2
52211,20451464645.8
522110,20451464645.8
52212,20451464645.8
522120,20451464645.8
52213,20451464645.8
522130,20451464645.8
52219,20451464645.8
522190,20451464645.8
5222,81805858583.2
52221,27268619527.7
522210,27268619527.7
52222,27268619527.7
522220,27268619527.7
52229,27268619527.7
522291,5453723905.55
522292,5453723905.55
522293,5453723905.55
522294,5453723905.55
522298,5453723905.55
5223,81805858583.2
52231,27268619527.7
522310,27268619527.7
52232,27268619527.7
522320,27268619527.7
52239,27268619527.7
522390,27268619527.7
523,245417575750.0
5231,81805858583.2
52311,20451464645.8
523110,20451464645.8
52312,20451464645.8
523120,20451464645.8
52313,20451464645.8
523130,20451464645.8
52314,20451464645.8
523140,20451464645.8
5232,81805858583.2
52321,81805858583.2
523210,81805858583.2
5239,81805858583.2
52391,20451464645.8
523910,20451464645.8
52392,20451464645.8
523920,20451464645.8
52393,20451464645.8
523930,20451464645.8
52399,20451464645.8
523991,10225732322.9
523999,10225732322.9
524,245417575750.0
5241,122708787875.0
52411,40902929291.6
524113,20451464645.8
524114,20451464645.8
52412,40902929291.6
524126,13634309763.9
524127,13634309763.9
524128,13634309763.9
52413,40902929291.6
524130,40902929291.6
5242,122708787875.0
52421,61354393937.4
524210,61354393937.4
52429,61354393937.4
524291,20451464645.8
524292,20451464645.8
524298,20451464645.8
525,245417575750.0
5251,122708787875.0
52511,40902929291.6
525110,40902929291.6
52512,40902929291.6
525120,40902929291.6
52519,40902929291.6
525190,40902929291.6
5259,122708787875.0
52591,40902929291.6
525910,40902929291.6
52592,40902929291.6
525920,40902929291.6
52599,40902929291.6
525990,40902929291.6
53,1.22708787875e+12
531,409029292916.0
5311,136343097639.0
53111,34085774409.7
531110,34085774409.7
53112,34085774409.7
531120,34085774409.7
53113,34085774409.7
531130,34085774409.7
53119,34085774409.7
531190,34085774409.7
5312,136343097639.0
53121,136343097639.0
531210,136343097639.0
5313,136343097639.0
53131,45447699212.9
531311,22723849606.5
531312,22723849606.5
53132,45447699212.9
531320,45447699212.9
53139,45447699212.9
531390,45447699212.9
532,409029292916.0
5321,102257323229.0
53211,51128661614.5
532111,25564330807.3
532112,25564330807.3
53212,51128661614.5
532120,51128661614.5
5322,102257323229.0
53221,25564330807.3
532210,25564330807.3
53222,25564330807.3
532220,25564330807.3
53223,25564330807.3
532230,25564330807.3
53229,25564330807.3
532291,8521443602.42
532292,8521443602.42
532299,8521443602.42
5323,102257323229.0
53231,102257323229.0
532310,102257323229.0
5324,102257323229.0
53241,34085774409.7
532411,17042887204.8
532412,17042887204.8
53242,34085774409.7
532420,34085774409.7
53249,34085774409.7
532490,34085774409.7
533,409029292916.0
5331,409029292916.0
53311,409029292916.0
533110,409029292916.0
54,1.87182144784e+12
541,1.87182144784e+12
5411,207980160871.0
54111,69326720290.4
541110,69326720290.4
54112,69326720290.4
541120,69326720290.4
54119,69326720290.4
541191,34663360145.2
541199,34663360145.2
5412,207980160871.0
54121,207980160871.0
541211,51995040217.8
541213,51995040217.8
541214,51995040217.8
541219,51995040217.8
5413,207980160871.0
54131,25997520108.9
541310,25997520108.9
54132,25997520108.9
541320,25997520108.9
54133,25997520108.9
541330,25997520108.9
54134,25997520108.9
541340,25997520108.9
54135,25997520108.9
541350,25997520108.9
54136,25997520108.9
541360,25997520108.9
54137,25997520108.9
541370,25997520108.9
54138,25997520108.9
541380,25997520108.9
5414,207980160871.0
54141,51995040217.8
541410,51995040217.8
54142,51995040217.8
541420,51995040217.8
54143,51995040217.8
541430,51995040217.8
54149,51995040217.8
541490,51995040217.8
5415,207980160871.0
54151,207980160871.0
541511,51995040217.8
541512,51995040217.8
541513,51995040217.8
541519,51995040217.8
5416,207980160871.0
54161,69326720290.4
541611,13865344058.1
541612,13865344058.1
541613,13865344058.1
541614,13865344058.1
541618,13865344058.1
54162,69326720290.4
541620,69326720290.4
54169,69326720290.4
541690,69326720290.4
5417,207980160871.0
54171,103990080436.0
541711,51995040217.8
541712,51995040217.8
54172,103990080436.0
541720,103990080436.0
5418,207980160871.0
54181,25997520108.9
541810,25997520108.9
54182,25997520108.9
541820,25997520108.9
54183,25997520108.9
541830,25997520108.9
54184,25997520108.9
541840,25997520108.9
54185,25997520108.9
541850,25997520108.9
54186,25997520108.9
541860,25997520108.9
54187,25997520108.9
541870,25997520108.9
54189,25997520108.9
541890,25997520108.9
5419,207980160871.0
54191,41596032174.3
541910,41596032174.3
54192,41596032174.3
541921,20798016087.1
541922,20798016087.1
54193,41596032174.3
541930,41596032174.3
54194,41596032174.3
541940,41596032174.3
54199,41596032174.3
541990,41596032174.3
61,672418247535.0
611,672418247535.0
6111,96059749647.8
61111,96059749647.8
611110,96059749647.8
6112,96059749647.8
61121,96059749647.8
611210,96059749647.8
6113,96059749647.8
61131,96059749647.8
611310,96059749647.8
6114,96059749647.8
61141,32019916549.3
611410,32019916549.3
61142,32019916549.3
611420,32019916549.3
61143,32019916549.3
611430,32019916549.3
6115,96059749647.8
61151,96059749647.8
611511,24014937412.0
611512,24014937412.0
611513,24014937412.0
611519,24014937412.0
6116,96059749647.8
61161,24014937412.0
611610,24014937412.0
61162,24014937412.0
611620,24014937412.0
61163,24014937412.0
611630,24014937412.0
61169,24014937412.0
611691,8004979137.32
611692,8004979137.32
611699,8004979137.32
6117,96059749647.8
61171,96059749647.8
611710,96059749647.8
62,672418247535.0
621,168104561884.0
6211,24014937412.0
62111,24014937412.0
621111,12007468706.0
621112,12007468706.0
6212,24014937412.0
62121,24014937412.0
621210,24014937412.0
6213,24014937412.0
62131,4802987482.39
621310,4802987482.39
62132,4802987482.39
621320,4802987482.39
62133,4802987482.39
621330,4802987482.39
62134,4802987482.39
621340,4802987482.39
62139,4802987482.39
621391,2401493741.2
621399,2401493741.2
6214,24014937412.0
62141,8004979137.32
621410,8004979137.32
62142,8004979137.32
621420,8004979137.32
62149,8004979137.32
621491,2001244784.33
621492,2001244784.33
621493,2001244784.33
621498,2001244784.33
6215,24014937412.0
62151,24014937412.0
621511,12007468706.0
621512,12007468706.0
6216,24014937412.0
62161,24014937412.0
621610,24014937412.0
6219,24014937412.0
62191,12007468706.0
621910,12007468706.0
62199,12007468706.0
621991,6003734352.99
621999,6003734352.99
622,168104561884.0
6221,56034853961.2
62211,56034853961.2
622110,56034853961.2
6222,56034853961.2
62221,56034853961.2
622210,56034853961.2
6223,56034853961.2
62231,56034853961.2
622310,56034853961.2
623,168104561884.0
6231,42026140470.9
62311,42026140470.9
623110,42026140470.9
6232,42026140470.9
62321,21013070235.5
623210,21013070235.5
62322,21013070235.5
623220,21013070235.5
6233,42026140470.9
62331,42026140470.9
623311,21013070235.5
623312,21013070235.5
6239,42026140470.9
62399,42026140470.9
623990,42026140470.9
624,168104561884.0
6241,42026140470.9
62411,14008713490.3
624110,14008713490.3
62412,14008713490.3
624120,14008713490.3
62419,14008713490.3
624190,14008713490.3
6242,42026140470.9
62421,14008713490.3
624210,14008713490.3
62422,14008713490.3
624221,7004356745.15
624229,7004356745.15
62423,14008713490.3
624230,14008713490.3
6243,42026140470.9
62431,42026140470.9
624310,42026140470.9
6244,42026140470.9
62441,42026140470.9
624410,42026140470.9
71,278488343875.0
711,92829447958.4
7111,18565889591.7
71111,4641472397.92
711110,4641472397.92
71112,4641472397.92
711120,4641472397.92
71113,4641472397.92
711130,4641472397.92
71119,4641472397.92
711190,4641472397.92
7112,18565889591.7
71121,18565889591.7
711211,6188629863.9
711212,6188629863.9
711219,6188629863.9
7113,18565889591.7
71131,9282944795.84
711310,9282944795.84
71132,9282944795.84
711320,9282944795.84
7114,18565889591.7
71141,18565889591.7
711410,18565889591.7
7115,18565889591.7
71151,18565889591.7
711510,18565889591.7
712,92829447958.4
7121,92829447958.4
71211,23207361989.6
712110,23207361989.6
71212,23207361989.6
712120,23207361989.6
71213,23207361989.6
712130,23207361989.6
71219,23207361989.6
712190,23207361989.6
713,92829447958.4
7131,30943149319.5
71311,15471574659.7
713110,15471574659.7
71312,15471574659.7
713120,15471574659.7
7132,30943149319.5
71321,15471574659.7
713210,15471574659.7
71329,15471574659.7
713290,15471574659.7
7139,30943149319.5
71391,5157191553.25
713910,5157191553.25
71392,5157191553.25
713920,5157191553.25
71393,5157191553.25
713930,5157191553.25
71394,5157191553.25
713940,5157191553.25
71395,5157191553.25
713950,5157191553.25
71399,5157191553.25
713990,5157191553.25
72,278488343875.0
721,139244171938.0
7211,46414723979.2
72111,15471574659.7
721110,15471574659.7
72112,15471574659.7
721120,15471574659.7
72119,15471574659.7
721191,7735787329.87
721199,7735787329.87
7212,46414723979.2
72121,46414723979.2
721211,23207361989.6
721214,23207361989.6
7213,46414723979.2
72131,46414723979.2
721310,46414723979.2
722,139244171938.0
7223,46414723979.2
72231,15471574659.7
722310,15471574659.7
72232,15471574659.7
722320,15471574659.7
72233,15471574659.7
722330,15471574659.7
7224,46414723979.2
72241,46414723979.2
722410,46414723979.2
7225,46414723979.2
72251,46414723979.2
722511,11603680994.8
722513,11603680994.8
722514,11603680994.8
722515,11603680994.8
81,389093958226.0
811,97273489556.6
8111,24318372389.1
81111,8106124129.72
811111,2026531032.43
811112,2026531032.43
811113,2026531032.43
811118,2026531032.43
81112,8106124129.72
811121,4053062064.86
811122,4053062064.86
81119,8106124129.72
811191,2702041376.57
811192,2702041376.57
811198,2702041376.57
8112,24318372389.1
81121,24318372389.1
811211,6079593097.29
811212,6079593097.29
811213,6079593097.29
811219,6079593097.29
8113,24318372389.1
81131,24318372389.1
811310,24318372389.1
8114,24318372389.1
81141,6079593097.29
811411,3039796548.64
811412,3039796548.64
81142,6079593097.29
811420,6079593097.29
81143,6079593097.29
811430,6079593097.29
81149,6079593097.29
811490,6079593097.29
812,97273489556.6
8121,24318372389.1
81211,12159186194.6
812111,4053062064.86
812112,4053062064.86
812113,4053062064.86
81219,12159186194.6
812191,6079593097.29
812199,6079593097.29
8122,24318372389.1
81221,12159186194.6
812210,12159186194.6
81222,12159186194.6
812220,12159186194.6
8123,24318372389.1
81231,8106124129.72
812310,8106124129.72
81232,8106124129.72
812320,8106124129.72
81233,8106124129.72
812331,4053062064.86
812332,4053062064.86
8129,24318372389.1
81291,6079593097.29
812910,6079593097.29
81292,6079593097.29
812921,3039796548.64
812922,3039796548.64
81293,6079593097.29
812930,6079593097.29
81299,6079593097.29
812990,6079593097.29
813,97273489556.6
8131,19454697911.3
81311,19454697911.3
813110,19454697911.3
8132,19454697911.3
81321,19454697911.3
813211,6484899303.77
813212,6484899303.77
813219,6484899303.77
8133,19454697911.3
81331,19454697911.3
813311,6484899303.77
813312,6484899303.77
813319,6484899303.77
8134,19454697911.3
81341,19454697911.3
813410,19454697911.3
8139,19454697911.3
81391,3890939582.26
813910,3890939582.26
81392,3890939582.26
813920,3890939582.26
81393,3890939582.26
813930,3890939582.26
81394,3890939582.26
813940,3890939582.26
81399,3890939582.26
813990,3890939582.26
814,97273489556.6
8141,97273489556.6
81411,97273489556.6
814110,97273489556.6
92,1.53783064767e+12
921,192228830958.0
9211,192228830958.0
92111,32038138493.1
921110,32038138493.1
92112,32038138493.1
921120,32038138493.1
92113,32038138493.1
921130,32038138493.1
92114,32038138493.1
921140,32038138493.1
92115,32038138493.1
921150,32038138493.1
92119,32038138493.1
921190,32038138493.1
922,192228830958.0
9221,192228830958.0
92211,27461261565.5
922110,27461261565.5
92212,27461261565.5
922120,27461261565.5
92213,27461261565.5
922130,27461261565.5
92214,27461261565.5
922140,27461261565.5
92215,27461261565.5
922150,27461261565.5
92216,27461261565.5
922160,27461261565.5
92219,27461261565.5
922190,27461261565.5
923,192228830958.0
9231,192228830958.0
92311,48057207739.6
923110,48057207739.6
92312,48057207739.6
923120,48057207739.6
92313,48057207739.6
923130,48057207739.6
92314,48057207739.6
923140,48057207739.6
924,192228830958.0
9241,192228830958.0
92411,96114415479.2
924110,96114415479.2
92412,96114415479.2
924120,96114415479.2
925,192228830958.0
9251,192228830958.0
92511,96114415479.2
925110,96114415479.2
92512,96114415479.2
925120,96114415479.2
926,192228830958.0
9261,192228830958.0
92611,38445766191.7
926110,38445766191.7
92612,38445766191.7
926120,38445766191.7
92613,38445766191.7
926130,38445766191.7
92614,38445766191.7
926140,38445766191.7
92615,38445766191.7
926150,38445766191.7
927,192228830958.0
9271,192228830958.0
92711,192228830958.0
927110,192228830958.0
928,192228830958.0
9281,192228830958.0
92811,96114415479.2
928110,96114415479.2
92812,96114415479.2
928120,96114415479.2
